配方ID,产物,数量,机器,原料,附加参数
apple_platter,苹果拼盘(kaleidoscope_cookery:apple_platter),1,工作台,苹果(minecraft:apple) + 苹果(minecraft:apple) + 苹果(minecraft:apple) + 苹果(minecraft:apple) + 碗(minecraft:bowl),
baozi_plate,一盘包子(kaleidoscope_cookery:baozi_plate),1,工作台,包子(kaleidoscope_cookery:baozi) + 包子(kaleidoscope_cookery:baozi) + 包子(kaleidoscope_cookery:baozi) + 包子(kaleidoscope_cookery:baozi) + 包子(kaleidoscope_cookery:baozi) + 碗(minecraft:bowl),
berry_platter,浆果拼盘(kaleidoscope_cookery:berry_platter),1,工作台,甜浆果(minecraft:sweet_berries) + 甜浆果(minecraft:sweet_berries) + 甜浆果(minecraft:sweet_berries) + 甜浆果(minecraft:sweet_berries) + 发光浆果(minecraft:glow_berries) + 发光浆果(minecraft:glow_berries) + 发光浆果(minecraft:glow_berries) + 发光浆果(minecraft:glow_berries) + 碗(minecraft:bowl),
braised_beef_rice_bowl,红烧牛肉盖饭(kaleidoscope_cookery:braised_beef_rice_bowl),1,盖饭(饭碗:菜+米饭),红烧牛肉(kaleidoscope_cookery:braised_beef),
chair_acacia,金合欢木椅子(kaleidoscope_cookery:chair_acacia),1,工作台,金合欢木栅栏(minecraft:acacia_fence)×3 + 金合欢木台阶(minecraft:acacia_slab)×3,
chair_bamboo,竹椅子(kaleidoscope_cookery:chair_bamboo),1,工作台,竹块(minecraft:bamboo_block)×3 + 竹台阶(minecraft:bamboo_slab)×3,
chair_birch,白桦木椅子(kaleidoscope_cookery:chair_birch),1,工作台,白桦木栅栏(minecraft:birch_fence)×3 + 白桦木台阶(minecraft:birch_slab)×3,
chair_cherry,樱花木椅子(kaleidoscope_cookery:chair_cherry),1,工作台,樱花木栅栏(minecraft:cherry_fence)×3 + 樱花木台阶(minecraft:cherry_slab)×3,
chair_crimson,绯红木椅子(kaleidoscope_cookery:chair_crimson),1,工作台,绯红木栅栏(minecraft:crimson_fence)×3 + 绯红木台阶(minecraft:crimson_slab)×3,
chair_dark_oak,深色橡木椅子(kaleidoscope_cookery:chair_dark_oak),1,工作台,深色橡木栅栏(minecraft:dark_oak_fence)×3 + 深色橡木台阶(minecraft:dark_oak_slab)×3,
chair_jungle,丛林木椅子(kaleidoscope_cookery:chair_jungle),1,工作台,丛林木栅栏(minecraft:jungle_fence)×3 + 丛林木台阶(minecraft:jungle_slab)×3,
chair_mangrove,红树木椅子(kaleidoscope_cookery:chair_mangrove),1,工作台,红树木栅栏(minecraft:mangrove_fence)×3 + 红树木台阶(minecraft:mangrove_slab)×3,
chair_oak,橡木椅子(kaleidoscope_cookery:chair_oak),1,工作台,橡木栅栏(minecraft:oak_fence)×3 + 橡木台阶(minecraft:oak_slab)×3,
chair_spruce,云杉木椅子(kaleidoscope_cookery:chair_spruce),1,工作台,云杉木栅栏(minecraft:spruce_fence)×3 + 云杉木台阶(minecraft:spruce_slab)×3,
chair_warped,诡异木椅子(kaleidoscope_cookery:chair_warped),1,工作台,诡异木栅栏(minecraft:warped_fence)×3 + 诡异木台阶(minecraft:warped_slab)×3,
chili_ristra,辣椒串串(kaleidoscope_cookery:chili_ristra),1,工作台,红辣椒(kaleidoscope_cookery:red_chili)×6,
chopping_board,菜板(kaleidoscope_cookery:chopping_board),1,工作台,木压力板(#minecraft:wooden_pressure_plates)×6,
chopping_board_bone_from_cod,骨头(minecraft:bone),2,菜板,熟鳕鱼(minecraft:cooked_cod),切 4 刀
chopping_board_bone_from_salmon,骨头(minecraft:bone),2,菜板,熟鲑鱼(minecraft:cooked_salmon),切 4 刀
chopping_board_cooked_cow_offal,熟牛杂(kaleidoscope_cookery:cooked_cow_offal),2,菜板,牛排(minecraft:cooked_beef),切 4 刀
chopping_board_cooked_cut_small_meats_from_chicken,熟切制小肉(kaleidoscope_cookery:cooked_cut_small_meats),2,菜板,熟鸡肉(minecraft:cooked_chicken),切 4 刀
chopping_board_cooked_cut_small_meats_from_rabbit,熟切制小肉(kaleidoscope_cookery:cooked_cut_small_meats),2,菜板,熟兔肉(minecraft:cooked_rabbit),切 4 刀
chopping_board_cooked_lamb_chops,熟羊排(kaleidoscope_cookery:cooked_lamb_chops),2,菜板,熟羊肉(minecraft:cooked_mutton),切 4 刀
chopping_board_cooked_pork_belly,熟五花肉(kaleidoscope_cookery:cooked_pork_belly),2,菜板,熟猪排(minecraft:cooked_porkchop),切 4 刀
chopping_board_raw_cow_offal,生牛杂(kaleidoscope_cookery:raw_cow_offal),2,菜板,生牛肉(minecraft:beef),切 4 刀
chopping_board_raw_cut_small_meats_from_chicken,生切制小肉(kaleidoscope_cookery:raw_cut_small_meats),2,菜板,生鸡肉(minecraft:chicken),切 4 刀
chopping_board_raw_cut_small_meats_from_rabbit,生切制小肉(kaleidoscope_cookery:raw_cut_small_meats),2,菜板,生兔肉(minecraft:rabbit),切 4 刀
chopping_board_raw_lamb_chops,生羊排(kaleidoscope_cookery:raw_lamb_chops),2,菜板,生羊肉(minecraft:mutton),切 4 刀
chopping_board_raw_noodles_from_raw_dough,生面条(kaleidoscope_cookery:raw_noodles),2,菜板,面团(#c:dough),切 4 刀
chopping_board_raw_pork_belly,生五花肉(kaleidoscope_cookery:raw_pork_belly),2,菜板,生猪排(minecraft:porkchop),切 4 刀
chopping_board_sashimi_from_cod,刺身(kaleidoscope_cookery:sashimi),2,菜板,生鳕鱼(minecraft:cod),切 4 刀
chopping_board_sashimi_from_salmon,刺身(kaleidoscope_cookery:sashimi),2,菜板,生鲑鱼(minecraft:salmon),切 4 刀
chopping_board_sashimi_from_tropical_fish,刺身(kaleidoscope_cookery:sashimi),2,菜板,热带鱼(minecraft:tropical_fish),切 4 刀
chorus_fruit_platter,紫颂果拼盘(kaleidoscope_cookery:chorus_fruit_platter),1,工作台,紫颂果(minecraft:chorus_fruit) + 紫颂果(minecraft:chorus_fruit) + 紫颂果(minecraft:chorus_fruit) + 紫颂果(minecraft:chorus_fruit) + 紫颂果(minecraft:chorus_fruit) + 碗(minecraft:bowl),
cold_cut_ham_slices,冷切火腿片(kaleidoscope_cookery:cold_cut_ham_slices),1,工作台,熟五花肉(kaleidoscope_cookery:cooked_pork_belly) + 熟五花肉(kaleidoscope_cookery:cooked_pork_belly) + 熟五花肉(kaleidoscope_cookery:cooked_pork_belly) + 熟五花肉(kaleidoscope_cookery:cooked_pork_belly) + 熟五花肉(kaleidoscope_cookery:cooked_pork_belly) + 熟五花肉(kaleidoscope_cookery:cooked_pork_belly) + 熟五花肉(kaleidoscope_cookery:cooked_pork_belly) + 熟五花肉(kaleidoscope_cookery:cooked_pork_belly) + 碗(minecraft:bowl),
cold_roasted_meat,冷肉炙(kaleidoscope_cookery:cold_roasted_meat),1,工作台,牛排(minecraft:cooked_beef) + 牛排(minecraft:cooked_beef) + 牛排(minecraft:cooked_beef) + 碗(minecraft:bowl),
cold_style_sashimi,寒带风味刺身(kaleidoscope_cookery:cold_style_sashimi),1,工作台,雪球(minecraft:snowball) + 雪球(minecraft:snowball) + 雪球(minecraft:snowball) + 刺身(kaleidoscope_cookery:sashimi) + 刺身(kaleidoscope_cookery:sashimi) + 刺身(kaleidoscope_cookery:sashimi) + 刺身(kaleidoscope_cookery:sashimi) + 碗(minecraft:bowl),
cook_stool_acacia,金合欢木厨娘凳(kaleidoscope_cookery:cook_stool_acacia),1,工作台,金合欢木板(minecraft:acacia_planks)×5,
cook_stool_bamboo,竹厨娘凳(kaleidoscope_cookery:cook_stool_bamboo),1,工作台,竹块(minecraft:bamboo_block)×5,
cook_stool_birch,白桦木厨娘凳(kaleidoscope_cookery:cook_stool_birch),1,工作台,白桦木板(minecraft:birch_planks)×5,
cook_stool_cherry,樱花木厨娘凳(kaleidoscope_cookery:cook_stool_cherry),1,工作台,樱花木板(minecraft:cherry_planks)×5,
cook_stool_crimson,绯红木厨娘凳(kaleidoscope_cookery:cook_stool_crimson),1,工作台,绯红木板(minecraft:crimson_planks)×5,
cook_stool_dark_oak,深色橡木厨娘凳(kaleidoscope_cookery:cook_stool_dark_oak),1,工作台,深色橡木木板(minecraft:dark_oak_planks)×5,
cook_stool_jungle,丛林木厨娘凳(kaleidoscope_cookery:cook_stool_jungle),1,工作台,丛林木板(minecraft:jungle_planks)×5,
cook_stool_mangrove,红树木厨娘凳(kaleidoscope_cookery:cook_stool_mangrove),1,工作台,红树木板(minecraft:mangrove_planks)×5,
cook_stool_oak,橡木厨娘凳(kaleidoscope_cookery:cook_stool_oak),1,工作台,橡木木板(minecraft:oak_planks)×5,
cook_stool_spruce,云杉木厨娘凳(kaleidoscope_cookery:cook_stool_spruce),1,工作台,云杉木板(minecraft:spruce_planks)×5,
cook_stool_warped,诡异木厨娘凳(kaleidoscope_cookery:cook_stool_warped),1,工作台,诡异木板(minecraft:warped_planks)×5,
desert_style_sashimi,沙漠风味刺身(kaleidoscope_cookery:desert_style_sashimi),1,工作台,仙人掌(minecraft:cactus) + 仙人掌(minecraft:cactus) + 刺身(kaleidoscope_cookery:sashimi) + 刺身(kaleidoscope_cookery:sashimi) + 刺身(kaleidoscope_cookery:sashimi) + 刺身(kaleidoscope_cookery:sashimi) + 碗(minecraft:bowl),
diamond_kitchen_knife,钻石菜刀(kaleidoscope_cookery:diamond_kitchen_knife),1,工作台,钻石(#c:gems/diamond)×3 + 木棍(minecraft:stick),
empty_cup,空茶杯(kaleidoscope_cookery:empty_cup),1,工作台,花盆(minecraft:flower_pot),
enamel_basin,搪瓷盆子(kaleidoscope_cookery:enamel_basin),1,工作台,石按钮(minecraft:stone_button) + 重型测重压力板(minecraft:heavy_weighted_pressure_plate) + 桶(minecraft:bucket),
end_style_sashimi,末地风味刺身(kaleidoscope_cookery:end_style_sashimi),1,工作台,紫颂果(minecraft:chorus_fruit) + 紫颂果(minecraft:chorus_fruit) + 紫颂果(minecraft:chorus_fruit) + 刺身(kaleidoscope_cookery:sashimi) + 刺身(kaleidoscope_cookery:sashimi) + 刺身(kaleidoscope_cookery:sashimi) + 刺身(kaleidoscope_cookery:sashimi) + 碗(minecraft:bowl),
farmer_boots,农夫皮靴(kaleidoscope_cookery:farmer_boots),1,工作台,铁锭(#c:ingots/iron)×2 + 皮革(minecraft:leather)×2,
farmer_chest_plate,农夫围裙(kaleidoscope_cookery:farmer_chest_plate),1,工作台,铁锭(#c:ingots/iron)×2 + 皮革(minecraft:leather)×6,
farmer_leggings,农夫长裤(kaleidoscope_cookery:farmer_leggings),1,工作台,皮革(minecraft:leather)×6 + 铁锭(#c:ingots/iron),
fish_flavored_shredded_pork_rice_bowl,鱼香肉丝盖饭(kaleidoscope_cookery:fish_flavored_shredded_pork_rice_bowl),1,盖饭(饭碗:菜+米饭),鱼香肉丝(kaleidoscope_cookery:fish_flavored_shredded_pork),
flex_pot_blaze_lamb_chop,烈焰羊排(kaleidoscope_cookery:blaze_lamb_chop),1,"炒锅(灵活配方,可替换原料)",烈焰粉(minecraft:blaze_powder) + 生羊肉(#c:foods/raw_mutton),载体:碗(minecraft:bowl)
flex_pot_braised_beef,红烧牛肉(kaleidoscope_cookery:braised_beef),1,"炒锅(灵活配方,可替换原料)",生牛肉(#c:foods/raw_beef) + 辣椒(#c:crops/chilipepper),载体:碗(minecraft:bowl)
flex_pot_braised_pork_ribs,红烧排骨(kaleidoscope_cookery:braised_pork_ribs),1,"炒锅(灵活配方,可替换原料)",骨头(minecraft:bone) + 生猪排(#c:foods/raw_pork),载体:碗(minecraft:bowl)
flex_pot_candied_potato,拔丝土豆(kaleidoscope_cookery:candied_potato),1,"炒锅(灵活配方,可替换原料)",糖(minecraft:sugar) + 马铃薯(minecraft:potato),载体:碗(minecraft:bowl)
flex_pot_chorus_fried_egg,荷包紫颂烧(kaleidoscope_cookery:chorus_fried_egg),1,"炒锅(灵活配方,可替换原料)",蛋(#c:eggs) + 紫颂果(minecraft:chorus_fruit),载体:碗(minecraft:bowl)
flex_pot_crystal_lamb_chop,水晶羊排(kaleidoscope_cookery:crystal_lamb_chop),1,"炒锅(灵活配方,可替换原料)",紫水晶碎片(minecraft:amethyst_shard) + 生羊肉(#c:foods/raw_mutton),载体:碗(minecraft:bowl)
flex_pot_dongpo_pork,东坡肉(kaleidoscope_cookery:dongpo_pork),1,"炒锅(灵活配方,可替换原料)",生猪排(#c:foods/raw_pork) + 竹子(minecraft:bamboo),载体:碗(minecraft:bowl)
flex_pot_donkey_burger,驴肉火烧(kaleidoscope_cookery:donkey_burger),1,"炒锅(灵活配方,可替换原料)",辣椒(#c:crops/chilipepper) + 面团(#c:dough) + 生切制小肉(kaleidoscope_cookery:raw_cut_small_meats),
flex_pot_egg_fried_rice,蛋炒饭(kaleidoscope_cookery:egg_fried_rice),1,"炒锅(灵活配方,可替换原料)",蛋(#c:eggs) + 熟米饭(#c:foods/cooked_rice),载体:碗(minecraft:bowl)
flex_pot_fish_flavored_shredded_pork,鱼香肉丝(kaleidoscope_cookery:fish_flavored_shredded_pork),1,"炒锅(灵活配方,可替换原料)",生猪排(#c:foods/raw_pork) + 辣椒(#c:crops/chilipepper) + 蘑菇(#c:mushrooms),载体:碗(minecraft:bowl)
flex_pot_fondant_pie,翻糖派(kaleidoscope_cookery:fondant_pie),1,"炒锅(灵活配方,可替换原料)",糖(minecraft:sugar) + 南瓜派(minecraft:pumpkin_pie),载体:碗(minecraft:bowl)
flex_pot_fondant_spider_eye,翻糖蛛眼(kaleidoscope_cookery:fondant_spider_eye),1,"炒锅(灵活配方,可替换原料)",糖(minecraft:sugar) + 蜘蛛眼(minecraft:spider_eye),载体:碗(minecraft:bowl)
flex_pot_fried_caterpillar,油炸猪儿虫(kaleidoscope_cookery:fried_caterpillar),1,"炒锅(灵活配方,可替换原料)",毛虫(#kaleidoscope_cookery:caterpillars),载体:碗(minecraft:bowl)
flex_pot_fried_spring_roll,炸春卷(kaleidoscope_cookery:fried_spring_roll),1,"炒锅(灵活配方,可替换原料)",幻翼膜(minecraft:phantom_membrane) + 生猪排(#c:foods/raw_pork) + 蘑菇(#c:mushrooms),载体:碗(minecraft:bowl)
flex_pot_frost_lamb_chop,凛冬羊排(kaleidoscope_cookery:frost_lamb_chop),1,"炒锅(灵活配方,可替换原料)",蓝冰(minecraft:blue_ice) + 生羊肉(#c:foods/raw_mutton),载体:碗(minecraft:bowl)
flex_pot_oil_splashed_fish,油泼鱼(kaleidoscope_cookery:oil_splashed_fish),1,"炒锅(灵活配方,可替换原料)",生鱼(#c:raw_fishes) + 辣椒(#c:crops/chilipepper),载体:碗(minecraft:bowl)
flex_pot_pan_seared_knight_steak,香煎骑士牛排(kaleidoscope_cookery:pan_seared_knight_steak),1,"炒锅(灵活配方,可替换原料)",甜浆果(minecraft:sweet_berries) + 生牛肉(#c:foods/raw_beef) + 骨头(minecraft:bone),载体:碗(minecraft:bowl)
flex_pot_scramble_egg_with_tomatoes,番茄炒蛋(kaleidoscope_cookery:scramble_egg_with_tomatoes),1,"炒锅(灵活配方,可替换原料)",蛋(#c:eggs) + 番茄(#c:crops/tomato),载体:碗(minecraft:bowl)
flex_pot_slime_ball_meal,黏液饭(kaleidoscope_cookery:slime_ball_meal),1,"炒锅(灵活配方,可替换原料)",粘液球(minecraft:slime_ball),载体:碗(minecraft:bowl)
flex_pot_spicy_chicken,辣子鸡(kaleidoscope_cookery:spicy_chicken),1,"炒锅(灵活配方,可替换原料)",生鸡肉(#c:foods/raw_chicken) + 辣椒(#c:crops/chilipepper),载体:碗(minecraft:bowl)
flex_pot_spicy_rabbit_head,麻辣兔头(kaleidoscope_cookery:spicy_rabbit_head),1,"炒锅(灵活配方,可替换原料)",生兔肉(minecraft:rabbit) + 辣椒(#c:crops/chilipepper),载体:碗(minecraft:bowl)
flex_pot_stargazy_pie,仰望星空派(kaleidoscope_cookery:stargazy_pie),1,"炒锅(灵活配方,可替换原料)",生鱼(#c:raw_fishes) + 南瓜派(minecraft:pumpkin_pie),载体:碗(minecraft:bowl)
flex_pot_sticky_candy,牛皮糖(kaleidoscope_cookery:sticky_candy),1,"炒锅(灵活配方,可替换原料)",皮革(minecraft:leather) + 糖(minecraft:sugar),
flex_pot_stir_fried_pork_with_peppers,青椒炒肉(kaleidoscope_cookery:stir_fried_pork_with_peppers),1,"炒锅(灵活配方,可替换原料)",生猪排(#c:foods/raw_pork) + 辣椒(#c:crops/chilipepper),载体:碗(minecraft:bowl)
flex_pot_stuffed_tiger_skin_pepper,虎皮青椒酿肉(kaleidoscope_cookery:stuffed_tiger_skin_pepper),1,"炒锅(灵活配方,可替换原料)",青辣椒(kaleidoscope_cookery:green_chili) + 生切制小肉(kaleidoscope_cookery:raw_cut_small_meats),载体:碗(minecraft:bowl)
flex_pot_sweet_and_sour_ender_pearls,珍珠咕噜肉(kaleidoscope_cookery:sweet_and_sour_ender_pearls),1,"炒锅(灵活配方,可替换原料)",末影珍珠(minecraft:ender_pearl) + 末影之眼(minecraft:ender_eye),载体:碗(minecraft:bowl)
flex_pot_sweet_and_sour_pork,糖醋里脊(kaleidoscope_cookery:sweet_and_sour_pork),1,"炒锅(灵活配方,可替换原料)",生猪排(#c:foods/raw_pork) + 糖(minecraft:sugar),载体:碗(minecraft:bowl)
flex_stockpot_beef_meatball_soup,牛丸汤(kaleidoscope_cookery:beef_meatball_soup),1,"汤锅(灵活配方,可替换原料)",生丸子(kaleidoscope_cookery:raw_meatball) + 生菜(#c:crops/lettuce),
flex_stockpot_beef_noodle,牛肉面(kaleidoscope_cookery:beef_noodle),1,"汤锅(灵活配方,可替换原料)",生牛肉(#c:foods/raw_beef) + 生面条(kaleidoscope_cookery:raw_noodles),
flex_stockpot_borscht,罗宋汤(kaleidoscope_cookery:borscht),1,"汤锅(灵活配方,可替换原料)",生牛肉(#c:foods/raw_beef) + 番茄(#c:crops/tomato),
flex_stockpot_braised_beef_with_potatoes,土豆炖牛肉(kaleidoscope_cookery:braised_beef_with_potatoes),1,"汤锅(灵活配方,可替换原料)",生牛肉(#c:foods/raw_beef) + 马铃薯(minecraft:potato),
flex_stockpot_brown_mushroom_pot_soup,棕蘑菇瓦罐汤(kaleidoscope_cookery:brown_mushroom_pot_soup),1,"汤锅(灵活配方,可替换原料)",棕色蘑菇(minecraft:brown_mushroom),载体:花盆(minecraft:flower_pot)
flex_stockpot_buddha_jumps_over_the_wall,佛跳墙(kaleidoscope_cookery:buddha_jumps_over_the_wall),1,"汤锅(灵活配方,可替换原料)",蛋(#c:eggs) + 幻翼膜(minecraft:phantom_membrane) + 生菜(#c:crops/lettuce),载体:花盆(minecraft:flower_pot)
flex_stockpot_chicken_and_mushroom_stew,小鸡炖蘑菇(kaleidoscope_cookery:chicken_and_mushroom_stew),1,"汤锅(灵活配方,可替换原料)",生鸡肉(#c:foods/raw_chicken) + 蘑菇(#c:mushrooms),
flex_stockpot_crimson_fungus_pot_soup,绯红菌瓦罐汤(kaleidoscope_cookery:crimson_fungus_pot_soup),1,"汤锅(灵活配方,可替换原料)",绯红菌(minecraft:crimson_fungus),载体:花盆(minecraft:flower_pot)
flex_stockpot_dough_drop_soup,疙瘩汤(kaleidoscope_cookery:dough_drop_soup),1,"汤锅(灵活配方,可替换原料)",生菜(#c:crops/lettuce) + 面粉(#c:flour),
flex_stockpot_fearsome_thick_soup,恐惧浓汤(kaleidoscope_cookery:fearsome_thick_soup),1,"汤锅(灵活配方,可替换原料)",腐肉(minecraft:rotten_flesh) + 幽匿块(minecraft:sculk),
flex_stockpot_four_joy_meatball_soup,四喜丸子汤(kaleidoscope_cookery:four_joy_meatball_soup),1,"汤锅(灵活配方,可替换原料)",生丸子(kaleidoscope_cookery:raw_meatball),
flex_stockpot_hot_dry_noodles,热干面(kaleidoscope_cookery:hot_dry_noodles),1,"汤锅(灵活配方,可替换原料)",辣椒(#c:crops/chilipepper) + 生面条(kaleidoscope_cookery:raw_noodles),
flex_stockpot_hui_noodle,羊肉烩面(kaleidoscope_cookery:hui_noodle),1,"汤锅(灵活配方,可替换原料)",生羊肉(#c:foods/raw_mutton) + 生面条(kaleidoscope_cookery:raw_noodles),
flex_stockpot_laba_congee,腊八粥(kaleidoscope_cookery:laba_congee),1,"汤锅(灵活配方,可替换原料)",种子(#c:seeds) + 糖(minecraft:sugar),
flex_stockpot_lamb_and_radish_soup,萝卜羊肉汤(kaleidoscope_cookery:lamb_and_radish_soup),1,"汤锅(灵活配方,可替换原料)",生羊肉(#c:foods/raw_mutton) + 胡萝卜(minecraft:carrot),
flex_stockpot_numbing_spicy_chicken,椒麻鸡(kaleidoscope_cookery:numbing_spicy_chicken),1,"汤锅(灵活配方,可替换原料)",辣椒(#c:crops/chilipepper) + 生鸡肉(#c:foods/raw_chicken),
flex_stockpot_pork_bone_soup,大骨汤(kaleidoscope_cookery:pork_bone_soup),1,"汤锅(灵活配方,可替换原料)",骨头(minecraft:bone),
flex_stockpot_pufferfish_soup,河豚汤(kaleidoscope_cookery:pufferfish_soup),1,"汤锅(灵活配方,可替换原料)",河豚(minecraft:pufferfish) + 生菜(#c:crops/lettuce),
flex_stockpot_pufferfish_soup_entity,河豚汤(kaleidoscope_cookery:pufferfish_soup),1,"汤锅(灵活配方,可替换原料)",生菜(#c:crops/lettuce),
flex_stockpot_red_mushroom_pot_soup,红蘑菇瓦罐汤(kaleidoscope_cookery:red_mushroom_pot_soup),1,"汤锅(灵活配方,可替换原料)",红色蘑菇(minecraft:red_mushroom),载体:花盆(minecraft:flower_pot)
flex_stockpot_seafood_miso_soup,海鲜味噌汤(kaleidoscope_cookery:seafood_miso_soup),1,"汤锅(灵活配方,可替换原料)",生鱼(#c:raw_fishes) + 生菜(#c:crops/lettuce),
flex_stockpot_seafood_miso_soup_cod_entity,海鲜味噌汤(kaleidoscope_cookery:seafood_miso_soup),1,"汤锅(灵活配方,可替换原料)",生菜(#c:crops/lettuce),
flex_stockpot_seafood_miso_soup_salmon_entity,海鲜味噌汤(kaleidoscope_cookery:seafood_miso_soup),1,"汤锅(灵活配方,可替换原料)",生菜(#c:crops/lettuce),
flex_stockpot_seafood_miso_soup_tropical_entity,海鲜味噌汤(kaleidoscope_cookery:seafood_miso_soup),1,"汤锅(灵活配方,可替换原料)",生菜(#c:crops/lettuce),
flex_stockpot_spicy_blood_stew,毛血旺(kaleidoscope_cookery:spicy_blood_stew),1,"汤锅(灵活配方,可替换原料)",生猪排(#c:foods/raw_pork) + 辣椒(#c:crops/chilipepper) + 烈焰粉(minecraft:blaze_powder),
flex_stockpot_udon_noodle,乌冬面(kaleidoscope_cookery:udon_noodle),1,"汤锅(灵活配方,可替换原料)",生菜(#c:crops/lettuce) + 蛋(#c:eggs) + 生面条(kaleidoscope_cookery:raw_noodles),
flex_stockpot_warped_fungus_pot_soup,诡异菌瓦罐汤(kaleidoscope_cookery:warped_fungus_pot_soup),1,"汤锅(灵活配方,可替换原料)",诡异菌(minecraft:warped_fungus),载体:花盆(minecraft:flower_pot)
flex_stockpot_wild_mushroom_rabbit_soup,野菌兔肉汤(kaleidoscope_cookery:wild_mushroom_rabbit_soup),1,"汤锅(灵活配方,可替换原料)",生兔肉(minecraft:rabbit) + 蘑菇(#c:mushrooms),
fruit_basket,果篮(kaleidoscope_cookery:fruit_basket),1,工作台,木棍(minecraft:stick) + 木板(#minecraft:planks)×5 + 箱子(minecraft:chest),
gold_kitchen_knife,金菜刀(kaleidoscope_cookery:gold_kitchen_knife),1,工作台,金锭(#c:ingots/gold)×3 + 木棍(minecraft:stick),
golden_salad,黄金沙拉(kaleidoscope_cookery:golden_salad),1,工作台,金苹果(minecraft:golden_apple) + 金苹果(minecraft:golden_apple) + 金胡萝卜(minecraft:golden_carrot) + 金胡萝卜(minecraft:golden_carrot) + 闪烁的西瓜片(minecraft:glistering_melon_slice) + 闪烁的西瓜片(minecraft:glistering_melon_slice) + 碗(minecraft:bowl),
iron_kitchen_knife,铁菜刀(kaleidoscope_cookery:iron_kitchen_knife),1,工作台,铁锭(#c:ingots/iron)×3 + 木棍(minecraft:stick),
kitchen_shovel,锅铲(kaleidoscope_cookery:kitchen_shovel),1,工作台,铁锭(#c:ingots/iron) + 铁粒(#c:nuggets/iron) + 木棍(minecraft:stick),
kitchenware_racks,厨具架(kaleidoscope_cookery:kitchenware_racks),1,工作台,木棍(minecraft:stick)×3 + 铁锭(#c:ingots/iron)×2 + 铁粒(#c:nuggets/iron),
millstone,石磨(kaleidoscope_cookery:millstone),1,工作台,木栅栏(#c:fences/wooden) + 木棍(minecraft:stick) + 砂轮(minecraft:grindstone) + 平滑石头(minecraft:smooth_stone)×3,
millstone_amethyst_shard_from_amethyst_block,紫水晶碎片(minecraft:amethyst_shard),3,石磨,紫水晶块(minecraft:amethyst_block),
millstone_black_dye_from_wither_rose,黑色染料(minecraft:black_dye),2,石磨,凋灵玫瑰(minecraft:wither_rose),
millstone_blue_dye_from_cornflower,蓝色染料(minecraft:blue_dye),2,石磨,矢车菊(minecraft:cornflower),
millstone_bone_meal_from_bone,骨粉(minecraft:bone_meal),5,石磨,骨头(minecraft:bone),
millstone_coal_from_coal_ore,煤炭(minecraft:coal),3,石磨,煤矿石(minecraft:coal_ore),
millstone_coal_from_deepslate_coal_ore,煤炭(minecraft:coal),3,石磨,深层煤矿石(minecraft:deepslate_coal_ore),
millstone_cobblestone_from_stone,圆石(minecraft:cobblestone),1,石磨,石头(minecraft:stone),
millstone_cyan_dye_from_pitcher_plant,青色染料(minecraft:cyan_dye),2,石磨,瓶子草(minecraft:pitcher_plant),
millstone_diamond_from_deepslate_diamond_ore,钻石(minecraft:diamond),2,石磨,深层钻石矿石(minecraft:deepslate_diamond_ore),
millstone_diamond_from_diamond_ore,钻石(minecraft:diamond),2,石磨,钻石矿石(minecraft:diamond_ore),
millstone_emerald_from_deepslate_emerald_ore,绿宝石(minecraft:emerald),2,石磨,深层绿宝石矿石(minecraft:deepslate_emerald_ore),
millstone_emerald_from_emerald_ore,绿宝石(minecraft:emerald),2,石磨,绿宝石矿石(minecraft:emerald_ore),
millstone_flour_from_wheat,面粉(kaleidoscope_cookery:flour),1,石磨,小麦(minecraft:wheat),
millstone_gold_nugget_from_gilded_blackstone,金粒(minecraft:gold_nugget),3,石磨,镶金黑石(minecraft:gilded_blackstone),
millstone_gold_nugget_from_nether_gold_ore,金粒(minecraft:gold_nugget),5,石磨,下界金矿石(minecraft:nether_gold_ore),
millstone_green_dye_from_cactus,绿色染料(minecraft:green_dye),2,石磨,仙人掌(minecraft:cactus),
millstone_green_dye_from_fern,绿色染料(minecraft:green_dye),1,石磨,蕨(minecraft:fern),
millstone_green_dye_from_large_fern,绿色染料(minecraft:green_dye),3,石磨,大型蕨(minecraft:large_fern),
millstone_gunpowder_from_flint,火药(minecraft:gunpowder),1,石磨,燧石(minecraft:flint),
millstone_lapis_lazuli_from_deepslate_lapis_ore,青金石(minecraft:lapis_lazuli),7,石磨,深层青金石矿石(minecraft:deepslate_lapis_ore),
millstone_lapis_lazuli_from_lapis_ore,青金石(minecraft:lapis_lazuli),7,石磨,青金石矿石(minecraft:lapis_ore),
millstone_light_blue_dye_from_blue_orchid,淡蓝色染料(minecraft:light_blue_dye),2,石磨,兰花(minecraft:blue_orchid),
millstone_light_gray_dye_from_azure_bluet,淡灰色染料(minecraft:light_gray_dye),2,石磨,蓝花美耳草(minecraft:azure_bluet),
millstone_light_gray_dye_from_oxeye_daisy,淡灰色染料(minecraft:light_gray_dye),2,石磨,滨菊(minecraft:oxeye_daisy),
millstone_magenta_dye_from_allium,品红色染料(minecraft:magenta_dye),2,石磨,绒球葱(minecraft:allium),
millstone_magenta_dye_from_lilac,品红色染料(minecraft:magenta_dye),3,石磨,丁香(minecraft:lilac),
millstone_oil_from_seeds,油脂(kaleidoscope_cookery:oil),1,石磨,种子(#c:seeds),
millstone_orange_dye_from_orange_tulip,橙色染料(minecraft:orange_dye),2,石磨,橙色郁金香(minecraft:orange_tulip),
millstone_orange_dye_from_torchflower,橙色染料(minecraft:orange_dye),2,石磨,火把花(minecraft:torchflower),
millstone_pink_dye_from_peony,粉红色染料(minecraft:pink_dye),3,石磨,牡丹(minecraft:peony),
millstone_pink_dye_from_pink_petals,粉红色染料(minecraft:pink_dye),2,石磨,粉红色花瓣(minecraft:pink_petals),
millstone_pink_dye_from_pink_tulip,粉红色染料(minecraft:pink_dye),2,石磨,粉色郁金香(minecraft:pink_tulip),
millstone_polished_andesite_from_andesite,磨制安山岩(minecraft:polished_andesite),1,石磨,安山岩(minecraft:andesite),
millstone_polished_basalt_from_basalt,磨制玄武岩(minecraft:polished_basalt),1,石磨,玄武岩(minecraft:basalt),
millstone_polished_basalt_from_smooth_basalt,磨制玄武岩(minecraft:polished_basalt),1,石磨,平滑玄武岩(minecraft:smooth_basalt),
millstone_polished_blackstone_from_blackstone,磨制黑石(minecraft:polished_blackstone),1,石磨,黑石(minecraft:blackstone),
millstone_polished_deepslate_from_cobbled_deepslate,磨制深板岩(minecraft:polished_deepslate),1,石磨,深板岩圆石(minecraft:cobbled_deepslate),
millstone_polished_deepslate_from_deepslate,磨制深板岩(minecraft:polished_deepslate),1,石磨,深板岩(minecraft:deepslate),
millstone_polished_diorite_from_diorite,磨制闪长岩(minecraft:polished_diorite),1,石磨,闪长岩(minecraft:diorite),
millstone_polished_granite_from_granite,磨制花岗岩(minecraft:polished_granite),1,石磨,花岗岩(minecraft:granite),
millstone_quartz_from_chiseled_quartz_block,下界石英(minecraft:quartz),3,石磨,錾制石英块(minecraft:chiseled_quartz_block),
millstone_quartz_from_nether_quartz_ore,下界石英(minecraft:quartz),3,石磨,下界石英矿石(minecraft:nether_quartz_ore),
millstone_quartz_from_quartz_block,下界石英(minecraft:quartz),3,石磨,石英块(minecraft:quartz_block),
millstone_quartz_from_quartz_bricks,下界石英(minecraft:quartz),3,石磨,石英砖(minecraft:quartz_bricks),
millstone_quartz_from_quartz_pillar,下界石英(minecraft:quartz),3,石磨,石英柱(minecraft:quartz_pillar),
millstone_quartz_from_smooth_quartz,下界石英(minecraft:quartz),3,石磨,平滑石英块(minecraft:smooth_quartz),
millstone_raw_copper_from_copper_ore,粗铜(minecraft:raw_copper),5,石磨,铜矿石(minecraft:copper_ore),
millstone_raw_copper_from_deepslate_copper_ore,粗铜(minecraft:raw_copper),5,石磨,深层铜矿石(minecraft:deepslate_copper_ore),
millstone_raw_gold_from_deepslate_gold_ore,粗金(minecraft:raw_gold),3,石磨,深层金矿石(minecraft:deepslate_gold_ore),
millstone_raw_gold_from_gold_ore,粗金(minecraft:raw_gold),3,石磨,金矿石(minecraft:gold_ore),
millstone_raw_iron_from_deepslate_iron_ore,粗铁(minecraft:raw_iron),3,石磨,深层铁矿石(minecraft:deepslate_iron_ore),
millstone_raw_iron_from_iron_ore,粗铁(minecraft:raw_iron),3,石磨,铁矿石(minecraft:iron_ore),
millstone_red_dye_from_beetroot,红色染料(minecraft:red_dye),2,石磨,甜菜根(minecraft:beetroot),
millstone_red_dye_from_poppy,红色染料(minecraft:red_dye),2,石磨,虞美人(minecraft:poppy),
millstone_red_dye_from_red_tulip,红色染料(minecraft:red_dye),2,石磨,红色郁金香(minecraft:red_tulip),
millstone_red_dye_from_rose_bush,红色染料(minecraft:red_dye),3,石磨,玫瑰丛(minecraft:rose_bush),
millstone_redstone_from_deepslate_redstone_ore,红石粉(minecraft:redstone),7,石磨,深层红石矿石(minecraft:deepslate_redstone_ore),
millstone_redstone_from_redstone_ore,红石粉(minecraft:redstone),7,石磨,红石矿石(minecraft:redstone_ore),
millstone_rice_from_rice_panicle,稻米(kaleidoscope_cookery:rice),3,石磨,稻穗(kaleidoscope_cookery:rice_panicle),
millstone_sand_from_gravel,沙子(minecraft:sand),1,石磨,砂砾(#c:gravels),
millstone_smooth_red_sandstone_from_red_sand,平滑红砂岩(minecraft:smooth_red_sandstone),1,石磨,红沙(#c:sands/red),
millstone_smooth_red_sandstone_from_red_sandstone,平滑红砂岩(minecraft:smooth_red_sandstone),1,石磨,红砂岩(minecraft:red_sandstone),
millstone_smooth_sandstone_from_sand,平滑砂岩(minecraft:smooth_sandstone),1,石磨,沙子(#c:sands/colorless),
millstone_smooth_sandstone_from_sandstone,平滑砂岩(minecraft:smooth_sandstone),1,石磨,砂岩(minecraft:sandstone),
millstone_smooth_stone_from_cobblestone,平滑石头(minecraft:smooth_stone),1,石磨,圆石(minecraft:cobblestone),
millstone_string_from_black_wool,线(minecraft:string),3,石磨,黑色羊毛(minecraft:black_wool),
millstone_string_from_blue_wool,线(minecraft:string),3,石磨,蓝色羊毛(minecraft:blue_wool),
millstone_string_from_brown_wool,线(minecraft:string),3,石磨,棕色羊毛(minecraft:brown_wool),
millstone_string_from_cyan_wool,线(minecraft:string),3,石磨,青色羊毛(minecraft:cyan_wool),
millstone_string_from_gray_wool,线(minecraft:string),3,石磨,灰色羊毛(minecraft:gray_wool),
millstone_string_from_green_wool,线(minecraft:string),3,石磨,绿色羊毛(minecraft:green_wool),
millstone_string_from_light_blue_wool,线(minecraft:string),3,石磨,淡蓝色羊毛(minecraft:light_blue_wool),
millstone_string_from_light_gray_wool,线(minecraft:string),3,石磨,淡灰色羊毛(minecraft:light_gray_wool),
millstone_string_from_lime_wool,线(minecraft:string),3,石磨,黄绿色羊毛(minecraft:lime_wool),
millstone_string_from_magenta_wool,线(minecraft:string),3,石磨,品红色羊毛(minecraft:magenta_wool),
millstone_string_from_orange_wool,线(minecraft:string),3,石磨,橙色羊毛(minecraft:orange_wool),
millstone_string_from_pink_wool,线(minecraft:string),3,石磨,粉红色羊毛(minecraft:pink_wool),
millstone_string_from_purple_wool,线(minecraft:string),3,石磨,紫色羊毛(minecraft:purple_wool),
millstone_string_from_red_wool,线(minecraft:string),3,石磨,红色羊毛(minecraft:red_wool),
millstone_string_from_white_wool,线(minecraft:string),3,石磨,白色羊毛(minecraft:white_wool),
millstone_string_from_yellow_wool,线(minecraft:string),3,石磨,黄色羊毛(minecraft:yellow_wool),
millstone_white_dye_from_lily_of_the_valley,白色染料(minecraft:white_dye),2,石磨,铃兰(minecraft:lily_of_the_valley),
millstone_white_dye_from_white_tulip,白色染料(minecraft:white_dye),2,石磨,白色郁金香(minecraft:white_tulip),
millstone_yellow_dye_from_dandelion,黄色染料(minecraft:yellow_dye),2,石磨,蒲公英(minecraft:dandelion),
millstone_yellow_dye_from_sunflower,黄色染料(minecraft:yellow_dye),3,石磨,向日葵(minecraft:sunflower),
nether_style_sashimi,下界风味刺身(kaleidoscope_cookery:nether_style_sashimi),1,工作台,绯红菌(minecraft:crimson_fungus) + 诡异菌(minecraft:warped_fungus) + 刺身(kaleidoscope_cookery:sashimi) + 刺身(kaleidoscope_cookery:sashimi) + 刺身(kaleidoscope_cookery:sashimi) + 刺身(kaleidoscope_cookery:sashimi) + 碗(minecraft:bowl),
oil,油脂(kaleidoscope_cookery:oil),9,工作台,油脂块(kaleidoscope_cookery:oil_block),
oil_block,油脂块(kaleidoscope_cookery:oil_block),1,工作台,油脂(kaleidoscope_cookery:oil)×9,
oil_pot,油壶(kaleidoscope_cookery:oil_pot),1,工作台,重型测重压力板(minecraft:heavy_weighted_pressure_plate) + 桶(minecraft:bucket) + 木棍(minecraft:stick),
pot,炒锅(kaleidoscope_cookery:pot),1,工作台,铁锭(#c:ingots/iron)×7,
pot_beef_to_cooked_beef_1,牛排(minecraft:cooked_beef),1,"炒锅(置于炉灶上,依次加油/加料/翻炒/盛菜)",生牛肉(minecraft:beef),
pot_beef_to_cooked_beef_2,牛排(minecraft:cooked_beef),2,"炒锅(置于炉灶上,依次加油/加料/翻炒/盛菜)",生牛肉(minecraft:beef) + 生牛肉(minecraft:beef),
pot_beef_to_cooked_beef_3,牛排(minecraft:cooked_beef),3,"炒锅(置于炉灶上,依次加油/加料/翻炒/盛菜)",生牛肉(minecraft:beef) + 生牛肉(minecraft:beef) + 生牛肉(minecraft:beef),
pot_beef_to_cooked_beef_4,牛排(minecraft:cooked_beef),4,"炒锅(置于炉灶上,依次加油/加料/翻炒/盛菜)",生牛肉(minecraft:beef) + 生牛肉(minecraft:beef) + 生牛肉(minecraft:beef) + 生牛肉(minecraft:beef),
pot_beef_to_cooked_beef_5,牛排(minecraft:cooked_beef),5,"炒锅(置于炉灶上,依次加油/加料/翻炒/盛菜)",生牛肉(minecraft:beef) + 生牛肉(minecraft:beef) + 生牛肉(minecraft:beef) + 生牛肉(minecraft:beef) + 生牛肉(minecraft:beef),
pot_beef_to_cooked_beef_6,牛排(minecraft:cooked_beef),6,"炒锅(置于炉灶上,依次加油/加料/翻炒/盛菜)",生牛肉(minecraft:beef) + 生牛肉(minecraft:beef) + 生牛肉(minecraft:beef) + 生牛肉(minecraft:beef) + 生牛肉(minecraft:beef) + 生牛肉(minecraft:beef),
pot_beef_to_cooked_beef_7,牛排(minecraft:cooked_beef),7,"炒锅(置于炉灶上,依次加油/加料/翻炒/盛菜)",生牛肉(minecraft:beef) + 生牛肉(minecraft:beef) + 生牛肉(minecraft:beef) + 生牛肉(minecraft:beef) + 生牛肉(minecraft:beef) + 生牛肉(minecraft:beef) + 生牛肉(minecraft:beef),
pot_beef_to_cooked_beef_8,牛排(minecraft:cooked_beef),8,"炒锅(置于炉灶上,依次加油/加料/翻炒/盛菜)",生牛肉(minecraft:beef) + 生牛肉(minecraft:beef) + 生牛肉(minecraft:beef) + 生牛肉(minecraft:beef) + 生牛肉(minecraft:beef) + 生牛肉(minecraft:beef) + 生牛肉(minecraft:beef) + 生牛肉(minecraft:beef),
pot_beef_to_cooked_beef_9,牛排(minecraft:cooked_beef),9,"炒锅(置于炉灶上,依次加油/加料/翻炒/盛菜)",生牛肉(minecraft:beef) + 生牛肉(minecraft:beef) + 生牛肉(minecraft:beef) + 生牛肉(minecraft:beef) + 生牛肉(minecraft:beef) + 生牛肉(minecraft:beef) + 生牛肉(minecraft:beef) + 生牛肉(minecraft:beef) + 生牛肉(minecraft:beef),
pot_blaze_lamb_chop,烈焰羊排(kaleidoscope_cookery:blaze_lamb_chop),1,"炒锅(置于炉灶上,依次加油/加料/翻炒/盛菜)",烈焰粉(minecraft:blaze_powder) + 烈焰粉(minecraft:blaze_powder) + 烈焰粉(minecraft:blaze_powder) + 生羊肉(#c:foods/raw_mutton) + 生羊肉(#c:foods/raw_mutton) + 生羊肉(#c:foods/raw_mutton),载体:碗(minecraft:bowl)
pot_braised_beef,红烧牛肉(kaleidoscope_cookery:braised_beef),1,"炒锅(置于炉灶上,依次加油/加料/翻炒/盛菜)",生牛肉(#c:foods/raw_beef) + 生牛肉(#c:foods/raw_beef) + 生牛肉(#c:foods/raw_beef) + 红辣椒(kaleidoscope_cookery:red_chili) + 红辣椒(kaleidoscope_cookery:red_chili) + 红辣椒(kaleidoscope_cookery:red_chili),载体:碗(minecraft:bowl)
pot_braised_pork_ribs,红烧排骨(kaleidoscope_cookery:braised_pork_ribs),1,"炒锅(置于炉灶上,依次加油/加料/翻炒/盛菜)",骨头(minecraft:bone) + 骨头(minecraft:bone) + 骨头(minecraft:bone) + 骨头(minecraft:bone) + 生猪排(#c:foods/raw_pork) + 生猪排(#c:foods/raw_pork) + 生猪排(#c:foods/raw_pork) + 生猪排(#c:foods/raw_pork),载体:碗(minecraft:bowl)
pot_candied_potato,拔丝土豆(kaleidoscope_cookery:candied_potato),1,"炒锅(置于炉灶上,依次加油/加料/翻炒/盛菜)",马铃薯(minecraft:potato) + 马铃薯(minecraft:potato) + 马铃薯(minecraft:potato) + 马铃薯(minecraft:potato) + 糖(minecraft:sugar) + 糖(minecraft:sugar),载体:碗(minecraft:bowl)
pot_chicken_to_cooked_chicken_1,熟鸡肉(minecraft:cooked_chicken),1,"炒锅(置于炉灶上,依次加油/加料/翻炒/盛菜)",生鸡肉(minecraft:chicken),
pot_chicken_to_cooked_chicken_2,熟鸡肉(minecraft:cooked_chicken),2,"炒锅(置于炉灶上,依次加油/加料/翻炒/盛菜)",生鸡肉(minecraft:chicken) + 生鸡肉(minecraft:chicken),
pot_chicken_to_cooked_chicken_3,熟鸡肉(minecraft:cooked_chicken),3,"炒锅(置于炉灶上,依次加油/加料/翻炒/盛菜)",生鸡肉(minecraft:chicken) + 生鸡肉(minecraft:chicken) + 生鸡肉(minecraft:chicken),
pot_chicken_to_cooked_chicken_4,熟鸡肉(minecraft:cooked_chicken),4,"炒锅(置于炉灶上,依次加油/加料/翻炒/盛菜)",生鸡肉(minecraft:chicken) + 生鸡肉(minecraft:chicken) + 生鸡肉(minecraft:chicken) + 生鸡肉(minecraft:chicken),
pot_chicken_to_cooked_chicken_5,熟鸡肉(minecraft:cooked_chicken),5,"炒锅(置于炉灶上,依次加油/加料/翻炒/盛菜)",生鸡肉(minecraft:chicken) + 生鸡肉(minecraft:chicken) + 生鸡肉(minecraft:chicken) + 生鸡肉(minecraft:chicken) + 生鸡肉(minecraft:chicken),
pot_chicken_to_cooked_chicken_6,熟鸡肉(minecraft:cooked_chicken),6,"炒锅(置于炉灶上,依次加油/加料/翻炒/盛菜)",生鸡肉(minecraft:chicken) + 生鸡肉(minecraft:chicken) + 生鸡肉(minecraft:chicken) + 生鸡肉(minecraft:chicken) + 生鸡肉(minecraft:chicken) + 生鸡肉(minecraft:chicken),
pot_chicken_to_cooked_chicken_7,熟鸡肉(minecraft:cooked_chicken),7,"炒锅(置于炉灶上,依次加油/加料/翻炒/盛菜)",生鸡肉(minecraft:chicken) + 生鸡肉(minecraft:chicken) + 生鸡肉(minecraft:chicken) + 生鸡肉(minecraft:chicken) + 生鸡肉(minecraft:chicken) + 生鸡肉(minecraft:chicken) + 生鸡肉(minecraft:chicken),
pot_chicken_to_cooked_chicken_8,熟鸡肉(minecraft:cooked_chicken),8,"炒锅(置于炉灶上,依次加油/加料/翻炒/盛菜)",生鸡肉(minecraft:chicken) + 生鸡肉(minecraft:chicken) + 生鸡肉(minecraft:chicken) + 生鸡肉(minecraft:chicken) + 生鸡肉(minecraft:chicken) + 生鸡肉(minecraft:chicken) + 生鸡肉(minecraft:chicken) + 生鸡肉(minecraft:chicken),
pot_chicken_to_cooked_chicken_9,熟鸡肉(minecraft:cooked_chicken),9,"炒锅(置于炉灶上,依次加油/加料/翻炒/盛菜)",生鸡肉(minecraft:chicken) + 生鸡肉(minecraft:chicken) + 生鸡肉(minecraft:chicken) + 生鸡肉(minecraft:chicken) + 生鸡肉(minecraft:chicken) + 生鸡肉(minecraft:chicken) + 生鸡肉(minecraft:chicken) + 生鸡肉(minecraft:chicken) + 生鸡肉(minecraft:chicken),
pot_chorus_fried_egg,荷包紫颂烧(kaleidoscope_cookery:chorus_fried_egg),1,"炒锅(置于炉灶上,依次加油/加料/翻炒/盛菜)",紫颂果(minecraft:chorus_fruit) + 紫颂果(minecraft:chorus_fruit) + 紫颂果(minecraft:chorus_fruit) + 蛋(#c:eggs) + 蛋(#c:eggs) + 蛋(#c:eggs),载体:碗(minecraft:bowl)
pot_chorus_fruit_to_popped_chorus_fruit_1,爆裂紫颂果(minecraft:popped_chorus_fruit),1,"炒锅(置于炉灶上,依次加油/加料/翻炒/盛菜)",紫颂果(minecraft:chorus_fruit),
pot_chorus_fruit_to_popped_chorus_fruit_2,爆裂紫颂果(minecraft:popped_chorus_fruit),2,"炒锅(置于炉灶上,依次加油/加料/翻炒/盛菜)",紫颂果(minecraft:chorus_fruit) + 紫颂果(minecraft:chorus_fruit),
pot_chorus_fruit_to_popped_chorus_fruit_3,爆裂紫颂果(minecraft:popped_chorus_fruit),3,"炒锅(置于炉灶上,依次加油/加料/翻炒/盛菜)",紫颂果(minecraft:chorus_fruit) + 紫颂果(minecraft:chorus_fruit) + 紫颂果(minecraft:chorus_fruit),
pot_chorus_fruit_to_popped_chorus_fruit_4,爆裂紫颂果(minecraft:popped_chorus_fruit),4,"炒锅(置于炉灶上,依次加油/加料/翻炒/盛菜)",紫颂果(minecraft:chorus_fruit) + 紫颂果(minecraft:chorus_fruit) + 紫颂果(minecraft:chorus_fruit) + 紫颂果(minecraft:chorus_fruit),
pot_chorus_fruit_to_popped_chorus_fruit_5,爆裂紫颂果(minecraft:popped_chorus_fruit),5,"炒锅(置于炉灶上,依次加油/加料/翻炒/盛菜)",紫颂果(minecraft:chorus_fruit) + 紫颂果(minecraft:chorus_fruit) + 紫颂果(minecraft:chorus_fruit) + 紫颂果(minecraft:chorus_fruit) + 紫颂果(minecraft:chorus_fruit),
pot_chorus_fruit_to_popped_chorus_fruit_6,爆裂紫颂果(minecraft:popped_chorus_fruit),6,"炒锅(置于炉灶上,依次加油/加料/翻炒/盛菜)",紫颂果(minecraft:chorus_fruit) + 紫颂果(minecraft:chorus_fruit) + 紫颂果(minecraft:chorus_fruit) + 紫颂果(minecraft:chorus_fruit) + 紫颂果(minecraft:chorus_fruit) + 紫颂果(minecraft:chorus_fruit),
pot_chorus_fruit_to_popped_chorus_fruit_7,爆裂紫颂果(minecraft:popped_chorus_fruit),7,"炒锅(置于炉灶上,依次加油/加料/翻炒/盛菜)",紫颂果(minecraft:chorus_fruit) + 紫颂果(minecraft:chorus_fruit) + 紫颂果(minecraft:chorus_fruit) + 紫颂果(minecraft:chorus_fruit) + 紫颂果(minecraft:chorus_fruit) + 紫颂果(minecraft:chorus_fruit) + 紫颂果(minecraft:chorus_fruit),
pot_chorus_fruit_to_popped_chorus_fruit_8,爆裂紫颂果(minecraft:popped_chorus_fruit),8,"炒锅(置于炉灶上,依次加油/加料/翻炒/盛菜)",紫颂果(minecraft:chorus_fruit) + 紫颂果(minecraft:chorus_fruit) + 紫颂果(minecraft:chorus_fruit) + 紫颂果(minecraft:chorus_fruit) + 紫颂果(minecraft:chorus_fruit) + 紫颂果(minecraft:chorus_fruit) + 紫颂果(minecraft:chorus_fruit) + 紫颂果(minecraft:chorus_fruit),
pot_chorus_fruit_to_popped_chorus_fruit_9,爆裂紫颂果(minecraft:popped_chorus_fruit),9,"炒锅(置于炉灶上,依次加油/加料/翻炒/盛菜)",紫颂果(minecraft:chorus_fruit) + 紫颂果(minecraft:chorus_fruit) + 紫颂果(minecraft:chorus_fruit) + 紫颂果(minecraft:chorus_fruit) + 紫颂果(minecraft:chorus_fruit) + 紫颂果(minecraft:chorus_fruit) + 紫颂果(minecraft:chorus_fruit) + 紫颂果(minecraft:chorus_fruit) + 紫颂果(minecraft:chorus_fruit),
pot_cod_to_cooked_cod_1,熟鳕鱼(minecraft:cooked_cod),1,"炒锅(置于炉灶上,依次加油/加料/翻炒/盛菜)",生鳕鱼(minecraft:cod),
pot_cod_to_cooked_cod_2,熟鳕鱼(minecraft:cooked_cod),2,"炒锅(置于炉灶上,依次加油/加料/翻炒/盛菜)",生鳕鱼(minecraft:cod) + 生鳕鱼(minecraft:cod),
pot_cod_to_cooked_cod_3,熟鳕鱼(minecraft:cooked_cod),3,"炒锅(置于炉灶上,依次加油/加料/翻炒/盛菜)",生鳕鱼(minecraft:cod) + 生鳕鱼(minecraft:cod) + 生鳕鱼(minecraft:cod),
pot_cod_to_cooked_cod_4,熟鳕鱼(minecraft:cooked_cod),4,"炒锅(置于炉灶上,依次加油/加料/翻炒/盛菜)",生鳕鱼(minecraft:cod) + 生鳕鱼(minecraft:cod) + 生鳕鱼(minecraft:cod) + 生鳕鱼(minecraft:cod),
pot_cod_to_cooked_cod_5,熟鳕鱼(minecraft:cooked_cod),5,"炒锅(置于炉灶上,依次加油/加料/翻炒/盛菜)",生鳕鱼(minecraft:cod) + 生鳕鱼(minecraft:cod) + 生鳕鱼(minecraft:cod) + 生鳕鱼(minecraft:cod) + 生鳕鱼(minecraft:cod),
pot_cod_to_cooked_cod_6,熟鳕鱼(minecraft:cooked_cod),6,"炒锅(置于炉灶上,依次加油/加料/翻炒/盛菜)",生鳕鱼(minecraft:cod) + 生鳕鱼(minecraft:cod) + 生鳕鱼(minecraft:cod) + 生鳕鱼(minecraft:cod) + 生鳕鱼(minecraft:cod) + 生鳕鱼(minecraft:cod),
pot_cod_to_cooked_cod_7,熟鳕鱼(minecraft:cooked_cod),7,"炒锅(置于炉灶上,依次加油/加料/翻炒/盛菜)",生鳕鱼(minecraft:cod) + 生鳕鱼(minecraft:cod) + 生鳕鱼(minecraft:cod) + 生鳕鱼(minecraft:cod) + 生鳕鱼(minecraft:cod) + 生鳕鱼(minecraft:cod) + 生鳕鱼(minecraft:cod),
pot_cod_to_cooked_cod_8,熟鳕鱼(minecraft:cooked_cod),8,"炒锅(置于炉灶上,依次加油/加料/翻炒/盛菜)",生鳕鱼(minecraft:cod) + 生鳕鱼(minecraft:cod) + 生鳕鱼(minecraft:cod) + 生鳕鱼(minecraft:cod) + 生鳕鱼(minecraft:cod) + 生鳕鱼(minecraft:cod) + 生鳕鱼(minecraft:cod) + 生鳕鱼(minecraft:cod),
pot_cod_to_cooked_cod_9,熟鳕鱼(minecraft:cooked_cod),9,"炒锅(置于炉灶上,依次加油/加料/翻炒/盛菜)",生鳕鱼(minecraft:cod) + 生鳕鱼(minecraft:cod) + 生鳕鱼(minecraft:cod) + 生鳕鱼(minecraft:cod) + 生鳕鱼(minecraft:cod) + 生鳕鱼(minecraft:cod) + 生鳕鱼(minecraft:cod) + 生鳕鱼(minecraft:cod) + 生鳕鱼(minecraft:cod),
pot_cooked_rice_to_sticky_rice_cake_1,糍粑(kaleidoscope_cookery:sticky_rice_cake),1,"炒锅(置于炉灶上,依次加油/加料/翻炒/盛菜)",米饭(kaleidoscope_cookery:cooked_rice),
pot_cooked_rice_to_sticky_rice_cake_2,糍粑(kaleidoscope_cookery:sticky_rice_cake),2,"炒锅(置于炉灶上,依次加油/加料/翻炒/盛菜)",米饭(kaleidoscope_cookery:cooked_rice) + 米饭(kaleidoscope_cookery:cooked_rice),
pot_cooked_rice_to_sticky_rice_cake_3,糍粑(kaleidoscope_cookery:sticky_rice_cake),3,"炒锅(置于炉灶上,依次加油/加料/翻炒/盛菜)",米饭(kaleidoscope_cookery:cooked_rice) + 米饭(kaleidoscope_cookery:cooked_rice) + 米饭(kaleidoscope_cookery:cooked_rice),
pot_cooked_rice_to_sticky_rice_cake_4,糍粑(kaleidoscope_cookery:sticky_rice_cake),4,"炒锅(置于炉灶上,依次加油/加料/翻炒/盛菜)",米饭(kaleidoscope_cookery:cooked_rice) + 米饭(kaleidoscope_cookery:cooked_rice) + 米饭(kaleidoscope_cookery:cooked_rice) + 米饭(kaleidoscope_cookery:cooked_rice),
pot_cooked_rice_to_sticky_rice_cake_5,糍粑(kaleidoscope_cookery:sticky_rice_cake),5,"炒锅(置于炉灶上,依次加油/加料/翻炒/盛菜)",米饭(kaleidoscope_cookery:cooked_rice) + 米饭(kaleidoscope_cookery:cooked_rice) + 米饭(kaleidoscope_cookery:cooked_rice) + 米饭(kaleidoscope_cookery:cooked_rice) + 米饭(kaleidoscope_cookery:cooked_rice),
pot_cooked_rice_to_sticky_rice_cake_6,糍粑(kaleidoscope_cookery:sticky_rice_cake),6,"炒锅(置于炉灶上,依次加油/加料/翻炒/盛菜)",米饭(kaleidoscope_cookery:cooked_rice) + 米饭(kaleidoscope_cookery:cooked_rice) + 米饭(kaleidoscope_cookery:cooked_rice) + 米饭(kaleidoscope_cookery:cooked_rice) + 米饭(kaleidoscope_cookery:cooked_rice) + 米饭(kaleidoscope_cookery:cooked_rice),
pot_cooked_rice_to_sticky_rice_cake_7,糍粑(kaleidoscope_cookery:sticky_rice_cake),7,"炒锅(置于炉灶上,依次加油/加料/翻炒/盛菜)",米饭(kaleidoscope_cookery:cooked_rice) + 米饭(kaleidoscope_cookery:cooked_rice) + 米饭(kaleidoscope_cookery:cooked_rice) + 米饭(kaleidoscope_cookery:cooked_rice) + 米饭(kaleidoscope_cookery:cooked_rice) + 米饭(kaleidoscope_cookery:cooked_rice) + 米饭(kaleidoscope_cookery:cooked_rice),
pot_cooked_rice_to_sticky_rice_cake_8,糍粑(kaleidoscope_cookery:sticky_rice_cake),8,"炒锅(置于炉灶上,依次加油/加料/翻炒/盛菜)",米饭(kaleidoscope_cookery:cooked_rice) + 米饭(kaleidoscope_cookery:cooked_rice) + 米饭(kaleidoscope_cookery:cooked_rice) + 米饭(kaleidoscope_cookery:cooked_rice) + 米饭(kaleidoscope_cookery:cooked_rice) + 米饭(kaleidoscope_cookery:cooked_rice) + 米饭(kaleidoscope_cookery:cooked_rice) + 米饭(kaleidoscope_cookery:cooked_rice),
pot_cooked_rice_to_sticky_rice_cake_9,糍粑(kaleidoscope_cookery:sticky_rice_cake),9,"炒锅(置于炉灶上,依次加油/加料/翻炒/盛菜)",米饭(kaleidoscope_cookery:cooked_rice) + 米饭(kaleidoscope_cookery:cooked_rice) + 米饭(kaleidoscope_cookery:cooked_rice) + 米饭(kaleidoscope_cookery:cooked_rice) + 米饭(kaleidoscope_cookery:cooked_rice) + 米饭(kaleidoscope_cookery:cooked_rice) + 米饭(kaleidoscope_cookery:cooked_rice) + 米饭(kaleidoscope_cookery:cooked_rice) + 米饭(kaleidoscope_cookery:cooked_rice),
pot_crystal_lamb_chop,水晶羊排(kaleidoscope_cookery:crystal_lamb_chop),1,"炒锅(置于炉灶上,依次加油/加料/翻炒/盛菜)",紫水晶碎片(minecraft:amethyst_shard) + 紫水晶碎片(minecraft:amethyst_shard) + 紫水晶碎片(minecraft:amethyst_shard) + 生羊肉(#c:foods/raw_mutton) + 生羊肉(#c:foods/raw_mutton) + 生羊肉(#c:foods/raw_mutton),载体:碗(minecraft:bowl)
pot_dongpo_pork,东坡肉(kaleidoscope_cookery:dongpo_pork),1,"炒锅(置于炉灶上,依次加油/加料/翻炒/盛菜)",竹子(minecraft:bamboo) + 竹子(minecraft:bamboo) + 生猪排(#c:foods/raw_pork) + 生猪排(#c:foods/raw_pork) + 生猪排(#c:foods/raw_pork) + 生猪排(#c:foods/raw_pork) + 生猪排(#c:foods/raw_pork) + 生猪排(#c:foods/raw_pork),载体:碗(minecraft:bowl)
pot_donkey_burger,驴肉火烧(kaleidoscope_cookery:donkey_burger),1,"炒锅(置于炉灶上,依次加油/加料/翻炒/盛菜)",辣椒(#c:crops/chilipepper) + 辣椒(#c:crops/chilipepper) + 面团(#c:dough) + 面团(#c:dough) + 生切制小肉(kaleidoscope_cookery:raw_cut_small_meats) + 生切制小肉(kaleidoscope_cookery:raw_cut_small_meats),
pot_egg_fried_rice,蛋炒饭(kaleidoscope_cookery:egg_fried_rice),1,"炒锅(置于炉灶上,依次加油/加料/翻炒/盛菜)",蛋(#c:eggs) + 蛋(#c:eggs) + 熟米饭(#c:foods/cooked_rice),载体:碗(minecraft:bowl)
pot_egg_to_fried_egg_1,煎蛋(kaleidoscope_cookery:fried_egg),1,"炒锅(置于炉灶上,依次加油/加料/翻炒/盛菜)",蛋(#c:eggs),
pot_egg_to_fried_egg_2,煎蛋(kaleidoscope_cookery:fried_egg),2,"炒锅(置于炉灶上,依次加油/加料/翻炒/盛菜)",蛋(#c:eggs) + 蛋(#c:eggs),
pot_egg_to_fried_egg_3,煎蛋(kaleidoscope_cookery:fried_egg),3,"炒锅(置于炉灶上,依次加油/加料/翻炒/盛菜)",蛋(#c:eggs) + 蛋(#c:eggs) + 蛋(#c:eggs),
pot_egg_to_fried_egg_4,煎蛋(kaleidoscope_cookery:fried_egg),4,"炒锅(置于炉灶上,依次加油/加料/翻炒/盛菜)",蛋(#c:eggs) + 蛋(#c:eggs) + 蛋(#c:eggs) + 蛋(#c:eggs),
pot_egg_to_fried_egg_5,煎蛋(kaleidoscope_cookery:fried_egg),5,"炒锅(置于炉灶上,依次加油/加料/翻炒/盛菜)",蛋(#c:eggs) + 蛋(#c:eggs) + 蛋(#c:eggs) + 蛋(#c:eggs) + 蛋(#c:eggs),
pot_egg_to_fried_egg_6,煎蛋(kaleidoscope_cookery:fried_egg),6,"炒锅(置于炉灶上,依次加油/加料/翻炒/盛菜)",蛋(#c:eggs) + 蛋(#c:eggs) + 蛋(#c:eggs) + 蛋(#c:eggs) + 蛋(#c:eggs) + 蛋(#c:eggs),
pot_egg_to_fried_egg_7,煎蛋(kaleidoscope_cookery:fried_egg),7,"炒锅(置于炉灶上,依次加油/加料/翻炒/盛菜)",蛋(#c:eggs) + 蛋(#c:eggs) + 蛋(#c:eggs) + 蛋(#c:eggs) + 蛋(#c:eggs) + 蛋(#c:eggs) + 蛋(#c:eggs),
pot_egg_to_fried_egg_8,煎蛋(kaleidoscope_cookery:fried_egg),8,"炒锅(置于炉灶上,依次加油/加料/翻炒/盛菜)",蛋(#c:eggs) + 蛋(#c:eggs) + 蛋(#c:eggs) + 蛋(#c:eggs) + 蛋(#c:eggs) + 蛋(#c:eggs) + 蛋(#c:eggs) + 蛋(#c:eggs),
pot_egg_to_fried_egg_9,煎蛋(kaleidoscope_cookery:fried_egg),9,"炒锅(置于炉灶上,依次加油/加料/翻炒/盛菜)",蛋(#c:eggs) + 蛋(#c:eggs) + 蛋(#c:eggs) + 蛋(#c:eggs) + 蛋(#c:eggs) + 蛋(#c:eggs) + 蛋(#c:eggs) + 蛋(#c:eggs) + 蛋(#c:eggs),
pot_fish_flavored_shredded_pork,鱼香肉丝(kaleidoscope_cookery:fish_flavored_shredded_pork),1,"炒锅(置于炉灶上,依次加油/加料/翻炒/盛菜)",蘑菇(#c:mushrooms) + 蘑菇(#c:mushrooms) + 生猪排(#c:foods/raw_pork) + 生猪排(#c:foods/raw_pork) + 辣椒(#c:crops/chilipepper) + 辣椒(#c:crops/chilipepper),载体:碗(minecraft:bowl)
pot_fondant_pie,翻糖派(kaleidoscope_cookery:fondant_pie),1,"炒锅(置于炉灶上,依次加油/加料/翻炒/盛菜)",糖(minecraft:sugar) + 糖(minecraft:sugar) + 糖(minecraft:sugar) + 糖(minecraft:sugar) + 南瓜派(minecraft:pumpkin_pie) + 南瓜派(minecraft:pumpkin_pie) + 南瓜派(minecraft:pumpkin_pie) + 南瓜派(minecraft:pumpkin_pie),载体:碗(minecraft:bowl)
pot_fondant_spider_eye,翻糖蛛眼(kaleidoscope_cookery:fondant_spider_eye),1,"炒锅(置于炉灶上,依次加油/加料/翻炒/盛菜)",糖(minecraft:sugar) + 糖(minecraft:sugar) + 糖(minecraft:sugar) + 糖(minecraft:sugar) + 蜘蛛眼(minecraft:spider_eye) + 蜘蛛眼(minecraft:spider_eye) + 蜘蛛眼(minecraft:spider_eye) + 蜘蛛眼(minecraft:spider_eye),载体:碗(minecraft:bowl)
pot_fried_caterpillar,油炸猪儿虫(kaleidoscope_cookery:fried_caterpillar),1,"炒锅(置于炉灶上,依次加油/加料/翻炒/盛菜)",毛虫(#kaleidoscope_cookery:caterpillars) + 毛虫(#kaleidoscope_cookery:caterpillars) + 毛虫(#kaleidoscope_cookery:caterpillars),载体:碗(minecraft:bowl)
pot_fried_spring_roll,炸春卷(kaleidoscope_cookery:fried_spring_roll),1,"炒锅(置于炉灶上,依次加油/加料/翻炒/盛菜)",幻翼膜(minecraft:phantom_membrane) + 幻翼膜(minecraft:phantom_membrane) + 生猪排(#c:foods/raw_pork) + 生猪排(#c:foods/raw_pork) + 生猪排(#c:foods/raw_pork) + 生猪排(#c:foods/raw_pork) + 蘑菇(#c:mushrooms) + 蘑菇(#c:mushrooms),载体:碗(minecraft:bowl)
pot_frost_lamb_chop,凛冬羊排(kaleidoscope_cookery:frost_lamb_chop),1,"炒锅(置于炉灶上,依次加油/加料/翻炒/盛菜)",蓝冰(minecraft:blue_ice) + 蓝冰(minecraft:blue_ice) + 蓝冰(minecraft:blue_ice) + 生羊肉(#c:foods/raw_mutton) + 生羊肉(#c:foods/raw_mutton) + 生羊肉(#c:foods/raw_mutton),载体:碗(minecraft:bowl)
pot_kelp_to_dried_kelp_1,干海带(minecraft:dried_kelp),1,"炒锅(置于炉灶上,依次加油/加料/翻炒/盛菜)",海带(minecraft:kelp),
pot_kelp_to_dried_kelp_2,干海带(minecraft:dried_kelp),2,"炒锅(置于炉灶上,依次加油/加料/翻炒/盛菜)",海带(minecraft:kelp) + 海带(minecraft:kelp),
pot_kelp_to_dried_kelp_3,干海带(minecraft:dried_kelp),3,"炒锅(置于炉灶上,依次加油/加料/翻炒/盛菜)",海带(minecraft:kelp) + 海带(minecraft:kelp) + 海带(minecraft:kelp),
pot_kelp_to_dried_kelp_4,干海带(minecraft:dried_kelp),4,"炒锅(置于炉灶上,依次加油/加料/翻炒/盛菜)",海带(minecraft:kelp) + 海带(minecraft:kelp) + 海带(minecraft:kelp) + 海带(minecraft:kelp),
pot_kelp_to_dried_kelp_5,干海带(minecraft:dried_kelp),5,"炒锅(置于炉灶上,依次加油/加料/翻炒/盛菜)",海带(minecraft:kelp) + 海带(minecraft:kelp) + 海带(minecraft:kelp) + 海带(minecraft:kelp) + 海带(minecraft:kelp),
pot_kelp_to_dried_kelp_6,干海带(minecraft:dried_kelp),6,"炒锅(置于炉灶上,依次加油/加料/翻炒/盛菜)",海带(minecraft:kelp) + 海带(minecraft:kelp) + 海带(minecraft:kelp) + 海带(minecraft:kelp) + 海带(minecraft:kelp) + 海带(minecraft:kelp),
pot_kelp_to_dried_kelp_7,干海带(minecraft:dried_kelp),7,"炒锅(置于炉灶上,依次加油/加料/翻炒/盛菜)",海带(minecraft:kelp) + 海带(minecraft:kelp) + 海带(minecraft:kelp) + 海带(minecraft:kelp) + 海带(minecraft:kelp) + 海带(minecraft:kelp) + 海带(minecraft:kelp),
pot_kelp_to_dried_kelp_8,干海带(minecraft:dried_kelp),8,"炒锅(置于炉灶上,依次加油/加料/翻炒/盛菜)",海带(minecraft:kelp) + 海带(minecraft:kelp) + 海带(minecraft:kelp) + 海带(minecraft:kelp) + 海带(minecraft:kelp) + 海带(minecraft:kelp) + 海带(minecraft:kelp) + 海带(minecraft:kelp),
pot_kelp_to_dried_kelp_9,干海带(minecraft:dried_kelp),9,"炒锅(置于炉灶上,依次加油/加料/翻炒/盛菜)",海带(minecraft:kelp) + 海带(minecraft:kelp) + 海带(minecraft:kelp) + 海带(minecraft:kelp) + 海带(minecraft:kelp) + 海带(minecraft:kelp) + 海带(minecraft:kelp) + 海带(minecraft:kelp) + 海带(minecraft:kelp),
pot_mutton_to_cooked_mutton_1,熟羊肉(minecraft:cooked_mutton),1,"炒锅(置于炉灶上,依次加油/加料/翻炒/盛菜)",生羊肉(minecraft:mutton),
pot_mutton_to_cooked_mutton_2,熟羊肉(minecraft:cooked_mutton),2,"炒锅(置于炉灶上,依次加油/加料/翻炒/盛菜)",生羊肉(minecraft:mutton) + 生羊肉(minecraft:mutton),
pot_mutton_to_cooked_mutton_3,熟羊肉(minecraft:cooked_mutton),3,"炒锅(置于炉灶上,依次加油/加料/翻炒/盛菜)",生羊肉(minecraft:mutton) + 生羊肉(minecraft:mutton) + 生羊肉(minecraft:mutton),
pot_mutton_to_cooked_mutton_4,熟羊肉(minecraft:cooked_mutton),4,"炒锅(置于炉灶上,依次加油/加料/翻炒/盛菜)",生羊肉(minecraft:mutton) + 生羊肉(minecraft:mutton) + 生羊肉(minecraft:mutton) + 生羊肉(minecraft:mutton),
pot_mutton_to_cooked_mutton_5,熟羊肉(minecraft:cooked_mutton),5,"炒锅(置于炉灶上,依次加油/加料/翻炒/盛菜)",生羊肉(minecraft:mutton) + 生羊肉(minecraft:mutton) + 生羊肉(minecraft:mutton) + 生羊肉(minecraft:mutton) + 生羊肉(minecraft:mutton),
pot_mutton_to_cooked_mutton_6,熟羊肉(minecraft:cooked_mutton),6,"炒锅(置于炉灶上,依次加油/加料/翻炒/盛菜)",生羊肉(minecraft:mutton) + 生羊肉(minecraft:mutton) + 生羊肉(minecraft:mutton) + 生羊肉(minecraft:mutton) + 生羊肉(minecraft:mutton) + 生羊肉(minecraft:mutton),
pot_mutton_to_cooked_mutton_7,熟羊肉(minecraft:cooked_mutton),7,"炒锅(置于炉灶上,依次加油/加料/翻炒/盛菜)",生羊肉(minecraft:mutton) + 生羊肉(minecraft:mutton) + 生羊肉(minecraft:mutton) + 生羊肉(minecraft:mutton) + 生羊肉(minecraft:mutton) + 生羊肉(minecraft:mutton) + 生羊肉(minecraft:mutton),
pot_mutton_to_cooked_mutton_8,熟羊肉(minecraft:cooked_mutton),8,"炒锅(置于炉灶上,依次加油/加料/翻炒/盛菜)",生羊肉(minecraft:mutton) + 生羊肉(minecraft:mutton) + 生羊肉(minecraft:mutton) + 生羊肉(minecraft:mutton) + 生羊肉(minecraft:mutton) + 生羊肉(minecraft:mutton) + 生羊肉(minecraft:mutton) + 生羊肉(minecraft:mutton),
pot_mutton_to_cooked_mutton_9,熟羊肉(minecraft:cooked_mutton),9,"炒锅(置于炉灶上,依次加油/加料/翻炒/盛菜)",生羊肉(minecraft:mutton) + 生羊肉(minecraft:mutton) + 生羊肉(minecraft:mutton) + 生羊肉(minecraft:mutton) + 生羊肉(minecraft:mutton) + 生羊肉(minecraft:mutton) + 生羊肉(minecraft:mutton) + 生羊肉(minecraft:mutton) + 生羊肉(minecraft:mutton),
pot_oil_splashed_fish,油泼鱼(kaleidoscope_cookery:oil_splashed_fish),1,"炒锅(置于炉灶上,依次加油/加料/翻炒/盛菜)",生鱼(#c:raw_fishes) + 生鱼(#c:raw_fishes) + 生鱼(#c:raw_fishes) + 生鱼(#c:raw_fishes) + 生鱼(#c:raw_fishes) + 生鱼(#c:raw_fishes) + 辣椒(#c:crops/chilipepper) + 辣椒(#c:crops/chilipepper),载体:碗(minecraft:bowl)
pot_pan_seared_knight_steak,香煎骑士牛排(kaleidoscope_cookery:pan_seared_knight_steak),1,"炒锅(置于炉灶上,依次加油/加料/翻炒/盛菜)",骨头(minecraft:bone) + 骨头(minecraft:bone) + 骨头(minecraft:bone) + 甜浆果(minecraft:sweet_berries) + 甜浆果(minecraft:sweet_berries) + 甜浆果(minecraft:sweet_berries) + 生牛肉(#c:foods/raw_beef) + 生牛肉(#c:foods/raw_beef),载体:碗(minecraft:bowl)
pot_porkchop_to_cooked_porkchop_1,熟猪排(minecraft:cooked_porkchop),1,"炒锅(置于炉灶上,依次加油/加料/翻炒/盛菜)",生猪排(minecraft:porkchop),
pot_porkchop_to_cooked_porkchop_2,熟猪排(minecraft:cooked_porkchop),2,"炒锅(置于炉灶上,依次加油/加料/翻炒/盛菜)",生猪排(minecraft:porkchop) + 生猪排(minecraft:porkchop),
pot_porkchop_to_cooked_porkchop_3,熟猪排(minecraft:cooked_porkchop),3,"炒锅(置于炉灶上,依次加油/加料/翻炒/盛菜)",生猪排(minecraft:porkchop) + 生猪排(minecraft:porkchop) + 生猪排(minecraft:porkchop),
pot_porkchop_to_cooked_porkchop_4,熟猪排(minecraft:cooked_porkchop),4,"炒锅(置于炉灶上,依次加油/加料/翻炒/盛菜)",生猪排(minecraft:porkchop) + 生猪排(minecraft:porkchop) + 生猪排(minecraft:porkchop) + 生猪排(minecraft:porkchop),
pot_porkchop_to_cooked_porkchop_5,熟猪排(minecraft:cooked_porkchop),5,"炒锅(置于炉灶上,依次加油/加料/翻炒/盛菜)",生猪排(minecraft:porkchop) + 生猪排(minecraft:porkchop) + 生猪排(minecraft:porkchop) + 生猪排(minecraft:porkchop) + 生猪排(minecraft:porkchop),
pot_porkchop_to_cooked_porkchop_6,熟猪排(minecraft:cooked_porkchop),6,"炒锅(置于炉灶上,依次加油/加料/翻炒/盛菜)",生猪排(minecraft:porkchop) + 生猪排(minecraft:porkchop) + 生猪排(minecraft:porkchop) + 生猪排(minecraft:porkchop) + 生猪排(minecraft:porkchop) + 生猪排(minecraft:porkchop),
pot_porkchop_to_cooked_porkchop_7,熟猪排(minecraft:cooked_porkchop),7,"炒锅(置于炉灶上,依次加油/加料/翻炒/盛菜)",生猪排(minecraft:porkchop) + 生猪排(minecraft:porkchop) + 生猪排(minecraft:porkchop) + 生猪排(minecraft:porkchop) + 生猪排(minecraft:porkchop) + 生猪排(minecraft:porkchop) + 生猪排(minecraft:porkchop),
pot_porkchop_to_cooked_porkchop_8,熟猪排(minecraft:cooked_porkchop),8,"炒锅(置于炉灶上,依次加油/加料/翻炒/盛菜)",生猪排(minecraft:porkchop) + 生猪排(minecraft:porkchop) + 生猪排(minecraft:porkchop) + 生猪排(minecraft:porkchop) + 生猪排(minecraft:porkchop) + 生猪排(minecraft:porkchop) + 生猪排(minecraft:porkchop) + 生猪排(minecraft:porkchop),
pot_porkchop_to_cooked_porkchop_9,熟猪排(minecraft:cooked_porkchop),9,"炒锅(置于炉灶上,依次加油/加料/翻炒/盛菜)",生猪排(minecraft:porkchop) + 生猪排(minecraft:porkchop) + 生猪排(minecraft:porkchop) + 生猪排(minecraft:porkchop) + 生猪排(minecraft:porkchop) + 生猪排(minecraft:porkchop) + 生猪排(minecraft:porkchop) + 生猪排(minecraft:porkchop) + 生猪排(minecraft:porkchop),
pot_potato_to_baked_potato_1,烤马铃薯(minecraft:baked_potato),1,"炒锅(置于炉灶上,依次加油/加料/翻炒/盛菜)",马铃薯(minecraft:potato),
pot_potato_to_baked_potato_2,烤马铃薯(minecraft:baked_potato),2,"炒锅(置于炉灶上,依次加油/加料/翻炒/盛菜)",马铃薯(minecraft:potato) + 马铃薯(minecraft:potato),
pot_potato_to_baked_potato_3,烤马铃薯(minecraft:baked_potato),3,"炒锅(置于炉灶上,依次加油/加料/翻炒/盛菜)",马铃薯(minecraft:potato) + 马铃薯(minecraft:potato) + 马铃薯(minecraft:potato),
pot_potato_to_baked_potato_4,烤马铃薯(minecraft:baked_potato),4,"炒锅(置于炉灶上,依次加油/加料/翻炒/盛菜)",马铃薯(minecraft:potato) + 马铃薯(minecraft:potato) + 马铃薯(minecraft:potato) + 马铃薯(minecraft:potato),
pot_potato_to_baked_potato_5,烤马铃薯(minecraft:baked_potato),5,"炒锅(置于炉灶上,依次加油/加料/翻炒/盛菜)",马铃薯(minecraft:potato) + 马铃薯(minecraft:potato) + 马铃薯(minecraft:potato) + 马铃薯(minecraft:potato) + 马铃薯(minecraft:potato),
pot_potato_to_baked_potato_6,烤马铃薯(minecraft:baked_potato),6,"炒锅(置于炉灶上,依次加油/加料/翻炒/盛菜)",马铃薯(minecraft:potato) + 马铃薯(minecraft:potato) + 马铃薯(minecraft:potato) + 马铃薯(minecraft:potato) + 马铃薯(minecraft:potato) + 马铃薯(minecraft:potato),
pot_potato_to_baked_potato_7,烤马铃薯(minecraft:baked_potato),7,"炒锅(置于炉灶上,依次加油/加料/翻炒/盛菜)",马铃薯(minecraft:potato) + 马铃薯(minecraft:potato) + 马铃薯(minecraft:potato) + 马铃薯(minecraft:potato) + 马铃薯(minecraft:potato) + 马铃薯(minecraft:potato) + 马铃薯(minecraft:potato),
pot_potato_to_baked_potato_8,烤马铃薯(minecraft:baked_potato),8,"炒锅(置于炉灶上,依次加油/加料/翻炒/盛菜)",马铃薯(minecraft:potato) + 马铃薯(minecraft:potato) + 马铃薯(minecraft:potato) + 马铃薯(minecraft:potato) + 马铃薯(minecraft:potato) + 马铃薯(minecraft:potato) + 马铃薯(minecraft:potato) + 马铃薯(minecraft:potato),
pot_potato_to_baked_potato_9,烤马铃薯(minecraft:baked_potato),9,"炒锅(置于炉灶上,依次加油/加料/翻炒/盛菜)",马铃薯(minecraft:potato) + 马铃薯(minecraft:potato) + 马铃薯(minecraft:potato) + 马铃薯(minecraft:potato) + 马铃薯(minecraft:potato) + 马铃薯(minecraft:potato) + 马铃薯(minecraft:potato) + 马铃薯(minecraft:potato) + 马铃薯(minecraft:potato),
pot_rabbit_to_cooked_rabbit_1,熟兔肉(minecraft:cooked_rabbit),1,"炒锅(置于炉灶上,依次加油/加料/翻炒/盛菜)",生兔肉(minecraft:rabbit),
pot_rabbit_to_cooked_rabbit_2,熟兔肉(minecraft:cooked_rabbit),2,"炒锅(置于炉灶上,依次加油/加料/翻炒/盛菜)",生兔肉(minecraft:rabbit) + 生兔肉(minecraft:rabbit),
pot_rabbit_to_cooked_rabbit_3,熟兔肉(minecraft:cooked_rabbit),3,"炒锅(置于炉灶上,依次加油/加料/翻炒/盛菜)",生兔肉(minecraft:rabbit) + 生兔肉(minecraft:rabbit) + 生兔肉(minecraft:rabbit),
pot_rabbit_to_cooked_rabbit_4,熟兔肉(minecraft:cooked_rabbit),4,"炒锅(置于炉灶上,依次加油/加料/翻炒/盛菜)",生兔肉(minecraft:rabbit) + 生兔肉(minecraft:rabbit) + 生兔肉(minecraft:rabbit) + 生兔肉(minecraft:rabbit),
pot_rabbit_to_cooked_rabbit_5,熟兔肉(minecraft:cooked_rabbit),5,"炒锅(置于炉灶上,依次加油/加料/翻炒/盛菜)",生兔肉(minecraft:rabbit) + 生兔肉(minecraft:rabbit) + 生兔肉(minecraft:rabbit) + 生兔肉(minecraft:rabbit) + 生兔肉(minecraft:rabbit),
pot_rabbit_to_cooked_rabbit_6,熟兔肉(minecraft:cooked_rabbit),6,"炒锅(置于炉灶上,依次加油/加料/翻炒/盛菜)",生兔肉(minecraft:rabbit) + 生兔肉(minecraft:rabbit) + 生兔肉(minecraft:rabbit) + 生兔肉(minecraft:rabbit) + 生兔肉(minecraft:rabbit) + 生兔肉(minecraft:rabbit),
pot_rabbit_to_cooked_rabbit_7,熟兔肉(minecraft:cooked_rabbit),7,"炒锅(置于炉灶上,依次加油/加料/翻炒/盛菜)",生兔肉(minecraft:rabbit) + 生兔肉(minecraft:rabbit) + 生兔肉(minecraft:rabbit) + 生兔肉(minecraft:rabbit) + 生兔肉(minecraft:rabbit) + 生兔肉(minecraft:rabbit) + 生兔肉(minecraft:rabbit),
pot_rabbit_to_cooked_rabbit_8,熟兔肉(minecraft:cooked_rabbit),8,"炒锅(置于炉灶上,依次加油/加料/翻炒/盛菜)",生兔肉(minecraft:rabbit) + 生兔肉(minecraft:rabbit) + 生兔肉(minecraft:rabbit) + 生兔肉(minecraft:rabbit) + 生兔肉(minecraft:rabbit) + 生兔肉(minecraft:rabbit) + 生兔肉(minecraft:rabbit) + 生兔肉(minecraft:rabbit),
pot_rabbit_to_cooked_rabbit_9,熟兔肉(minecraft:cooked_rabbit),9,"炒锅(置于炉灶上,依次加油/加料/翻炒/盛菜)",生兔肉(minecraft:rabbit) + 生兔肉(minecraft:rabbit) + 生兔肉(minecraft:rabbit) + 生兔肉(minecraft:rabbit) + 生兔肉(minecraft:rabbit) + 生兔肉(minecraft:rabbit) + 生兔肉(minecraft:rabbit) + 生兔肉(minecraft:rabbit) + 生兔肉(minecraft:rabbit),
pot_raw_cow_offal_to_cooked_cow_offal_1,熟牛杂(kaleidoscope_cookery:cooked_cow_offal),1,"炒锅(置于炉灶上,依次加油/加料/翻炒/盛菜)",生牛杂(kaleidoscope_cookery:raw_cow_offal),
pot_raw_cow_offal_to_cooked_cow_offal_2,熟牛杂(kaleidoscope_cookery:cooked_cow_offal),2,"炒锅(置于炉灶上,依次加油/加料/翻炒/盛菜)",生牛杂(kaleidoscope_cookery:raw_cow_offal) + 生牛杂(kaleidoscope_cookery:raw_cow_offal),
pot_raw_cow_offal_to_cooked_cow_offal_3,熟牛杂(kaleidoscope_cookery:cooked_cow_offal),3,"炒锅(置于炉灶上,依次加油/加料/翻炒/盛菜)",生牛杂(kaleidoscope_cookery:raw_cow_offal) + 生牛杂(kaleidoscope_cookery:raw_cow_offal) + 生牛杂(kaleidoscope_cookery:raw_cow_offal),
pot_raw_cow_offal_to_cooked_cow_offal_4,熟牛杂(kaleidoscope_cookery:cooked_cow_offal),4,"炒锅(置于炉灶上,依次加油/加料/翻炒/盛菜)",生牛杂(kaleidoscope_cookery:raw_cow_offal) + 生牛杂(kaleidoscope_cookery:raw_cow_offal) + 生牛杂(kaleidoscope_cookery:raw_cow_offal) + 生牛杂(kaleidoscope_cookery:raw_cow_offal),
pot_raw_cow_offal_to_cooked_cow_offal_5,熟牛杂(kaleidoscope_cookery:cooked_cow_offal),5,"炒锅(置于炉灶上,依次加油/加料/翻炒/盛菜)",生牛杂(kaleidoscope_cookery:raw_cow_offal) + 生牛杂(kaleidoscope_cookery:raw_cow_offal) + 生牛杂(kaleidoscope_cookery:raw_cow_offal) + 生牛杂(kaleidoscope_cookery:raw_cow_offal) + 生牛杂(kaleidoscope_cookery:raw_cow_offal),
pot_raw_cow_offal_to_cooked_cow_offal_6,熟牛杂(kaleidoscope_cookery:cooked_cow_offal),6,"炒锅(置于炉灶上,依次加油/加料/翻炒/盛菜)",生牛杂(kaleidoscope_cookery:raw_cow_offal) + 生牛杂(kaleidoscope_cookery:raw_cow_offal) + 生牛杂(kaleidoscope_cookery:raw_cow_offal) + 生牛杂(kaleidoscope_cookery:raw_cow_offal) + 生牛杂(kaleidoscope_cookery:raw_cow_offal) + 生牛杂(kaleidoscope_cookery:raw_cow_offal),
pot_raw_cow_offal_to_cooked_cow_offal_7,熟牛杂(kaleidoscope_cookery:cooked_cow_offal),7,"炒锅(置于炉灶上,依次加油/加料/翻炒/盛菜)",生牛杂(kaleidoscope_cookery:raw_cow_offal) + 生牛杂(kaleidoscope_cookery:raw_cow_offal) + 生牛杂(kaleidoscope_cookery:raw_cow_offal) + 生牛杂(kaleidoscope_cookery:raw_cow_offal) + 生牛杂(kaleidoscope_cookery:raw_cow_offal) + 生牛杂(kaleidoscope_cookery:raw_cow_offal) + 生牛杂(kaleidoscope_cookery:raw_cow_offal),
pot_raw_cow_offal_to_cooked_cow_offal_8,熟牛杂(kaleidoscope_cookery:cooked_cow_offal),8,"炒锅(置于炉灶上,依次加油/加料/翻炒/盛菜)",生牛杂(kaleidoscope_cookery:raw_cow_offal) + 生牛杂(kaleidoscope_cookery:raw_cow_offal) + 生牛杂(kaleidoscope_cookery:raw_cow_offal) + 生牛杂(kaleidoscope_cookery:raw_cow_offal) + 生牛杂(kaleidoscope_cookery:raw_cow_offal) + 生牛杂(kaleidoscope_cookery:raw_cow_offal) + 生牛杂(kaleidoscope_cookery:raw_cow_offal) + 生牛杂(kaleidoscope_cookery:raw_cow_offal),
pot_raw_cow_offal_to_cooked_cow_offal_9,熟牛杂(kaleidoscope_cookery:cooked_cow_offal),9,"炒锅(置于炉灶上,依次加油/加料/翻炒/盛菜)",生牛杂(kaleidoscope_cookery:raw_cow_offal) + 生牛杂(kaleidoscope_cookery:raw_cow_offal) + 生牛杂(kaleidoscope_cookery:raw_cow_offal) + 生牛杂(kaleidoscope_cookery:raw_cow_offal) + 生牛杂(kaleidoscope_cookery:raw_cow_offal) + 生牛杂(kaleidoscope_cookery:raw_cow_offal) + 生牛杂(kaleidoscope_cookery:raw_cow_offal) + 生牛杂(kaleidoscope_cookery:raw_cow_offal) + 生牛杂(kaleidoscope_cookery:raw_cow_offal),
pot_raw_cut_small_meats_to_cooked_cut_small_meats_1,熟切制小肉(kaleidoscope_cookery:cooked_cut_small_meats),1,"炒锅(置于炉灶上,依次加油/加料/翻炒/盛菜)",生切制小肉(kaleidoscope_cookery:raw_cut_small_meats),
pot_raw_cut_small_meats_to_cooked_cut_small_meats_2,熟切制小肉(kaleidoscope_cookery:cooked_cut_small_meats),2,"炒锅(置于炉灶上,依次加油/加料/翻炒/盛菜)",生切制小肉(kaleidoscope_cookery:raw_cut_small_meats) + 生切制小肉(kaleidoscope_cookery:raw_cut_small_meats),
pot_raw_cut_small_meats_to_cooked_cut_small_meats_3,熟切制小肉(kaleidoscope_cookery:cooked_cut_small_meats),3,"炒锅(置于炉灶上,依次加油/加料/翻炒/盛菜)",生切制小肉(kaleidoscope_cookery:raw_cut_small_meats) + 生切制小肉(kaleidoscope_cookery:raw_cut_small_meats) + 生切制小肉(kaleidoscope_cookery:raw_cut_small_meats),
pot_raw_cut_small_meats_to_cooked_cut_small_meats_4,熟切制小肉(kaleidoscope_cookery:cooked_cut_small_meats),4,"炒锅(置于炉灶上,依次加油/加料/翻炒/盛菜)",生切制小肉(kaleidoscope_cookery:raw_cut_small_meats) + 生切制小肉(kaleidoscope_cookery:raw_cut_small_meats) + 生切制小肉(kaleidoscope_cookery:raw_cut_small_meats) + 生切制小肉(kaleidoscope_cookery:raw_cut_small_meats),
pot_raw_cut_small_meats_to_cooked_cut_small_meats_5,熟切制小肉(kaleidoscope_cookery:cooked_cut_small_meats),5,"炒锅(置于炉灶上,依次加油/加料/翻炒/盛菜)",生切制小肉(kaleidoscope_cookery:raw_cut_small_meats) + 生切制小肉(kaleidoscope_cookery:raw_cut_small_meats) + 生切制小肉(kaleidoscope_cookery:raw_cut_small_meats) + 生切制小肉(kaleidoscope_cookery:raw_cut_small_meats) + 生切制小肉(kaleidoscope_cookery:raw_cut_small_meats),
pot_raw_cut_small_meats_to_cooked_cut_small_meats_6,熟切制小肉(kaleidoscope_cookery:cooked_cut_small_meats),6,"炒锅(置于炉灶上,依次加油/加料/翻炒/盛菜)",生切制小肉(kaleidoscope_cookery:raw_cut_small_meats) + 生切制小肉(kaleidoscope_cookery:raw_cut_small_meats) + 生切制小肉(kaleidoscope_cookery:raw_cut_small_meats) + 生切制小肉(kaleidoscope_cookery:raw_cut_small_meats) + 生切制小肉(kaleidoscope_cookery:raw_cut_small_meats) + 生切制小肉(kaleidoscope_cookery:raw_cut_small_meats),
pot_raw_cut_small_meats_to_cooked_cut_small_meats_7,熟切制小肉(kaleidoscope_cookery:cooked_cut_small_meats),7,"炒锅(置于炉灶上,依次加油/加料/翻炒/盛菜)",生切制小肉(kaleidoscope_cookery:raw_cut_small_meats) + 生切制小肉(kaleidoscope_cookery:raw_cut_small_meats) + 生切制小肉(kaleidoscope_cookery:raw_cut_small_meats) + 生切制小肉(kaleidoscope_cookery:raw_cut_small_meats) + 生切制小肉(kaleidoscope_cookery:raw_cut_small_meats) + 生切制小肉(kaleidoscope_cookery:raw_cut_small_meats) + 生切制小肉(kaleidoscope_cookery:raw_cut_small_meats),
pot_raw_cut_small_meats_to_cooked_cut_small_meats_8,熟切制小肉(kaleidoscope_cookery:cooked_cut_small_meats),8,"炒锅(置于炉灶上,依次加油/加料/翻炒/盛菜)",生切制小肉(kaleidoscope_cookery:raw_cut_small_meats) + 生切制小肉(kaleidoscope_cookery:raw_cut_small_meats) + 生切制小肉(kaleidoscope_cookery:raw_cut_small_meats) + 生切制小肉(kaleidoscope_cookery:raw_cut_small_meats) + 生切制小肉(kaleidoscope_cookery:raw_cut_small_meats) + 生切制小肉(kaleidoscope_cookery:raw_cut_small_meats) + 生切制小肉(kaleidoscope_cookery:raw_cut_small_meats) + 生切制小肉(kaleidoscope_cookery:raw_cut_small_meats),
pot_raw_cut_small_meats_to_cooked_cut_small_meats_9,熟切制小肉(kaleidoscope_cookery:cooked_cut_small_meats),9,"炒锅(置于炉灶上,依次加油/加料/翻炒/盛菜)",生切制小肉(kaleidoscope_cookery:raw_cut_small_meats) + 生切制小肉(kaleidoscope_cookery:raw_cut_small_meats) + 生切制小肉(kaleidoscope_cookery:raw_cut_small_meats) + 生切制小肉(kaleidoscope_cookery:raw_cut_small_meats) + 生切制小肉(kaleidoscope_cookery:raw_cut_small_meats) + 生切制小肉(kaleidoscope_cookery:raw_cut_small_meats) + 生切制小肉(kaleidoscope_cookery:raw_cut_small_meats) + 生切制小肉(kaleidoscope_cookery:raw_cut_small_meats) + 生切制小肉(kaleidoscope_cookery:raw_cut_small_meats),
pot_raw_lamb_chops_to_cooked_lamb_chops_1,熟羊排(kaleidoscope_cookery:cooked_lamb_chops),1,"炒锅(置于炉灶上,依次加油/加料/翻炒/盛菜)",生羊排(kaleidoscope_cookery:raw_lamb_chops),
pot_raw_lamb_chops_to_cooked_lamb_chops_2,熟羊排(kaleidoscope_cookery:cooked_lamb_chops),2,"炒锅(置于炉灶上,依次加油/加料/翻炒/盛菜)",生羊排(kaleidoscope_cookery:raw_lamb_chops) + 生羊排(kaleidoscope_cookery:raw_lamb_chops),
pot_raw_lamb_chops_to_cooked_lamb_chops_3,熟羊排(kaleidoscope_cookery:cooked_lamb_chops),3,"炒锅(置于炉灶上,依次加油/加料/翻炒/盛菜)",生羊排(kaleidoscope_cookery:raw_lamb_chops) + 生羊排(kaleidoscope_cookery:raw_lamb_chops) + 生羊排(kaleidoscope_cookery:raw_lamb_chops),
pot_raw_lamb_chops_to_cooked_lamb_chops_4,熟羊排(kaleidoscope_cookery:cooked_lamb_chops),4,"炒锅(置于炉灶上,依次加油/加料/翻炒/盛菜)",生羊排(kaleidoscope_cookery:raw_lamb_chops) + 生羊排(kaleidoscope_cookery:raw_lamb_chops) + 生羊排(kaleidoscope_cookery:raw_lamb_chops) + 生羊排(kaleidoscope_cookery:raw_lamb_chops),
pot_raw_lamb_chops_to_cooked_lamb_chops_5,熟羊排(kaleidoscope_cookery:cooked_lamb_chops),5,"炒锅(置于炉灶上,依次加油/加料/翻炒/盛菜)",生羊排(kaleidoscope_cookery:raw_lamb_chops) + 生羊排(kaleidoscope_cookery:raw_lamb_chops) + 生羊排(kaleidoscope_cookery:raw_lamb_chops) + 生羊排(kaleidoscope_cookery:raw_lamb_chops) + 生羊排(kaleidoscope_cookery:raw_lamb_chops),
pot_raw_lamb_chops_to_cooked_lamb_chops_6,熟羊排(kaleidoscope_cookery:cooked_lamb_chops),6,"炒锅(置于炉灶上,依次加油/加料/翻炒/盛菜)",生羊排(kaleidoscope_cookery:raw_lamb_chops) + 生羊排(kaleidoscope_cookery:raw_lamb_chops) + 生羊排(kaleidoscope_cookery:raw_lamb_chops) + 生羊排(kaleidoscope_cookery:raw_lamb_chops) + 生羊排(kaleidoscope_cookery:raw_lamb_chops) + 生羊排(kaleidoscope_cookery:raw_lamb_chops),
pot_raw_lamb_chops_to_cooked_lamb_chops_7,熟羊排(kaleidoscope_cookery:cooked_lamb_chops),7,"炒锅(置于炉灶上,依次加油/加料/翻炒/盛菜)",生羊排(kaleidoscope_cookery:raw_lamb_chops) + 生羊排(kaleidoscope_cookery:raw_lamb_chops) + 生羊排(kaleidoscope_cookery:raw_lamb_chops) + 生羊排(kaleidoscope_cookery:raw_lamb_chops) + 生羊排(kaleidoscope_cookery:raw_lamb_chops) + 生羊排(kaleidoscope_cookery:raw_lamb_chops) + 生羊排(kaleidoscope_cookery:raw_lamb_chops),
pot_raw_lamb_chops_to_cooked_lamb_chops_8,熟羊排(kaleidoscope_cookery:cooked_lamb_chops),8,"炒锅(置于炉灶上,依次加油/加料/翻炒/盛菜)",生羊排(kaleidoscope_cookery:raw_lamb_chops) + 生羊排(kaleidoscope_cookery:raw_lamb_chops) + 生羊排(kaleidoscope_cookery:raw_lamb_chops) + 生羊排(kaleidoscope_cookery:raw_lamb_chops) + 生羊排(kaleidoscope_cookery:raw_lamb_chops) + 生羊排(kaleidoscope_cookery:raw_lamb_chops) + 生羊排(kaleidoscope_cookery:raw_lamb_chops) + 生羊排(kaleidoscope_cookery:raw_lamb_chops),
pot_raw_lamb_chops_to_cooked_lamb_chops_9,熟羊排(kaleidoscope_cookery:cooked_lamb_chops),9,"炒锅(置于炉灶上,依次加油/加料/翻炒/盛菜)",生羊排(kaleidoscope_cookery:raw_lamb_chops) + 生羊排(kaleidoscope_cookery:raw_lamb_chops) + 生羊排(kaleidoscope_cookery:raw_lamb_chops) + 生羊排(kaleidoscope_cookery:raw_lamb_chops) + 生羊排(kaleidoscope_cookery:raw_lamb_chops) + 生羊排(kaleidoscope_cookery:raw_lamb_chops) + 生羊排(kaleidoscope_cookery:raw_lamb_chops) + 生羊排(kaleidoscope_cookery:raw_lamb_chops) + 生羊排(kaleidoscope_cookery:raw_lamb_chops),
pot_raw_meatball_to_cooked_meatball_1,熟丸子(kaleidoscope_cookery:cooked_meatball),1,"炒锅(置于炉灶上,依次加油/加料/翻炒/盛菜)",生丸子(kaleidoscope_cookery:raw_meatball),
pot_raw_meatball_to_cooked_meatball_2,熟丸子(kaleidoscope_cookery:cooked_meatball),2,"炒锅(置于炉灶上,依次加油/加料/翻炒/盛菜)",生丸子(kaleidoscope_cookery:raw_meatball) + 生丸子(kaleidoscope_cookery:raw_meatball),
pot_raw_meatball_to_cooked_meatball_3,熟丸子(kaleidoscope_cookery:cooked_meatball),3,"炒锅(置于炉灶上,依次加油/加料/翻炒/盛菜)",生丸子(kaleidoscope_cookery:raw_meatball) + 生丸子(kaleidoscope_cookery:raw_meatball) + 生丸子(kaleidoscope_cookery:raw_meatball),
pot_raw_meatball_to_cooked_meatball_4,熟丸子(kaleidoscope_cookery:cooked_meatball),4,"炒锅(置于炉灶上,依次加油/加料/翻炒/盛菜)",生丸子(kaleidoscope_cookery:raw_meatball) + 生丸子(kaleidoscope_cookery:raw_meatball) + 生丸子(kaleidoscope_cookery:raw_meatball) + 生丸子(kaleidoscope_cookery:raw_meatball),
pot_raw_meatball_to_cooked_meatball_5,熟丸子(kaleidoscope_cookery:cooked_meatball),5,"炒锅(置于炉灶上,依次加油/加料/翻炒/盛菜)",生丸子(kaleidoscope_cookery:raw_meatball) + 生丸子(kaleidoscope_cookery:raw_meatball) + 生丸子(kaleidoscope_cookery:raw_meatball) + 生丸子(kaleidoscope_cookery:raw_meatball) + 生丸子(kaleidoscope_cookery:raw_meatball),
pot_raw_meatball_to_cooked_meatball_6,熟丸子(kaleidoscope_cookery:cooked_meatball),6,"炒锅(置于炉灶上,依次加油/加料/翻炒/盛菜)",生丸子(kaleidoscope_cookery:raw_meatball) + 生丸子(kaleidoscope_cookery:raw_meatball) + 生丸子(kaleidoscope_cookery:raw_meatball) + 生丸子(kaleidoscope_cookery:raw_meatball) + 生丸子(kaleidoscope_cookery:raw_meatball) + 生丸子(kaleidoscope_cookery:raw_meatball),
pot_raw_meatball_to_cooked_meatball_7,熟丸子(kaleidoscope_cookery:cooked_meatball),7,"炒锅(置于炉灶上,依次加油/加料/翻炒/盛菜)",生丸子(kaleidoscope_cookery:raw_meatball) + 生丸子(kaleidoscope_cookery:raw_meatball) + 生丸子(kaleidoscope_cookery:raw_meatball) + 生丸子(kaleidoscope_cookery:raw_meatball) + 生丸子(kaleidoscope_cookery:raw_meatball) + 生丸子(kaleidoscope_cookery:raw_meatball) + 生丸子(kaleidoscope_cookery:raw_meatball),
pot_raw_meatball_to_cooked_meatball_8,熟丸子(kaleidoscope_cookery:cooked_meatball),8,"炒锅(置于炉灶上,依次加油/加料/翻炒/盛菜)",生丸子(kaleidoscope_cookery:raw_meatball) + 生丸子(kaleidoscope_cookery:raw_meatball) + 生丸子(kaleidoscope_cookery:raw_meatball) + 生丸子(kaleidoscope_cookery:raw_meatball) + 生丸子(kaleidoscope_cookery:raw_meatball) + 生丸子(kaleidoscope_cookery:raw_meatball) + 生丸子(kaleidoscope_cookery:raw_meatball) + 生丸子(kaleidoscope_cookery:raw_meatball),
pot_raw_meatball_to_cooked_meatball_9,熟丸子(kaleidoscope_cookery:cooked_meatball),9,"炒锅(置于炉灶上,依次加油/加料/翻炒/盛菜)",生丸子(kaleidoscope_cookery:raw_meatball) + 生丸子(kaleidoscope_cookery:raw_meatball) + 生丸子(kaleidoscope_cookery:raw_meatball) + 生丸子(kaleidoscope_cookery:raw_meatball) + 生丸子(kaleidoscope_cookery:raw_meatball) + 生丸子(kaleidoscope_cookery:raw_meatball) + 生丸子(kaleidoscope_cookery:raw_meatball) + 生丸子(kaleidoscope_cookery:raw_meatball) + 生丸子(kaleidoscope_cookery:raw_meatball),
pot_raw_pork_belly_to_cooked_pork_belly_1,熟五花肉(kaleidoscope_cookery:cooked_pork_belly),1,"炒锅(置于炉灶上,依次加油/加料/翻炒/盛菜)",生五花肉(kaleidoscope_cookery:raw_pork_belly),
pot_raw_pork_belly_to_cooked_pork_belly_2,熟五花肉(kaleidoscope_cookery:cooked_pork_belly),2,"炒锅(置于炉灶上,依次加油/加料/翻炒/盛菜)",生五花肉(kaleidoscope_cookery:raw_pork_belly) + 生五花肉(kaleidoscope_cookery:raw_pork_belly),
pot_raw_pork_belly_to_cooked_pork_belly_3,熟五花肉(kaleidoscope_cookery:cooked_pork_belly),3,"炒锅(置于炉灶上,依次加油/加料/翻炒/盛菜)",生五花肉(kaleidoscope_cookery:raw_pork_belly) + 生五花肉(kaleidoscope_cookery:raw_pork_belly) + 生五花肉(kaleidoscope_cookery:raw_pork_belly),
pot_raw_pork_belly_to_cooked_pork_belly_4,熟五花肉(kaleidoscope_cookery:cooked_pork_belly),4,"炒锅(置于炉灶上,依次加油/加料/翻炒/盛菜)",生五花肉(kaleidoscope_cookery:raw_pork_belly) + 生五花肉(kaleidoscope_cookery:raw_pork_belly) + 生五花肉(kaleidoscope_cookery:raw_pork_belly) + 生五花肉(kaleidoscope_cookery:raw_pork_belly),
pot_raw_pork_belly_to_cooked_pork_belly_5,熟五花肉(kaleidoscope_cookery:cooked_pork_belly),5,"炒锅(置于炉灶上,依次加油/加料/翻炒/盛菜)",生五花肉(kaleidoscope_cookery:raw_pork_belly) + 生五花肉(kaleidoscope_cookery:raw_pork_belly) + 生五花肉(kaleidoscope_cookery:raw_pork_belly) + 生五花肉(kaleidoscope_cookery:raw_pork_belly) + 生五花肉(kaleidoscope_cookery:raw_pork_belly),
pot_raw_pork_belly_to_cooked_pork_belly_6,熟五花肉(kaleidoscope_cookery:cooked_pork_belly),6,"炒锅(置于炉灶上,依次加油/加料/翻炒/盛菜)",生五花肉(kaleidoscope_cookery:raw_pork_belly) + 生五花肉(kaleidoscope_cookery:raw_pork_belly) + 生五花肉(kaleidoscope_cookery:raw_pork_belly) + 生五花肉(kaleidoscope_cookery:raw_pork_belly) + 生五花肉(kaleidoscope_cookery:raw_pork_belly) + 生五花肉(kaleidoscope_cookery:raw_pork_belly),
pot_raw_pork_belly_to_cooked_pork_belly_7,熟五花肉(kaleidoscope_cookery:cooked_pork_belly),7,"炒锅(置于炉灶上,依次加油/加料/翻炒/盛菜)",生五花肉(kaleidoscope_cookery:raw_pork_belly) + 生五花肉(kaleidoscope_cookery:raw_pork_belly) + 生五花肉(kaleidoscope_cookery:raw_pork_belly) + 生五花肉(kaleidoscope_cookery:raw_pork_belly) + 生五花肉(kaleidoscope_cookery:raw_pork_belly) + 生五花肉(kaleidoscope_cookery:raw_pork_belly) + 生五花肉(kaleidoscope_cookery:raw_pork_belly),
pot_raw_pork_belly_to_cooked_pork_belly_8,熟五花肉(kaleidoscope_cookery:cooked_pork_belly),8,"炒锅(置于炉灶上,依次加油/加料/翻炒/盛菜)",生五花肉(kaleidoscope_cookery:raw_pork_belly) + 生五花肉(kaleidoscope_cookery:raw_pork_belly) + 生五花肉(kaleidoscope_cookery:raw_pork_belly) + 生五花肉(kaleidoscope_cookery:raw_pork_belly) + 生五花肉(kaleidoscope_cookery:raw_pork_belly) + 生五花肉(kaleidoscope_cookery:raw_pork_belly) + 生五花肉(kaleidoscope_cookery:raw_pork_belly) + 生五花肉(kaleidoscope_cookery:raw_pork_belly),
pot_raw_pork_belly_to_cooked_pork_belly_9,熟五花肉(kaleidoscope_cookery:cooked_pork_belly),9,"炒锅(置于炉灶上,依次加油/加料/翻炒/盛菜)",生五花肉(kaleidoscope_cookery:raw_pork_belly) + 生五花肉(kaleidoscope_cookery:raw_pork_belly) + 生五花肉(kaleidoscope_cookery:raw_pork_belly) + 生五花肉(kaleidoscope_cookery:raw_pork_belly) + 生五花肉(kaleidoscope_cookery:raw_pork_belly) + 生五花肉(kaleidoscope_cookery:raw_pork_belly) + 生五花肉(kaleidoscope_cookery:raw_pork_belly) + 生五花肉(kaleidoscope_cookery:raw_pork_belly) + 生五花肉(kaleidoscope_cookery:raw_pork_belly),
pot_salmon_to_cooked_salmon_1,熟鲑鱼(minecraft:cooked_salmon),1,"炒锅(置于炉灶上,依次加油/加料/翻炒/盛菜)",生鲑鱼(minecraft:salmon),
pot_salmon_to_cooked_salmon_2,熟鲑鱼(minecraft:cooked_salmon),2,"炒锅(置于炉灶上,依次加油/加料/翻炒/盛菜)",生鲑鱼(minecraft:salmon) + 生鲑鱼(minecraft:salmon),
pot_salmon_to_cooked_salmon_3,熟鲑鱼(minecraft:cooked_salmon),3,"炒锅(置于炉灶上,依次加油/加料/翻炒/盛菜)",生鲑鱼(minecraft:salmon) + 生鲑鱼(minecraft:salmon) + 生鲑鱼(minecraft:salmon),
pot_salmon_to_cooked_salmon_4,熟鲑鱼(minecraft:cooked_salmon),4,"炒锅(置于炉灶上,依次加油/加料/翻炒/盛菜)",生鲑鱼(minecraft:salmon) + 生鲑鱼(minecraft:salmon) + 生鲑鱼(minecraft:salmon) + 生鲑鱼(minecraft:salmon),
pot_salmon_to_cooked_salmon_5,熟鲑鱼(minecraft:cooked_salmon),5,"炒锅(置于炉灶上,依次加油/加料/翻炒/盛菜)",生鲑鱼(minecraft:salmon) + 生鲑鱼(minecraft:salmon) + 生鲑鱼(minecraft:salmon) + 生鲑鱼(minecraft:salmon) + 生鲑鱼(minecraft:salmon),
pot_salmon_to_cooked_salmon_6,熟鲑鱼(minecraft:cooked_salmon),6,"炒锅(置于炉灶上,依次加油/加料/翻炒/盛菜)",生鲑鱼(minecraft:salmon) + 生鲑鱼(minecraft:salmon) + 生鲑鱼(minecraft:salmon) + 生鲑鱼(minecraft:salmon) + 生鲑鱼(minecraft:salmon) + 生鲑鱼(minecraft:salmon),
pot_salmon_to_cooked_salmon_7,熟鲑鱼(minecraft:cooked_salmon),7,"炒锅(置于炉灶上,依次加油/加料/翻炒/盛菜)",生鲑鱼(minecraft:salmon) + 生鲑鱼(minecraft:salmon) + 生鲑鱼(minecraft:salmon) + 生鲑鱼(minecraft:salmon) + 生鲑鱼(minecraft:salmon) + 生鲑鱼(minecraft:salmon) + 生鲑鱼(minecraft:salmon),
pot_salmon_to_cooked_salmon_8,熟鲑鱼(minecraft:cooked_salmon),8,"炒锅(置于炉灶上,依次加油/加料/翻炒/盛菜)",生鲑鱼(minecraft:salmon) + 生鲑鱼(minecraft:salmon) + 生鲑鱼(minecraft:salmon) + 生鲑鱼(minecraft:salmon) + 生鲑鱼(minecraft:salmon) + 生鲑鱼(minecraft:salmon) + 生鲑鱼(minecraft:salmon) + 生鲑鱼(minecraft:salmon),
pot_salmon_to_cooked_salmon_9,熟鲑鱼(minecraft:cooked_salmon),9,"炒锅(置于炉灶上,依次加油/加料/翻炒/盛菜)",生鲑鱼(minecraft:salmon) + 生鲑鱼(minecraft:salmon) + 生鲑鱼(minecraft:salmon) + 生鲑鱼(minecraft:salmon) + 生鲑鱼(minecraft:salmon) + 生鲑鱼(minecraft:salmon) + 生鲑鱼(minecraft:salmon) + 生鲑鱼(minecraft:salmon) + 生鲑鱼(minecraft:salmon),
pot_scramble_egg_with_tomatoes,番茄炒蛋(kaleidoscope_cookery:scramble_egg_with_tomatoes),1,"炒锅(置于炉灶上,依次加油/加料/翻炒/盛菜)",蛋(#c:eggs) + 蛋(#c:eggs) + 蛋(#c:eggs) + 番茄(#c:crops/tomato) + 番茄(#c:crops/tomato) + 番茄(#c:crops/tomato),载体:碗(minecraft:bowl)
pot_slime_ball_meal,黏液饭(kaleidoscope_cookery:slime_ball_meal),1,"炒锅(置于炉灶上,依次加油/加料/翻炒/盛菜)",粘液球(minecraft:slime_ball) + 粘液球(minecraft:slime_ball) + 粘液球(minecraft:slime_ball) + 粘液球(minecraft:slime_ball) + 粘液球(minecraft:slime_ball) + 粘液球(minecraft:slime_ball),载体:碗(minecraft:bowl)
pot_spicy_chicken,辣子鸡(kaleidoscope_cookery:spicy_chicken),1,"炒锅(置于炉灶上,依次加油/加料/翻炒/盛菜)",生鸡肉(#c:foods/raw_chicken) + 生鸡肉(#c:foods/raw_chicken) + 生鸡肉(#c:foods/raw_chicken) + 生鸡肉(#c:foods/raw_chicken) + 辣椒(#c:crops/chilipepper) + 辣椒(#c:crops/chilipepper) + 辣椒(#c:crops/chilipepper) + 辣椒(#c:crops/chilipepper),载体:碗(minecraft:bowl)
pot_spicy_rabbit_head,麻辣兔头(kaleidoscope_cookery:spicy_rabbit_head),1,"炒锅(置于炉灶上,依次加油/加料/翻炒/盛菜)",生兔肉(minecraft:rabbit) + 生兔肉(minecraft:rabbit) + 生兔肉(minecraft:rabbit) + 辣椒(#c:crops/chilipepper) + 辣椒(#c:crops/chilipepper) + 辣椒(#c:crops/chilipepper),载体:碗(minecraft:bowl)
pot_stargazy_pie,仰望星空派(kaleidoscope_cookery:stargazy_pie),1,"炒锅(置于炉灶上,依次加油/加料/翻炒/盛菜)",南瓜派(minecraft:pumpkin_pie) + 生鱼(#c:raw_fishes) + 生鱼(#c:raw_fishes) + 生鱼(#c:raw_fishes) + 生鱼(#c:raw_fishes) + 生鱼(#c:raw_fishes),载体:碗(minecraft:bowl)
pot_sticky_candy,牛皮糖(kaleidoscope_cookery:sticky_candy),1,"炒锅(置于炉灶上,依次加油/加料/翻炒/盛菜)",皮革(minecraft:leather) + 糖(minecraft:sugar) + 糖(minecraft:sugar) + 糖(minecraft:sugar) + 糖(minecraft:sugar),
pot_stir_fried_pork_with_peppers,青椒炒肉(kaleidoscope_cookery:stir_fried_pork_with_peppers),1,"炒锅(置于炉灶上,依次加油/加料/翻炒/盛菜)",青辣椒(kaleidoscope_cookery:green_chili) + 青辣椒(kaleidoscope_cookery:green_chili) + 青辣椒(kaleidoscope_cookery:green_chili) + 生猪排(#c:foods/raw_pork) + 生猪排(#c:foods/raw_pork) + 生猪排(#c:foods/raw_pork),载体:碗(minecraft:bowl)
pot_stuffed_dough_food_to_meat_pie_1,馅饼(kaleidoscope_cookery:meat_pie),1,"炒锅(置于炉灶上,依次加油/加料/翻炒/盛菜)",裹馅面食(kaleidoscope_cookery:stuffed_dough_food),
pot_stuffed_dough_food_to_meat_pie_2,馅饼(kaleidoscope_cookery:meat_pie),2,"炒锅(置于炉灶上,依次加油/加料/翻炒/盛菜)",裹馅面食(kaleidoscope_cookery:stuffed_dough_food) + 裹馅面食(kaleidoscope_cookery:stuffed_dough_food),
pot_stuffed_dough_food_to_meat_pie_3,馅饼(kaleidoscope_cookery:meat_pie),3,"炒锅(置于炉灶上,依次加油/加料/翻炒/盛菜)",裹馅面食(kaleidoscope_cookery:stuffed_dough_food) + 裹馅面食(kaleidoscope_cookery:stuffed_dough_food) + 裹馅面食(kaleidoscope_cookery:stuffed_dough_food),
pot_stuffed_dough_food_to_meat_pie_4,馅饼(kaleidoscope_cookery:meat_pie),4,"炒锅(置于炉灶上,依次加油/加料/翻炒/盛菜)",裹馅面食(kaleidoscope_cookery:stuffed_dough_food) + 裹馅面食(kaleidoscope_cookery:stuffed_dough_food) + 裹馅面食(kaleidoscope_cookery:stuffed_dough_food) + 裹馅面食(kaleidoscope_cookery:stuffed_dough_food),
pot_stuffed_dough_food_to_meat_pie_5,馅饼(kaleidoscope_cookery:meat_pie),5,"炒锅(置于炉灶上,依次加油/加料/翻炒/盛菜)",裹馅面食(kaleidoscope_cookery:stuffed_dough_food) + 裹馅面食(kaleidoscope_cookery:stuffed_dough_food) + 裹馅面食(kaleidoscope_cookery:stuffed_dough_food) + 裹馅面食(kaleidoscope_cookery:stuffed_dough_food) + 裹馅面食(kaleidoscope_cookery:stuffed_dough_food),
pot_stuffed_dough_food_to_meat_pie_6,馅饼(kaleidoscope_cookery:meat_pie),6,"炒锅(置于炉灶上,依次加油/加料/翻炒/盛菜)",裹馅面食(kaleidoscope_cookery:stuffed_dough_food) + 裹馅面食(kaleidoscope_cookery:stuffed_dough_food) + 裹馅面食(kaleidoscope_cookery:stuffed_dough_food) + 裹馅面食(kaleidoscope_cookery:stuffed_dough_food) + 裹馅面食(kaleidoscope_cookery:stuffed_dough_food) + 裹馅面食(kaleidoscope_cookery:stuffed_dough_food),
pot_stuffed_dough_food_to_meat_pie_7,馅饼(kaleidoscope_cookery:meat_pie),7,"炒锅(置于炉灶上,依次加油/加料/翻炒/盛菜)",裹馅面食(kaleidoscope_cookery:stuffed_dough_food) + 裹馅面食(kaleidoscope_cookery:stuffed_dough_food) + 裹馅面食(kaleidoscope_cookery:stuffed_dough_food) + 裹馅面食(kaleidoscope_cookery:stuffed_dough_food) + 裹馅面食(kaleidoscope_cookery:stuffed_dough_food) + 裹馅面食(kaleidoscope_cookery:stuffed_dough_food) + 裹馅面食(kaleidoscope_cookery:stuffed_dough_food),
pot_stuffed_dough_food_to_meat_pie_8,馅饼(kaleidoscope_cookery:meat_pie),8,"炒锅(置于炉灶上,依次加油/加料/翻炒/盛菜)",裹馅面食(kaleidoscope_cookery:stuffed_dough_food) + 裹馅面食(kaleidoscope_cookery:stuffed_dough_food) + 裹馅面食(kaleidoscope_cookery:stuffed_dough_food) + 裹馅面食(kaleidoscope_cookery:stuffed_dough_food) + 裹馅面食(kaleidoscope_cookery:stuffed_dough_food) + 裹馅面食(kaleidoscope_cookery:stuffed_dough_food) + 裹馅面食(kaleidoscope_cookery:stuffed_dough_food) + 裹馅面食(kaleidoscope_cookery:stuffed_dough_food),
pot_stuffed_dough_food_to_meat_pie_9,馅饼(kaleidoscope_cookery:meat_pie),9,"炒锅(置于炉灶上,依次加油/加料/翻炒/盛菜)",裹馅面食(kaleidoscope_cookery:stuffed_dough_food) + 裹馅面食(kaleidoscope_cookery:stuffed_dough_food) + 裹馅面食(kaleidoscope_cookery:stuffed_dough_food) + 裹馅面食(kaleidoscope_cookery:stuffed_dough_food) + 裹馅面食(kaleidoscope_cookery:stuffed_dough_food) + 裹馅面食(kaleidoscope_cookery:stuffed_dough_food) + 裹馅面食(kaleidoscope_cookery:stuffed_dough_food) + 裹馅面食(kaleidoscope_cookery:stuffed_dough_food) + 裹馅面食(kaleidoscope_cookery:stuffed_dough_food),
pot_stuffed_tiger_skin_pepper,虎皮青椒酿肉(kaleidoscope_cookery:stuffed_tiger_skin_pepper),1,"炒锅(置于炉灶上,依次加油/加料/翻炒/盛菜)",青辣椒(kaleidoscope_cookery:green_chili) + 青辣椒(kaleidoscope_cookery:green_chili) + 青辣椒(kaleidoscope_cookery:green_chili) + 青辣椒(kaleidoscope_cookery:green_chili) + 生切制小肉(kaleidoscope_cookery:raw_cut_small_meats) + 生切制小肉(kaleidoscope_cookery:raw_cut_small_meats) + 生切制小肉(kaleidoscope_cookery:raw_cut_small_meats) + 生切制小肉(kaleidoscope_cookery:raw_cut_small_meats),载体:碗(minecraft:bowl)
pot_sweet_and_sour_ender_pearls,珍珠咕噜肉(kaleidoscope_cookery:sweet_and_sour_ender_pearls),1,"炒锅(置于炉灶上,依次加油/加料/翻炒/盛菜)",末影珍珠(minecraft:ender_pearl) + 末影珍珠(minecraft:ender_pearl) + 末影之眼(minecraft:ender_eye),载体:碗(minecraft:bowl)
pot_sweet_and_sour_pork,糖醋里脊(kaleidoscope_cookery:sweet_and_sour_pork),1,"炒锅(置于炉灶上,依次加油/加料/翻炒/盛菜)",糖(minecraft:sugar) + 糖(minecraft:sugar) + 糖(minecraft:sugar) + 生猪排(#c:foods/raw_pork) + 生猪排(#c:foods/raw_pork) + 生猪排(#c:foods/raw_pork),载体:碗(minecraft:bowl)
qingtuan_plate,一盘青团(kaleidoscope_cookery:qingtuan_plate),1,工作台,青团(kaleidoscope_cookery:qingtuan) + 青团(kaleidoscope_cookery:qingtuan) + 青团(kaleidoscope_cookery:qingtuan) + 青团(kaleidoscope_cookery:qingtuan) + 碗(minecraft:bowl),
raw_bamboo_tube_rice,生竹筒饭(kaleidoscope_cookery:raw_bamboo_tube_rice),1,工作台,竹子(minecraft:bamboo) + 稻米(#c:grain/rice) + 生肉(#c:raw_meats),
raw_dough_steamer,蒸笼(kaleidoscope_cookery:steamer),1,工作台,蒸笼(kaleidoscope_cookery:steamer) + 生面团(kaleidoscope_cookery:raw_dough) + 生面团(kaleidoscope_cookery:raw_dough) + 生面团(kaleidoscope_cookery:raw_dough) + 生面团(kaleidoscope_cookery:raw_dough),
raw_meatball,生丸子(kaleidoscope_cookery:raw_meatball),1,工作台,生肉(#c:raw_meats) + 生肉(#c:raw_meats) + 蔬菜(#c:vegetables),
raw_zongzi,生粽子(kaleidoscope_cookery:raw_zongzi),1,工作台,稻米(kaleidoscope_cookery:rice) + 睡莲(minecraft:lily_pad),
recipe_item,模组占位物品(kaleidoscope_cookery:recipe_item),1,工作台,纸(minecraft:paper)×4,
rice_panicle,稻穗(kaleidoscope_cookery:rice_panicle),9,工作台,稻草捆(kaleidoscope_cookery:straw_block),
scarecrow,稻草人(kaleidoscope_cookery:scarecrow),1,工作台,草帽(#kaleidoscope_cookery:straw_hat) + 木棍(minecraft:stick)×2 + 南瓜(minecraft:pumpkin) + 稻草捆(#kaleidoscope_cookery:straw_bale),
scramble_egg_with_tomatoes_rice_bowl,番茄炒蛋盖饭(kaleidoscope_cookery:scramble_egg_with_tomatoes_rice_bowl),1,盖饭(饭碗:菜+米饭),番茄炒蛋(kaleidoscope_cookery:scramble_egg_with_tomatoes),
shawarma_spit,旋风烤肉塔(kaleidoscope_cookery:shawarma_spit),1,工作台,锁链(minecraft:chain)×4 + 营火(minecraft:campfire)×2,
shengjian_mantou_plate,一盘水煎包(kaleidoscope_cookery:shengjian_mantou_plate),1,工作台,水煎包(kaleidoscope_cookery:shengjian_mantou) + 水煎包(kaleidoscope_cookery:shengjian_mantou) + 水煎包(kaleidoscope_cookery:shengjian_mantou) + 水煎包(kaleidoscope_cookery:shengjian_mantou) + 水煎包(kaleidoscope_cookery:shengjian_mantou) + 碗(minecraft:bowl),
sickle,镰刀(kaleidoscope_cookery:sickle),1,工作台,燧石(minecraft:flint)×3 + 线(minecraft:string) + 木棍(minecraft:stick)×2,
steamer,蒸笼(kaleidoscope_cookery:steamer),1,工作台,竹活板门(minecraft:bamboo_trapdoor)×3 + 竹块(minecraft:bamboo_block)×3,
steamer_bamboo_tube_rice,熟竹筒饭(kaleidoscope_cookery:bamboo_tube_rice),1,蒸笼,生竹筒饭(kaleidoscope_cookery:raw_bamboo_tube_rice),
steamer_baozi,包子(kaleidoscope_cookery:baozi),1,蒸笼,裹馅面食(kaleidoscope_cookery:stuffed_dough_food),
steamer_mantou,馒头(kaleidoscope_cookery:mantou),1,蒸笼,面团(#c:dough),
steamer_qingtuan,青团(kaleidoscope_cookery:qingtuan),1,蒸笼,粘液球(minecraft:slime_ball),
sticky_candy_plate,一盘牛皮糖(kaleidoscope_cookery:sticky_candy_plate),1,工作台,牛皮糖(kaleidoscope_cookery:sticky_candy) + 牛皮糖(kaleidoscope_cookery:sticky_candy) + 牛皮糖(kaleidoscope_cookery:sticky_candy) + 牛皮糖(kaleidoscope_cookery:sticky_candy) + 碗(minecraft:bowl),
sticky_rice_cake_plate,一盘糍粑(kaleidoscope_cookery:sticky_rice_cake_plate),1,工作台,糍粑(kaleidoscope_cookery:sticky_rice_cake) + 糍粑(kaleidoscope_cookery:sticky_rice_cake) + 糍粑(kaleidoscope_cookery:sticky_rice_cake) + 糍粑(kaleidoscope_cookery:sticky_rice_cake) + 糍粑(kaleidoscope_cookery:sticky_rice_cake) + 碗(minecraft:bowl),
stir_fried_pork_with_peppers_rice_bowl,青椒炒肉盖饭(kaleidoscope_cookery:stir_fried_pork_with_peppers_rice_bowl),1,盖饭(饭碗:菜+米饭),青椒炒肉(kaleidoscope_cookery:stir_fried_pork_with_peppers),
stockpot,汤锅(kaleidoscope_cookery:stockpot),1,工作台,红砖(minecraft:brick)×2 + 铁锭(#c:ingots/iron)×5,
stockpot_beef_meatball_soup,牛丸汤(kaleidoscope_cookery:beef_meatball_soup),1,"汤锅(加汤底/食材,盖盖煮制)",生丸子(kaleidoscope_cookery:raw_meatball) + 生丸子(kaleidoscope_cookery:raw_meatball) + 生菜(#c:crops/lettuce) + 生菜(#c:crops/lettuce) + 生菜(#c:crops/lettuce),
stockpot_beef_noodle,牛肉面(kaleidoscope_cookery:beef_noodle),1,"汤锅(加汤底/食材,盖盖煮制)",生牛肉(#c:foods/raw_beef) + 生牛肉(#c:foods/raw_beef) + 生牛肉(#c:foods/raw_beef) + 生牛肉(#c:foods/raw_beef) + 生面条(kaleidoscope_cookery:raw_noodles) + 生面条(kaleidoscope_cookery:raw_noodles) + 生面条(kaleidoscope_cookery:raw_noodles),
stockpot_borscht,罗宋汤(kaleidoscope_cookery:borscht),1,"汤锅(加汤底/食材,盖盖煮制)",生牛肉(#c:foods/raw_beef) + 生牛肉(#c:foods/raw_beef) + 番茄(#c:crops/tomato) + 番茄(#c:crops/tomato) + 番茄(#c:crops/tomato) + 番茄(#c:crops/tomato),
stockpot_braised_beef_with_potatoes,土豆炖牛肉(kaleidoscope_cookery:braised_beef_with_potatoes),1,"汤锅(加汤底/食材,盖盖煮制)",马铃薯(minecraft:potato) + 马铃薯(minecraft:potato) + 马铃薯(minecraft:potato) + 生牛肉(#c:foods/raw_beef) + 生牛肉(#c:foods/raw_beef),
stockpot_brown_mushroom_pot_soup,棕蘑菇瓦罐汤(kaleidoscope_cookery:brown_mushroom_pot_soup),1,"汤锅(加汤底/食材,盖盖煮制)",棕色蘑菇(minecraft:brown_mushroom) + 棕色蘑菇(minecraft:brown_mushroom) + 棕色蘑菇(minecraft:brown_mushroom) + 棕色蘑菇(minecraft:brown_mushroom) + 棕色蘑菇(minecraft:brown_mushroom) + 棕色蘑菇(minecraft:brown_mushroom),载体:花盆(minecraft:flower_pot)
stockpot_buddha_jumps_over_the_wall,佛跳墙(kaleidoscope_cookery:buddha_jumps_over_the_wall),1,"汤锅(加汤底/食材,盖盖煮制)",蛋(#c:eggs) + 蛋(#c:eggs) + 幻翼膜(minecraft:phantom_membrane) + 幻翼膜(minecraft:phantom_membrane) + 生菜(#c:crops/lettuce) + 生菜(#c:crops/lettuce) + 生菜(#c:crops/lettuce) + 生菜(#c:crops/lettuce),载体:花盆(minecraft:flower_pot)
stockpot_chicken_and_mushroom_stew,小鸡炖蘑菇(kaleidoscope_cookery:chicken_and_mushroom_stew),1,"汤锅(加汤底/食材,盖盖煮制)",生鸡肉(#c:foods/raw_chicken) + 生鸡肉(#c:foods/raw_chicken) + 蘑菇(#c:mushrooms) + 蘑菇(#c:mushrooms) + 蘑菇(#c:mushrooms),
stockpot_crimson_fungus_pot_soup,绯红菌瓦罐汤(kaleidoscope_cookery:crimson_fungus_pot_soup),1,"汤锅(加汤底/食材,盖盖煮制)",绯红菌(minecraft:crimson_fungus) + 绯红菌(minecraft:crimson_fungus) + 绯红菌(minecraft:crimson_fungus) + 绯红菌(minecraft:crimson_fungus) + 绯红菌(minecraft:crimson_fungus) + 绯红菌(minecraft:crimson_fungus),载体:花盆(minecraft:flower_pot)
stockpot_dough_drop_soup,疙瘩汤(kaleidoscope_cookery:dough_drop_soup),1,"汤锅(加汤底/食材,盖盖煮制)",生菜(#c:crops/lettuce) + 生菜(#c:crops/lettuce) + 生菜(#c:crops/lettuce) + 生菜(#c:crops/lettuce) + 面粉(#c:flour) + 面粉(#c:flour),
stockpot_dumpling_count_1,饺子(kaleidoscope_cookery:dumpling),1,"汤锅(加汤底/食材,盖盖煮制)",裹馅面食(kaleidoscope_cookery:stuffed_dough_food),
stockpot_dumpling_count_2,饺子(kaleidoscope_cookery:dumpling),2,"汤锅(加汤底/食材,盖盖煮制)",裹馅面食(kaleidoscope_cookery:stuffed_dough_food) + 裹馅面食(kaleidoscope_cookery:stuffed_dough_food),
stockpot_dumpling_count_3,饺子(kaleidoscope_cookery:dumpling),3,"汤锅(加汤底/食材,盖盖煮制)",裹馅面食(kaleidoscope_cookery:stuffed_dough_food) + 裹馅面食(kaleidoscope_cookery:stuffed_dough_food) + 裹馅面食(kaleidoscope_cookery:stuffed_dough_food),
stockpot_dumpling_count_4,饺子(kaleidoscope_cookery:dumpling),4,"汤锅(加汤底/食材,盖盖煮制)",裹馅面食(kaleidoscope_cookery:stuffed_dough_food) + 裹馅面食(kaleidoscope_cookery:stuffed_dough_food) + 裹馅面食(kaleidoscope_cookery:stuffed_dough_food) + 裹馅面食(kaleidoscope_cookery:stuffed_dough_food),
stockpot_dumpling_count_5,饺子(kaleidoscope_cookery:dumpling),5,"汤锅(加汤底/食材,盖盖煮制)",裹馅面食(kaleidoscope_cookery:stuffed_dough_food) + 裹馅面食(kaleidoscope_cookery:stuffed_dough_food) + 裹馅面食(kaleidoscope_cookery:stuffed_dough_food) + 裹馅面食(kaleidoscope_cookery:stuffed_dough_food) + 裹馅面食(kaleidoscope_cookery:stuffed_dough_food),
stockpot_dumpling_count_6,饺子(kaleidoscope_cookery:dumpling),6,"汤锅(加汤底/食材,盖盖煮制)",裹馅面食(kaleidoscope_cookery:stuffed_dough_food) + 裹馅面食(kaleidoscope_cookery:stuffed_dough_food) + 裹馅面食(kaleidoscope_cookery:stuffed_dough_food) + 裹馅面食(kaleidoscope_cookery:stuffed_dough_food) + 裹馅面食(kaleidoscope_cookery:stuffed_dough_food) + 裹馅面食(kaleidoscope_cookery:stuffed_dough_food),
stockpot_dumpling_count_7,饺子(kaleidoscope_cookery:dumpling),7,"汤锅(加汤底/食材,盖盖煮制)",裹馅面食(kaleidoscope_cookery:stuffed_dough_food) + 裹馅面食(kaleidoscope_cookery:stuffed_dough_food) + 裹馅面食(kaleidoscope_cookery:stuffed_dough_food) + 裹馅面食(kaleidoscope_cookery:stuffed_dough_food) + 裹馅面食(kaleidoscope_cookery:stuffed_dough_food) + 裹馅面食(kaleidoscope_cookery:stuffed_dough_food) + 裹馅面食(kaleidoscope_cookery:stuffed_dough_food),
stockpot_dumpling_count_8,饺子(kaleidoscope_cookery:dumpling),8,"汤锅(加汤底/食材,盖盖煮制)",裹馅面食(kaleidoscope_cookery:stuffed_dough_food) + 裹馅面食(kaleidoscope_cookery:stuffed_dough_food) + 裹馅面食(kaleidoscope_cookery:stuffed_dough_food) + 裹馅面食(kaleidoscope_cookery:stuffed_dough_food) + 裹馅面食(kaleidoscope_cookery:stuffed_dough_food) + 裹馅面食(kaleidoscope_cookery:stuffed_dough_food) + 裹馅面食(kaleidoscope_cookery:stuffed_dough_food) + 裹馅面食(kaleidoscope_cookery:stuffed_dough_food),
stockpot_dumpling_count_9,饺子(kaleidoscope_cookery:dumpling),9,"汤锅(加汤底/食材,盖盖煮制)",裹馅面食(kaleidoscope_cookery:stuffed_dough_food) + 裹馅面食(kaleidoscope_cookery:stuffed_dough_food) + 裹馅面食(kaleidoscope_cookery:stuffed_dough_food) + 裹馅面食(kaleidoscope_cookery:stuffed_dough_food) + 裹馅面食(kaleidoscope_cookery:stuffed_dough_food) + 裹馅面食(kaleidoscope_cookery:stuffed_dough_food) + 裹馅面食(kaleidoscope_cookery:stuffed_dough_food) + 裹馅面食(kaleidoscope_cookery:stuffed_dough_food) + 裹馅面食(kaleidoscope_cookery:stuffed_dough_food),
stockpot_fearsome_thick_soup,恐惧浓汤(kaleidoscope_cookery:fearsome_thick_soup),1,"汤锅(加汤底/食材,盖盖煮制)",腐肉(minecraft:rotten_flesh) + 腐肉(minecraft:rotten_flesh) + 腐肉(minecraft:rotten_flesh) + 腐肉(minecraft:rotten_flesh) + 幽匿块(minecraft:sculk) + 幽匿块(minecraft:sculk) + 幽匿块(minecraft:sculk) + 幽匿块(minecraft:sculk) + 幽匿块(minecraft:sculk),
stockpot_four_joy_meatball_soup,四喜丸子汤(kaleidoscope_cookery:four_joy_meatball_soup),1,"汤锅(加汤底/食材,盖盖煮制)",生丸子(kaleidoscope_cookery:raw_meatball) + 生丸子(kaleidoscope_cookery:raw_meatball) + 生丸子(kaleidoscope_cookery:raw_meatball) + 生丸子(kaleidoscope_cookery:raw_meatball),
stockpot_hot_dry_noodles,热干面(kaleidoscope_cookery:hot_dry_noodles),1,"汤锅(加汤底/食材,盖盖煮制)",生面条(kaleidoscope_cookery:raw_noodles) + 生面条(kaleidoscope_cookery:raw_noodles) + 生面条(kaleidoscope_cookery:raw_noodles) + 辣椒(#c:crops/chilipepper) + 辣椒(#c:crops/chilipepper) + 辣椒(#c:crops/chilipepper),
stockpot_hui_noodle,羊肉烩面(kaleidoscope_cookery:hui_noodle),1,"汤锅(加汤底/食材,盖盖煮制)",生羊肉(#c:foods/raw_mutton) + 生羊肉(#c:foods/raw_mutton) + 生羊肉(#c:foods/raw_mutton) + 生羊肉(#c:foods/raw_mutton) + 生面条(kaleidoscope_cookery:raw_noodles) + 生面条(kaleidoscope_cookery:raw_noodles) + 生面条(kaleidoscope_cookery:raw_noodles),
stockpot_laba_congee,腊八粥(kaleidoscope_cookery:laba_congee),1,"汤锅(加汤底/食材,盖盖煮制)",种子(#c:seeds) + 种子(#c:seeds) + 种子(#c:seeds) + 种子(#c:seeds) + 种子(#c:seeds) + 种子(#c:seeds) + 糖(minecraft:sugar) + 糖(minecraft:sugar) + 糖(minecraft:sugar),
stockpot_lamb_and_radish_soup,萝卜羊肉汤(kaleidoscope_cookery:lamb_and_radish_soup),1,"汤锅(加汤底/食材,盖盖煮制)",胡萝卜(minecraft:carrot) + 胡萝卜(minecraft:carrot) + 胡萝卜(minecraft:carrot) + 生羊肉(#c:foods/raw_mutton) + 生羊肉(#c:foods/raw_mutton),
stockpot_numbing_spicy_chicken,椒麻鸡(kaleidoscope_cookery:numbing_spicy_chicken),1,"汤锅(加汤底/食材,盖盖煮制)",辣椒(#c:crops/chilipepper) + 辣椒(#c:crops/chilipepper) + 生鸡肉(#c:foods/raw_chicken) + 生鸡肉(#c:foods/raw_chicken) + 生鸡肉(#c:foods/raw_chicken),
stockpot_pork_bone_soup,大骨汤(kaleidoscope_cookery:pork_bone_soup),1,"汤锅(加汤底/食材,盖盖煮制)",骨头(minecraft:bone) + 骨头(minecraft:bone) + 骨头(minecraft:bone) + 骨头(minecraft:bone) + 骨头(minecraft:bone) + 骨头(minecraft:bone) + 骨头(minecraft:bone),
stockpot_pufferfish_soup,河豚汤(kaleidoscope_cookery:pufferfish_soup),1,"汤锅(加汤底/食材,盖盖煮制)",河豚(minecraft:pufferfish) + 河豚(minecraft:pufferfish) + 生菜(#c:crops/lettuce) + 生菜(#c:crops/lettuce) + 生菜(#c:crops/lettuce),
stockpot_pufferfish_soup_entity,河豚汤(kaleidoscope_cookery:pufferfish_soup),1,"汤锅(加汤底/食材,盖盖煮制)",生菜(#c:crops/lettuce) + 生菜(#c:crops/lettuce) + 生菜(#c:crops/lettuce),
stockpot_red_mushroom_pot_soup,红蘑菇瓦罐汤(kaleidoscope_cookery:red_mushroom_pot_soup),1,"汤锅(加汤底/食材,盖盖煮制)",红色蘑菇(minecraft:red_mushroom) + 红色蘑菇(minecraft:red_mushroom) + 红色蘑菇(minecraft:red_mushroom) + 红色蘑菇(minecraft:red_mushroom) + 红色蘑菇(minecraft:red_mushroom) + 红色蘑菇(minecraft:red_mushroom),载体:花盆(minecraft:flower_pot)
stockpot_rice_1,米饭(kaleidoscope_cookery:cooked_rice),1,"汤锅(加汤底/食材,盖盖煮制)",稻米(#c:grain/rice),100 刻
stockpot_rice_2,米饭(kaleidoscope_cookery:cooked_rice),2,"汤锅(加汤底/食材,盖盖煮制)",稻米(#c:grain/rice) + 稻米(#c:grain/rice),200 刻
stockpot_rice_3,米饭(kaleidoscope_cookery:cooked_rice),3,"汤锅(加汤底/食材,盖盖煮制)",稻米(#c:grain/rice) + 稻米(#c:grain/rice) + 稻米(#c:grain/rice),
stockpot_rice_4,米饭(kaleidoscope_cookery:cooked_rice),4,"汤锅(加汤底/食材,盖盖煮制)",稻米(#c:grain/rice) + 稻米(#c:grain/rice) + 稻米(#c:grain/rice) + 稻米(#c:grain/rice),400 刻
stockpot_rice_5,米饭(kaleidoscope_cookery:cooked_rice),5,"汤锅(加汤底/食材,盖盖煮制)",稻米(#c:grain/rice) + 稻米(#c:grain/rice) + 稻米(#c:grain/rice) + 稻米(#c:grain/rice) + 稻米(#c:grain/rice),500 刻
stockpot_rice_6,米饭(kaleidoscope_cookery:cooked_rice),6,"汤锅(加汤底/食材,盖盖煮制)",稻米(#c:grain/rice) + 稻米(#c:grain/rice) + 稻米(#c:grain/rice) + 稻米(#c:grain/rice) + 稻米(#c:grain/rice) + 稻米(#c:grain/rice),600 刻
stockpot_rice_7,米饭(kaleidoscope_cookery:cooked_rice),7,"汤锅(加汤底/食材,盖盖煮制)",稻米(#c:grain/rice) + 稻米(#c:grain/rice) + 稻米(#c:grain/rice) + 稻米(#c:grain/rice) + 稻米(#c:grain/rice) + 稻米(#c:grain/rice) + 稻米(#c:grain/rice),700 刻
stockpot_rice_8,米饭(kaleidoscope_cookery:cooked_rice),8,"汤锅(加汤底/食材,盖盖煮制)",稻米(#c:grain/rice) + 稻米(#c:grain/rice) + 稻米(#c:grain/rice) + 稻米(#c:grain/rice) + 稻米(#c:grain/rice) + 稻米(#c:grain/rice) + 稻米(#c:grain/rice) + 稻米(#c:grain/rice),800 刻
stockpot_rice_9,米饭(kaleidoscope_cookery:cooked_rice),9,"汤锅(加汤底/食材,盖盖煮制)",稻米(#c:grain/rice) + 稻米(#c:grain/rice) + 稻米(#c:grain/rice) + 稻米(#c:grain/rice) + 稻米(#c:grain/rice) + 稻米(#c:grain/rice) + 稻米(#c:grain/rice) + 稻米(#c:grain/rice) + 稻米(#c:grain/rice),900 刻
stockpot_seafood_miso_soup,海鲜味噌汤(kaleidoscope_cookery:seafood_miso_soup),1,"汤锅(加汤底/食材,盖盖煮制)",生鱼(#c:raw_fishes) + 生鱼(#c:raw_fishes) + 生菜(#c:crops/lettuce) + 生菜(#c:crops/lettuce) + 生菜(#c:crops/lettuce),
stockpot_seafood_miso_soup_cod_entity,海鲜味噌汤(kaleidoscope_cookery:seafood_miso_soup),1,"汤锅(加汤底/食材,盖盖煮制)",生菜(#c:crops/lettuce) + 生菜(#c:crops/lettuce) + 生菜(#c:crops/lettuce),
stockpot_seafood_miso_soup_salmon_entity,海鲜味噌汤(kaleidoscope_cookery:seafood_miso_soup),1,"汤锅(加汤底/食材,盖盖煮制)",生菜(#c:crops/lettuce) + 生菜(#c:crops/lettuce) + 生菜(#c:crops/lettuce),
stockpot_seafood_miso_soup_tropical_entity,海鲜味噌汤(kaleidoscope_cookery:seafood_miso_soup),1,"汤锅(加汤底/食材,盖盖煮制)",生菜(#c:crops/lettuce) + 生菜(#c:crops/lettuce) + 生菜(#c:crops/lettuce),
stockpot_shengjian_mantou_count_1,水煎包(kaleidoscope_cookery:shengjian_mantou),1,"汤锅(加汤底/食材,盖盖煮制)",裹馅面食(kaleidoscope_cookery:stuffed_dough_food),
stockpot_shengjian_mantou_count_2,水煎包(kaleidoscope_cookery:shengjian_mantou),2,"汤锅(加汤底/食材,盖盖煮制)",裹馅面食(kaleidoscope_cookery:stuffed_dough_food) + 裹馅面食(kaleidoscope_cookery:stuffed_dough_food),
stockpot_shengjian_mantou_count_3,水煎包(kaleidoscope_cookery:shengjian_mantou),3,"汤锅(加汤底/食材,盖盖煮制)",裹馅面食(kaleidoscope_cookery:stuffed_dough_food) + 裹馅面食(kaleidoscope_cookery:stuffed_dough_food) + 裹馅面食(kaleidoscope_cookery:stuffed_dough_food),
stockpot_shengjian_mantou_count_4,水煎包(kaleidoscope_cookery:shengjian_mantou),4,"汤锅(加汤底/食材,盖盖煮制)",裹馅面食(kaleidoscope_cookery:stuffed_dough_food) + 裹馅面食(kaleidoscope_cookery:stuffed_dough_food) + 裹馅面食(kaleidoscope_cookery:stuffed_dough_food) + 裹馅面食(kaleidoscope_cookery:stuffed_dough_food),
stockpot_shengjian_mantou_count_5,水煎包(kaleidoscope_cookery:shengjian_mantou),5,"汤锅(加汤底/食材,盖盖煮制)",裹馅面食(kaleidoscope_cookery:stuffed_dough_food) + 裹馅面食(kaleidoscope_cookery:stuffed_dough_food) + 裹馅面食(kaleidoscope_cookery:stuffed_dough_food) + 裹馅面食(kaleidoscope_cookery:stuffed_dough_food) + 裹馅面食(kaleidoscope_cookery:stuffed_dough_food),
stockpot_shengjian_mantou_count_6,水煎包(kaleidoscope_cookery:shengjian_mantou),6,"汤锅(加汤底/食材,盖盖煮制)",裹馅面食(kaleidoscope_cookery:stuffed_dough_food) + 裹馅面食(kaleidoscope_cookery:stuffed_dough_food) + 裹馅面食(kaleidoscope_cookery:stuffed_dough_food) + 裹馅面食(kaleidoscope_cookery:stuffed_dough_food) + 裹馅面食(kaleidoscope_cookery:stuffed_dough_food) + 裹馅面食(kaleidoscope_cookery:stuffed_dough_food),
stockpot_shengjian_mantou_count_7,水煎包(kaleidoscope_cookery:shengjian_mantou),7,"汤锅(加汤底/食材,盖盖煮制)",裹馅面食(kaleidoscope_cookery:stuffed_dough_food) + 裹馅面食(kaleidoscope_cookery:stuffed_dough_food) + 裹馅面食(kaleidoscope_cookery:stuffed_dough_food) + 裹馅面食(kaleidoscope_cookery:stuffed_dough_food) + 裹馅面食(kaleidoscope_cookery:stuffed_dough_food) + 裹馅面食(kaleidoscope_cookery:stuffed_dough_food) + 裹馅面食(kaleidoscope_cookery:stuffed_dough_food),
stockpot_shengjian_mantou_count_8,水煎包(kaleidoscope_cookery:shengjian_mantou),8,"汤锅(加汤底/食材,盖盖煮制)",裹馅面食(kaleidoscope_cookery:stuffed_dough_food) + 裹馅面食(kaleidoscope_cookery:stuffed_dough_food) + 裹馅面食(kaleidoscope_cookery:stuffed_dough_food) + 裹馅面食(kaleidoscope_cookery:stuffed_dough_food) + 裹馅面食(kaleidoscope_cookery:stuffed_dough_food) + 裹馅面食(kaleidoscope_cookery:stuffed_dough_food) + 裹馅面食(kaleidoscope_cookery:stuffed_dough_food) + 裹馅面食(kaleidoscope_cookery:stuffed_dough_food),
stockpot_shengjian_mantou_count_9,水煎包(kaleidoscope_cookery:shengjian_mantou),9,"汤锅(加汤底/食材,盖盖煮制)",裹馅面食(kaleidoscope_cookery:stuffed_dough_food) + 裹馅面食(kaleidoscope_cookery:stuffed_dough_food) + 裹馅面食(kaleidoscope_cookery:stuffed_dough_food) + 裹馅面食(kaleidoscope_cookery:stuffed_dough_food) + 裹馅面食(kaleidoscope_cookery:stuffed_dough_food) + 裹馅面食(kaleidoscope_cookery:stuffed_dough_food) + 裹馅面食(kaleidoscope_cookery:stuffed_dough_food) + 裹馅面食(kaleidoscope_cookery:stuffed_dough_food) + 裹馅面食(kaleidoscope_cookery:stuffed_dough_food),
stockpot_spicy_blood_stew,毛血旺(kaleidoscope_cookery:spicy_blood_stew),1,"汤锅(加汤底/食材,盖盖煮制)",生猪排(#c:foods/raw_pork) + 生猪排(#c:foods/raw_pork) + 生猪排(#c:foods/raw_pork) + 生猪排(#c:foods/raw_pork) + 辣椒(#c:crops/chilipepper) + 辣椒(#c:crops/chilipepper) + 辣椒(#c:crops/chilipepper) + 辣椒(#c:crops/chilipepper) + 烈焰粉(minecraft:blaze_powder),
stockpot_udon_noodle,乌冬面(kaleidoscope_cookery:udon_noodle),1,"汤锅(加汤底/食材,盖盖煮制)",生菜(#c:crops/lettuce) + 生菜(#c:crops/lettuce) + 蛋(#c:eggs) + 蛋(#c:eggs) + 生面条(kaleidoscope_cookery:raw_noodles) + 生面条(kaleidoscope_cookery:raw_noodles) + 生面条(kaleidoscope_cookery:raw_noodles),
stockpot_warped_fungus_pot_soup,诡异菌瓦罐汤(kaleidoscope_cookery:warped_fungus_pot_soup),1,"汤锅(加汤底/食材,盖盖煮制)",诡异菌(minecraft:warped_fungus) + 诡异菌(minecraft:warped_fungus) + 诡异菌(minecraft:warped_fungus) + 诡异菌(minecraft:warped_fungus) + 诡异菌(minecraft:warped_fungus) + 诡异菌(minecraft:warped_fungus),载体:花盆(minecraft:flower_pot)
stockpot_wild_mushroom_rabbit_soup,野菌兔肉汤(kaleidoscope_cookery:wild_mushroom_rabbit_soup),1,"汤锅(加汤底/食材,盖盖煮制)",蘑菇(#c:mushrooms) + 蘑菇(#c:mushrooms) + 蘑菇(#c:mushrooms) + 生兔肉(minecraft:rabbit) + 生兔肉(minecraft:rabbit),
stockpot_zongzi_count_1,熟粽子(kaleidoscope_cookery:zongzi),1,"汤锅(加汤底/食材,盖盖煮制)",生粽子(kaleidoscope_cookery:raw_zongzi),
stockpot_zongzi_count_2,熟粽子(kaleidoscope_cookery:zongzi),2,"汤锅(加汤底/食材,盖盖煮制)",生粽子(kaleidoscope_cookery:raw_zongzi) + 生粽子(kaleidoscope_cookery:raw_zongzi),
stockpot_zongzi_count_3,熟粽子(kaleidoscope_cookery:zongzi),3,"汤锅(加汤底/食材,盖盖煮制)",生粽子(kaleidoscope_cookery:raw_zongzi) + 生粽子(kaleidoscope_cookery:raw_zongzi) + 生粽子(kaleidoscope_cookery:raw_zongzi),
stockpot_zongzi_count_4,熟粽子(kaleidoscope_cookery:zongzi),4,"汤锅(加汤底/食材,盖盖煮制)",生粽子(kaleidoscope_cookery:raw_zongzi) + 生粽子(kaleidoscope_cookery:raw_zongzi) + 生粽子(kaleidoscope_cookery:raw_zongzi) + 生粽子(kaleidoscope_cookery:raw_zongzi),
stockpot_zongzi_count_5,熟粽子(kaleidoscope_cookery:zongzi),5,"汤锅(加汤底/食材,盖盖煮制)",生粽子(kaleidoscope_cookery:raw_zongzi) + 生粽子(kaleidoscope_cookery:raw_zongzi) + 生粽子(kaleidoscope_cookery:raw_zongzi) + 生粽子(kaleidoscope_cookery:raw_zongzi) + 生粽子(kaleidoscope_cookery:raw_zongzi),
stockpot_zongzi_count_6,熟粽子(kaleidoscope_cookery:zongzi),6,"汤锅(加汤底/食材,盖盖煮制)",生粽子(kaleidoscope_cookery:raw_zongzi) + 生粽子(kaleidoscope_cookery:raw_zongzi) + 生粽子(kaleidoscope_cookery:raw_zongzi) + 生粽子(kaleidoscope_cookery:raw_zongzi) + 生粽子(kaleidoscope_cookery:raw_zongzi) + 生粽子(kaleidoscope_cookery:raw_zongzi),
stockpot_zongzi_count_7,熟粽子(kaleidoscope_cookery:zongzi),7,"汤锅(加汤底/食材,盖盖煮制)",生粽子(kaleidoscope_cookery:raw_zongzi) + 生粽子(kaleidoscope_cookery:raw_zongzi) + 生粽子(kaleidoscope_cookery:raw_zongzi) + 生粽子(kaleidoscope_cookery:raw_zongzi) + 生粽子(kaleidoscope_cookery:raw_zongzi) + 生粽子(kaleidoscope_cookery:raw_zongzi) + 生粽子(kaleidoscope_cookery:raw_zongzi),
stockpot_zongzi_count_8,熟粽子(kaleidoscope_cookery:zongzi),8,"汤锅(加汤底/食材,盖盖煮制)",生粽子(kaleidoscope_cookery:raw_zongzi) + 生粽子(kaleidoscope_cookery:raw_zongzi) + 生粽子(kaleidoscope_cookery:raw_zongzi) + 生粽子(kaleidoscope_cookery:raw_zongzi) + 生粽子(kaleidoscope_cookery:raw_zongzi) + 生粽子(kaleidoscope_cookery:raw_zongzi) + 生粽子(kaleidoscope_cookery:raw_zongzi) + 生粽子(kaleidoscope_cookery:raw_zongzi),
stockpot_zongzi_count_9,熟粽子(kaleidoscope_cookery:zongzi),9,"汤锅(加汤底/食材,盖盖煮制)",生粽子(kaleidoscope_cookery:raw_zongzi) + 生粽子(kaleidoscope_cookery:raw_zongzi) + 生粽子(kaleidoscope_cookery:raw_zongzi) + 生粽子(kaleidoscope_cookery:raw_zongzi) + 生粽子(kaleidoscope_cookery:raw_zongzi) + 生粽子(kaleidoscope_cookery:raw_zongzi) + 生粽子(kaleidoscope_cookery:raw_zongzi) + 生粽子(kaleidoscope_cookery:raw_zongzi) + 生粽子(kaleidoscope_cookery:raw_zongzi),
stockpot_lid,汤锅盖(kaleidoscope_cookery:stockpot_lid),1,工作台,红砖(minecraft:brick) + 铁锭(#c:ingots/iron)×3,
stove_campfire,炉灶(kaleidoscope_cookery:stove),1,工作台,圆石(#c:cobblestones)×8 + 营火(minecraft:campfire),
stove_soul_campfire,炉灶(kaleidoscope_cookery:stove),1,工作台,圆石(#c:cobblestones)×8 + 灵魂营火(minecraft:soul_campfire),
straw_block,稻草捆(kaleidoscope_cookery:straw_block),1,工作台,稻穗(kaleidoscope_cookery:rice_panicle)×9,
straw_hat,草帽(kaleidoscope_cookery:straw_hat),1,工作台,小麦(minecraft:wheat)×4 + 线(minecraft:string),
straw_hat_flower,缀花草帽(kaleidoscope_cookery:straw_hat_flower),1,工作台,花(#minecraft:flowers)×8 + 草帽(kaleidoscope_cookery:straw_hat),
strung_mushrooms,蘑菇串串(kaleidoscope_cookery:strung_mushrooms),1,工作台,棕色蘑菇(minecraft:brown_mushroom)×6,
stuffed_dough_food,裹馅面食(kaleidoscope_cookery:stuffed_dough_food),1,工作台,生肉(#c:raw_meats) + 蔬菜(#c:vegetables) + 面团(#c:dough),
stuffed_dough_food_steamer,蒸笼(kaleidoscope_cookery:steamer),1,工作台,蒸笼(kaleidoscope_cookery:steamer) + 裹馅面食(kaleidoscope_cookery:stuffed_dough_food) + 裹馅面食(kaleidoscope_cookery:stuffed_dough_food) + 裹馅面食(kaleidoscope_cookery:stuffed_dough_food) + 裹馅面食(kaleidoscope_cookery:stuffed_dough_food),
sweet_and_sour_pork_rice_bowl,糖醋里脊盖饭(kaleidoscope_cookery:sweet_and_sour_pork_rice_bowl),1,盖饭(饭碗:菜+米饭),糖醋里脊(kaleidoscope_cookery:sweet_and_sour_pork),
table_acacia,金合欢木餐桌(kaleidoscope_cookery:table_acacia),1,工作台,金合欢木台阶(minecraft:acacia_slab)×3 + 金合欢木栅栏(minecraft:acacia_fence)×2,
table_bamboo,竹餐桌(kaleidoscope_cookery:table_bamboo),1,工作台,竹台阶(minecraft:bamboo_slab)×3 + 竹块(minecraft:bamboo_block)×2,
table_birch,白桦木餐桌(kaleidoscope_cookery:table_birch),1,工作台,白桦木台阶(minecraft:birch_slab)×3 + 白桦木栅栏(minecraft:birch_fence)×2,
table_cherry,樱花木餐桌(kaleidoscope_cookery:table_cherry),1,工作台,樱花木台阶(minecraft:cherry_slab)×3 + 樱花木栅栏(minecraft:cherry_fence)×2,
table_crimson,绯红木餐桌(kaleidoscope_cookery:table_crimson),1,工作台,绯红木台阶(minecraft:crimson_slab)×3 + 绯红木栅栏(minecraft:crimson_fence)×2,
table_dark_oak,深色橡木餐桌(kaleidoscope_cookery:table_dark_oak),1,工作台,深色橡木台阶(minecraft:dark_oak_slab)×3 + 深色橡木栅栏(minecraft:dark_oak_fence)×2,
table_jungle,丛林木餐桌(kaleidoscope_cookery:table_jungle),1,工作台,丛林木台阶(minecraft:jungle_slab)×3 + 丛林木栅栏(minecraft:jungle_fence)×2,
table_mangrove,红树木餐桌(kaleidoscope_cookery:table_mangrove),1,工作台,红树木台阶(minecraft:mangrove_slab)×3 + 红树木栅栏(minecraft:mangrove_fence)×2,
table_oak,橡木餐桌(kaleidoscope_cookery:table_oak),1,工作台,橡木台阶(minecraft:oak_slab)×3 + 橡木栅栏(minecraft:oak_fence)×2,
table_spruce,云杉木餐桌(kaleidoscope_cookery:table_spruce),1,工作台,云杉木台阶(minecraft:spruce_slab)×3 + 云杉木栅栏(minecraft:spruce_fence)×2,
table_warped,诡异木餐桌(kaleidoscope_cookery:table_warped),1,工作台,诡异木台阶(minecraft:warped_slab)×3 + 诡异木栅栏(minecraft:warped_fence)×2,
teapot,茶壶(kaleidoscope_cookery:teapot),1,工作台,铜锭(#c:ingots/copper)×6 + 桶(minecraft:bucket),
teapot_barley_tea,大麦茶(kaleidoscope_cookery:barley_tea),1,茶壶,小麦种子(minecraft:wheat_seeds),240 刻; 茶底:水(minecraft:water)
teapot_biluochun,碧螺春(kaleidoscope_cookery:biluochun),1,茶壶,鹦鹉螺壳(minecraft:nautilus_shell),240 刻; 茶底:水(minecraft:water)
teapot_flower_tea,花茶(kaleidoscope_cookery:flower_tea),1,茶壶,小花(#minecraft:small_flowers),240 刻; 茶底:水(minecraft:water)
teapot_oolong,乌龙茶(kaleidoscope_cookery:oolong),1,茶壶,龙息(minecraft:dragon_breath),240 刻; 茶底:水(minecraft:water)
teapot_sakura_fubuki,樱吹雪(kaleidoscope_cookery:sakura_fubuki),1,茶壶,粉红色花瓣(minecraft:pink_petals),240 刻; 茶底:水(minecraft:water)
teapot_tieguanyin,铁观音(kaleidoscope_cookery:tieguanyin),1,茶壶,铁粒(minecraft:iron_nugget),240 刻; 茶底:水(minecraft:water)
tomato_platter,番茄拼盘(kaleidoscope_cookery:tomato_platter),1,工作台,番茄(kaleidoscope_cookery:tomato) + 番茄(kaleidoscope_cookery:tomato) + 番茄(kaleidoscope_cookery:tomato) + 番茄(kaleidoscope_cookery:tomato) + 番茄(kaleidoscope_cookery:tomato) + 碗(minecraft:bowl),
tomato_seed,番茄种子(kaleidoscope_cookery:tomato_seed),1,工作台,番茄(kaleidoscope_cookery:tomato),
transmutation_lunch_bag,嬗变饭袋(kaleidoscope_cookery:transmutation_lunch_bag),1,工作台,皮革(minecraft:leather)×6 + 下界之星(minecraft:nether_star),
trash_can,垃圾桶(kaleidoscope_cookery:trash_can),1,工作台,铁锭(#c:ingots/iron)×8 + 堆肥桶(minecraft:composter),
tundra_style_sashimi,苔原风味刺身(kaleidoscope_cookery:tundra_style_sashimi),1,工作台,花(#minecraft:flowers) + 花(#minecraft:flowers) + 刺身(kaleidoscope_cookery:sashimi) + 刺身(kaleidoscope_cookery:sashimi) + 刺身(kaleidoscope_cookery:sashimi) + 刺身(kaleidoscope_cookery:sashimi) + 碗(minecraft:bowl),
watermelon_platter,西瓜拼盘(kaleidoscope_cookery:watermelon_platter),1,工作台,西瓜片(minecraft:melon_slice) + 西瓜片(minecraft:melon_slice) + 西瓜片(minecraft:melon_slice) + 碗(minecraft:bowl),
zongzi_plate,一盘粽子(kaleidoscope_cookery:zongzi_plate),1,工作台,熟粽子(kaleidoscope_cookery:zongzi) + 熟粽子(kaleidoscope_cookery:zongzi) + 熟粽子(kaleidoscope_cookery:zongzi) + 熟粽子(kaleidoscope_cookery:zongzi) + 碗(minecraft:bowl),
