"设备","recipeId","输入容器","交付物","返还路径","证据","决定","scopeStatus","runtimeStatus"
"farmersdelight:cooking","mynethersdelight:cooking/chilidog","mynethersdelight:hotdog","mynethersdelight:chilidog","NONE","recipe JSON container 字段 + 烹饪/发酵/搅拌设备行为：容器随交付物给出（非返还）","PART_OF_RESULT","IN_SCOPE","UNKNOWN"
"farmersdelight:cooking","mynethersdelight:cooking/fries_ghasta","minecraft:paper","mynethersdelight:fries_ghasta","NONE","recipe JSON container 字段 + 烹饪/发酵/搅拌设备行为：容器随交付物给出（非返还）","PART_OF_RESULT","IN_SCOPE","UNKNOWN"
"farmersdelight:cooking","mynethersdelight:cooking/hotcream","minecraft:bucket","mynethersdelight:hot_cream","NONE","recipe JSON container 字段 + 烹饪/发酵/搅拌设备行为：容器随交付物给出（非返还）","PART_OF_RESULT","IN_SCOPE","UNKNOWN"
"farmersdelight:cooking","mynethersdelight:cooking/roast_stuffed_hoglin","minecraft:bowl","mynethersdelight:roast_stuffed_hoglin","NONE","recipe JSON container 字段 + 烹饪/发酵/搅拌设备行为：容器随交付物给出（非返还）","PART_OF_RESULT","OUT_OF_SCOPE","UNKNOWN"
"farmersdelight:cooking","dungeonsdelight:cooking/snuffledog","minecraft:bread","dungeonsdelight:snuffledog","NONE","recipe JSON container 字段 + 烹饪/发酵/搅拌设备行为：容器随交付物给出（非返还）","PART_OF_RESULT","IN_SCOPE","UNKNOWN"
"dungeonsdelight:monster_cooking","dungeonsdelight:integration/minersdelight/monster_cooking/meals/poi_cup","minersdelight:copper_cup","dungeonsdelight:poi_cup","NONE","recipe JSON container 字段 + 烹饪/发酵/搅拌设备行为：容器随交付物给出（非返还）","PART_OF_RESULT","IN_SCOPE","UNKNOWN"
"dungeonsdelight:monster_cooking","dungeonsdelight:integration/minersdelight/monster_cooking/meals/salt_soaked_stew_cup","minersdelight:copper_cup","dungeonsdelight:salt_soaked_stew_cup","NONE","recipe JSON container 字段 + 烹饪/发酵/搅拌设备行为：容器随交付物给出（非返还）","PART_OF_RESULT","IN_SCOPE","UNKNOWN"
"dungeonsdelight:monster_cooking","dungeonsdelight:integration/minersdelight/monster_cooking/meals/spider_salmagundi_cup","minersdelight:copper_cup","dungeonsdelight:spider_salmagundi_cup","NONE","recipe JSON container 字段 + 烹饪/发酵/搅拌设备行为：容器随交付物给出（非返还）","PART_OF_RESULT","IN_SCOPE","UNKNOWN"
"dungeonsdelight:monster_cooking","dungeonsdelight:integration/minersdelight/monster_cooking/misc/rubaboo_cup","minersdelight:copper_cup","dungeonsdelight:rubaboo_cup","NONE","recipe JSON container 字段 + 烹饪/发酵/搅拌设备行为：容器随交付物给出（非返还）","PART_OF_RESULT","IN_SCOPE","UNKNOWN"
"farmersdelight:cooking","dungeonsdelight:integration/twilightforest/cooking/misc/meef_wellington","minecraft:bread","dungeonsdelight:meef_wellington","NONE","recipe JSON container 字段 + 烹饪/发酵/搅拌设备行为：容器随交付物给出（非返还）","PART_OF_RESULT","OUT_OF_SCOPE","UNKNOWN"
"dungeonsdelight:monster_cooking","dungeonsdelight:integration/twilightforest/monster_cooking/meals/tower_boreito","minecraft:bread","dungeonsdelight:tower_boreito","NONE","recipe JSON container 字段 + 烹饪/发酵/搅拌设备行为：容器随交付物给出（非返还）","PART_OF_RESULT","IN_SCOPE","UNKNOWN"
"dungeonsdelight:monster_cooking","dungeonsdelight:monster_cooking/breeze_cream_cone","minecraft:phantom_membrane","dungeonsdelight:breeze_cream_cone","NONE","recipe JSON container 字段 + 烹饪/发酵/搅拌设备行为：容器随交付物给出（非返还）","PART_OF_RESULT","IN_SCOPE","UNKNOWN"
"dungeonsdelight:monster_cooking","dungeonsdelight:monster_cooking/guardian_angel_block","minecraft:bowl","dungeonsdelight:guardian_angel_block","NONE","recipe JSON container 字段 + 烹饪/发酵/搅拌设备行为：容器随交付物给出（非返还）","PART_OF_RESULT","OUT_OF_SCOPE","UNKNOWN"
"dungeonsdelight:monster_cooking","dungeonsdelight:monster_cooking/malicious_sandwich","minecraft:bread","dungeonsdelight:malicious_sandwich","NONE","recipe JSON container 字段 + 烹饪/发酵/搅拌设备行为：容器随交付物给出（非返还）","PART_OF_RESULT","IN_SCOPE","UNKNOWN"
"dungeonsdelight:monster_cooking","dungeonsdelight:monster_cooking/monster_burger","farmersdelight:hamburger","dungeonsdelight:monster_burger","NONE","recipe JSON container 字段 + 烹饪/发酵/搅拌设备行为：容器随交付物给出（非返还）","PART_OF_RESULT","IN_SCOPE","UNKNOWN"
"dungeonsdelight:monster_cooking","dungeonsdelight:monster_cooking/monster_mousse_block","minecraft:bowl","dungeonsdelight:monster_mousse_block","NONE","recipe JSON container 字段 + 烹饪/发酵/搅拌设备行为：容器随交付物给出（非返还）","PART_OF_RESULT","OUT_OF_SCOPE","UNKNOWN"
"dungeonsdelight:monster_cooking","dungeonsdelight:monster_cooking/necronog","minecraft:glass_bottle","dungeonsdelight:necronog","NONE","recipe JSON container 字段 + 烹饪/发酵/搅拌设备行为：容器随交付物给出（非返还）","PART_OF_RESULT","IN_SCOPE","UNKNOWN"
"dungeonsdelight:monster_cooking","dungeonsdelight:monster_cooking/ossobuco_block","minecraft:skeleton_skull","dungeonsdelight:ossobuco_block","NONE","recipe JSON container 字段 + 烹饪/发酵/搅拌设备行为：容器随交付物给出（非返还）","PART_OF_RESULT","OUT_OF_SCOPE","UNKNOWN"
"dungeonsdelight:monster_cooking","dungeonsdelight:monster_cooking/rot_roast","dungeonsdelight:carved_rotgourd","dungeonsdelight:rot_roast","NONE","recipe JSON container 字段 + 烹饪/发酵/搅拌设备行为：容器随交付物给出（非返还）","PART_OF_RESULT","IN_SCOPE","UNKNOWN"
"dungeonsdelight:monster_cooking","dungeonsdelight:monster_cooking/spider_bubble_tea","farmersdelight:milk_bottle","dungeonsdelight:spider_bubble_tea","NONE","recipe JSON container 字段 + 烹饪/发酵/搅拌设备行为：容器随交付物给出（非返还）","PART_OF_RESULT","IN_SCOPE","UNKNOWN"
"farmersdelight:cooking","brewinandchewin:cooking/apple_jelly","minecraft:glass_bottle","brewinandchewin:apple_jelly","NONE","recipe JSON container 字段 + 烹饪/发酵/搅拌设备行为：容器随交付物给出（非返还）","PART_OF_RESULT","IN_SCOPE","UNKNOWN"
"farmersdelight:cooking","brewinandchewin:cooking/cheesy_pasta","minecraft:bowl","brewinandchewin:cheesy_pasta","NONE","recipe JSON container 字段 + 烹饪/发酵/搅拌设备行为：容器随交付物给出（非返还）","PART_OF_RESULT","IN_SCOPE","UNKNOWN"
"farmersdelight:cooking","brewinandchewin:cooking/creamy_onion_soup","minecraft:bowl","brewinandchewin:creamy_onion_soup","NONE","recipe JSON container 字段 + 烹饪/发酵/搅拌设备行为：容器随交付物给出（非返还）","PART_OF_RESULT","IN_SCOPE","UNKNOWN"
"farmersdelight:cooking","brewinandchewin:cooking/fiery_fondue_pot","minecraft:cauldron","brewinandchewin:fiery_fondue_pot","NONE","recipe JSON container 字段 + 烹饪/发酵/搅拌设备行为：容器随交付物给出（非返还）","PART_OF_RESULT","OUT_OF_SCOPE","UNKNOWN"
"farmersdelight:cooking","brewinandchewin:cooking/glow_berry_marmalade","minecraft:glass_bottle","brewinandchewin:glow_berry_marmalade","NONE","recipe JSON container 字段 + 烹饪/发酵/搅拌设备行为：容器随交付物给出（非返还）","PART_OF_RESULT","IN_SCOPE","UNKNOWN"
"farmersdelight:cooking","brewinandchewin:cooking/horror_lasagna","minecraft:bowl","brewinandchewin:horror_lasagna","NONE","recipe JSON container 字段 + 烹饪/发酵/搅拌设备行为：容器随交付物给出（非返还）","PART_OF_RESULT","IN_SCOPE","UNKNOWN"
"farmersdelight:cooking","brewinandchewin:cooking/scarlet_pierogi","minecraft:bowl","brewinandchewin:scarlet_pierogi","NONE","recipe JSON container 字段 + 烹饪/发酵/搅拌设备行为：容器随交付物给出（非返还）","PART_OF_RESULT","IN_SCOPE","UNKNOWN"
"farmersdelight:cooking","brewinandchewin:cooking/sweet_berry_jam","minecraft:glass_bottle","brewinandchewin:sweet_berry_jam","NONE","recipe JSON container 字段 + 烹饪/发酵/搅拌设备行为：容器随交付物给出（非返还）","PART_OF_RESULT","IN_SCOPE","UNKNOWN"
"farmersdelight:cooking","brewinandchewin:cooking/vegetable_omelet","minecraft:bowl","brewinandchewin:vegetable_omelet","NONE","recipe JSON container 字段 + 烹饪/发酵/搅拌设备行为：容器随交付物给出（非返还）","PART_OF_RESULT","IN_SCOPE","UNKNOWN"
"brewinandchewin:keg_pouring","brewinandchewin:pouring/potion","minecraft:glass_bottle","minecraft:potion","NONE","recipe JSON container 字段 + 烹饪/发酵/搅拌设备行为：容器随交付物给出（非返还）","PART_OF_RESULT","OUT_OF_SCOPE","UNKNOWN"
"brewinandchewin:create_potion_pouring","brewinandchewin:pouring/create/potion","minecraft:glass_bottle","minecraft:potion","NONE","recipe JSON container 字段 + 烹饪/发酵/搅拌设备行为：容器随交付物给出（非返还）","PART_OF_RESULT","OUT_OF_SCOPE","UNKNOWN"
"brewinandchewin:keg_pouring","brewinandchewin:pouring/unripe_flaxen_cheese_wheel","minecraft:honeycomb","brewinandchewin:unripe_flaxen_cheese_wheel","NONE","recipe JSON container 字段 + 烹饪/发酵/搅拌设备行为：容器随交付物给出（非返还）","PART_OF_RESULT","OUT_OF_SCOPE","UNKNOWN"
"brewinandchewin:keg_pouring","brewinandchewin:pouring/unripe_scarlet_cheese_wheel","minecraft:honeycomb","brewinandchewin:unripe_scarlet_cheese_wheel","NONE","recipe JSON container 字段 + 烹饪/发酵/搅拌设备行为：容器随交付物给出（非返还）","PART_OF_RESULT","OUT_OF_SCOPE","UNKNOWN"
"brewinandchewin:keg_pouring","brewinandchewin:pouring/create/builders_tea","minecraft:glass_bottle","create:builders_tea","NONE","recipe JSON container 字段 + 烹饪/发酵/搅拌设备行为：容器随交付物给出（非返还）","PART_OF_RESULT","OUT_OF_SCOPE","UNKNOWN"
"bakeries:blender","bakeries:blender/bottle_cream","minecraft:glass_bottle","bakeries:bottle_cream","NONE","recipe JSON container 字段 + 烹饪/发酵/搅拌设备行为：容器随交付物给出（非返还）","PART_OF_RESULT","IN_SCOPE","UNKNOWN"
"bakeries:blender","bakeries:blender/matcha_parfait","minecraft:glass_bottle","bakeries:matcha_parfait","NONE","recipe JSON container 字段 + 烹饪/发酵/搅拌设备行为：容器随交付物给出（非返还）","PART_OF_RESULT","IN_SCOPE","UNKNOWN"
"bakeries:blender","bakeries:blender/olive_oil","minecraft:glass_bottle","bakeries:olive_oil","NONE","recipe JSON container 字段 + 烹饪/发酵/搅拌设备行为：容器随交付物给出（非返还）","PART_OF_RESULT","IN_SCOPE","UNKNOWN"
