"item_id","中文名","来源模组","6A分类","6A建议档次","旧权威表档次","当前item档次","命中recipe覆盖","当前实际档次","合并状态","是否新增","有效配方ID","分类证据","建议动作"
"bakeries:bagel","Bagel","Bakeries","DISH","T2","","","","","NEW","是","bakeries:oven/bagel","cooking_device=bakeries:oven;food_component","6B.1 可考虑新增 item tier=T2 + FG entry"
"bakeries:bagel_filled_sauce","Bagel Filled Sauce","Bakeries","DISH","T2","","","","","NEW","是","bakeries:bagel_filled_sauce","manual_override;FOOD nutrition=12 saturation=9.6; recipe id=bakeries:bagel_filled_sauce (shapeless bagel+bearnaise); 夹馅成品","6B.1 可考虑新增 item tier=T2 + FG entry"
"bakeries:baguette","Baguette","Bakeries","DISH","T2","","","","","NEW","是","bakeries:oven/baguette","cooking_device=bakeries:oven;food_component","6B.1 可考虑新增 item tier=T2 + FG entry"
"bakeries:baguette_with_filling","Baguette With Filling","Bakeries","DISH","T2","","","","","NEW","是","bakeries:baguette_with_filling","manual_override;FOOD nutrition=13 saturation=10.4; recipe id=bakeries:baguette_with_filling (baguette+tomato+cooked_pork)×2; 夹馅成品","6B.1 可考虑新增 item tier=T2 + FG entry"
"bakeries:bake_sliced_toast","Bake Sliced Toast","Bakeries","DISH","COMMON","","","","","NEW","是","bakeries:bake_sliced_toast","dish_token;edible=true;type=minecraft:campfire_cooking","6B.1 可考虑新增 item tier=COMMON + FG entry"
"bakeries:berry_bagel","Berry Bagel","Bakeries","DISH","T2","","","","","NEW","是","bakeries:berry_bagel","dish_token;edible=true;type=minecraft:crafting_shapeless","6B.1 可考虑新增 item tier=T2 + FG entry"
"bakeries:brown_sugar_roll","Brown Sugar Roll","Bakeries","DISH","T2","","","","","NEW","是","bakeries:oven/brown_sugar_roll","dish_token;edible=true;type=bakeries:oven","6B.1 可考虑新增 item tier=T2 + FG entry"
"bakeries:cheese_cream_bread","Cheese Cream Bread","Bakeries","DISH","T2","","","","","NEW","是","bakeries:cheese_cream_bread","dish_token;edible=true;type=minecraft:crafting_shapeless","6B.1 可考虑新增 item tier=T2 + FG entry"
"bakeries:ciabatta","Ciabatta","Bakeries","DISH","T2","","","","","NEW","是","bakeries:oven/ciabatta","cooking_device=bakeries:oven;food_component","6B.1 可考虑新增 item tier=T2 + FG entry"
"bakeries:cooked_taro","Cooked Taro","Bakeries","DISH","COMMON","","","","","NEW","是","bakeries:cooked_taro | bakeries:cooked_taro_campfire_cooking | bakeries:cooked_taro_smoking","cooking_device=minecraft:smelting;food_component","6B.1 可考虑新增 item tier=COMMON + FG entry"
"bakeries:country_bread_slice","Country Bread Slice","Bakeries","DISH","T2","","","","","NEW","是","bakeries:bread_knife/country_bread_slice","dish_token;edible=true;type=bakeries:bread_knife","6B.1 可考虑新增 item tier=T2 + FG entry"
"bakeries:croissant","Croissant","Bakeries","DISH","T2","","","","","NEW","是","bakeries:oven/croissant","dish_token;edible=true;type=bakeries:oven","6B.1 可考虑新增 item tier=T2 + FG entry"
"bakeries:dirty_choco_croissant","Dirty Choco Croissant","Bakeries","DISH","T2","","","","","NEW","是","bakeries:dirty_choco_croissant","dish_token;edible=true;type=minecraft:crafting_shapeless","6B.1 可考虑新增 item tier=T2 + FG entry"
"bakeries:egg_tart","Egg Tart","Bakeries","DISH","T2","","","","","NEW","是","bakeries:oven/egg_tart","dish_token;edible=true;type=bakeries:oven","6B.1 可考虑新增 item tier=T2 + FG entry"
"bakeries:flat_croissant","Flat Croissant","Bakeries","DISH","T2","","","","","NEW","是","bakeries:integration/create/pressing/flat_croissant","dish_token;edible=true;type=create:pressing","6B.1 可考虑新增 item tier=T2 + FG entry"
"bakeries:focaccia","Focaccia","Bakeries","DISH","T2","","","","","NEW","是","bakeries:oven/focaccia","cooking_device=bakeries:oven;food_component","6B.1 可考虑新增 item tier=T2 + FG entry"
"bakeries:honey_butter_spread_country_bread","Honey Butter Spread Country Bread","Bakeries","DISH","T2","","","","","NEW","是","bakeries:honey_butter_spread_country_bread","dish_token;edible=true;type=minecraft:crafting_shapeless","6B.1 可考虑新增 item tier=T2 + FG entry"
"bakeries:honey_butter_spread_toast","Honey Butter Spread Toast","Bakeries","DISH","T2","","","","","NEW","是","bakeries:honey_butter_spread_toast","dish_token;edible=true;type=minecraft:crafting_shapeless","6B.1 可考虑新增 item tier=T2 + FG entry"
"bakeries:matcha_parfait","Matcha Parfait","Bakeries","DISH","T2","","","","","NEW","是","bakeries:blender/matcha_parfait | bakeries:compat/create/matcha_parfait","dish_token;edible=true;type=bakeries:blender","6B.1 可考虑新增 item tier=T2 + FG entry"
"bakeries:meat_floss_bread_roll","Meat Floss Bread Roll","Bakeries","DISH","T2","","","","","NEW","是","bakeries:meat_floss_bread_roll","manual_override;FOOD nutrition=7 saturation=10.5; recipe id=bakeries:meat_floss_bread_roll (sliced_toast×4+meat_floss×4+bearnaise)×4; 多原料点心","6B.1 可考虑新增 item tier=T2 + FG entry"
"bakeries:pineapple_bun","Pineapple Bun","Bakeries","DISH","T2","","","","","NEW","是","bakeries:oven/pineapple_bun","dish_token;edible=true;type=bakeries:oven","6B.1 可考虑新增 item tier=T2 + FG entry"
"bakeries:rice_bread","Rice Bread","Bakeries","DISH","T2","","","","","NEW","是","bakeries:oven/rice_bread","dish_token;edible=true;type=bakeries:oven","6B.1 可考虑新增 item tier=T2 + FG entry"
"bakeries:round_bread","Round Bread","Bakeries","DISH","T2","","","","","NEW","是","bakeries:oven/round_bread","dish_token;edible=true;type=bakeries:oven","6B.1 可考虑新增 item tier=T2 + FG entry"
"bakeries:salmon_sandwich","Salmon Sandwich","Bakeries","DISH","T2","","","","","NEW","是","bakeries:compat/salmon_sandwich","dish_token;edible=true;type=minecraft:crafting_shapeless","6B.1 可考虑新增 item tier=T2 + FG entry"
"bakeries:salt_croissant","Salt Croissant","Bakeries","DISH","T2","","","","","NEW","是","bakeries:oven/salt_croissant","dish_token;edible=true;type=bakeries:oven","6B.1 可考虑新增 item tier=T2 + FG entry"
"bakeries:sliced_cheese_cocoa_toast","Sliced Cheese Cocoa Toast","Bakeries","DISH","T2","","","","","NEW","是","bakeries:bread_knife/sliced_cheese_cocoa_toast","dish_token;edible=true;type=bakeries:bread_knife","6B.1 可考虑新增 item tier=T2 + FG entry"
"bakeries:sliced_toast","Sliced Toast","Bakeries","DISH","T2","","","","","NEW","是","bakeries:bread_knife/sliced_toast","dish_token;edible=true;type=bakeries:bread_knife","6B.1 可考虑新增 item tier=T2 + FG entry"
"bakeries:taro_salt_yolk_bread","Taro Salt Yolk Bread","Bakeries","DISH","T2","","","","","NEW","是","bakeries:taro_salt_yolk_bread","dish_token;edible=true;type=minecraft:crafting_shapeless","6B.1 可考虑新增 item tier=T2 + FG entry"
"bakeries:tomato_cheese_croissant_sandwich","Tomato Cheese Croissant Sandwich","Bakeries","DISH","T2","","","","","NEW","是","bakeries:tomato_cheese_croissant_sandwich","dish_token;edible=true;type=minecraft:crafting_shapeless","6B.1 可考虑新增 item tier=T2 + FG entry"
"bakeries:whole_wheat_bagel","Whole Wheat Bagel","Bakeries","DISH","T2","","","","","NEW","是","bakeries:oven/whole_wheat_bagel","dish_token;edible=true;type=bakeries:oven","6B.1 可考虑新增 item tier=T2 + FG entry"
"brewinandchewin:apple_jelly","Apple Jelly","Brewin' and Chewin'","DISH","T2","","","","","NEW","是","brewinandchewin:cooking/apple_jelly","cooking_device=farmersdelight:cooking;food_component","6B.1 可考虑新增 item tier=T2 + FG entry"
"brewinandchewin:cheesy_pasta","Pasta with Cheese","Brewin' and Chewin'","DISH","T2","","","","","NEW","是","brewinandchewin:cooking/cheesy_pasta","dish_token;edible=true;type=farmersdelight:cooking","6B.1 可考虑新增 item tier=T2 + FG entry"
"brewinandchewin:creamy_onion_soup","Creamy Onion Soup","Brewin' and Chewin'","DISH","T2","","","","","NEW","是","brewinandchewin:cooking/creamy_onion_soup","explicit_dish_allowlist","6B.1 可考虑新增 item tier=T2 + FG entry"
"brewinandchewin:glow_berry_marmalade","Glow Berry Marmalade","Brewin' and Chewin'","DISH","T2","","","","","NEW","是","brewinandchewin:cooking/glow_berry_marmalade","cooking_device=farmersdelight:cooking;food_component","6B.1 可考虑新增 item tier=T2 + FG entry"
"brewinandchewin:ham_and_cheese_sandwich","Ham and Cheese Sandwich","Brewin' and Chewin'","DISH","T2","","","","","NEW","是","brewinandchewin:ham_and_cheese_sandwich","dish_token;edible=true;type=minecraft:crafting_shapeless","6B.1 可考虑新增 item tier=T2 + FG entry"
"brewinandchewin:horror_lasagna","Horror Lasagna","Brewin' and Chewin'","DISH","T2","","","","","NEW","是","brewinandchewin:cooking/horror_lasagna","dish_token;edible=true;type=farmersdelight:cooking","6B.1 可考虑新增 item tier=T2 + FG entry"
"brewinandchewin:pizza_slice","Pizza Slice","Brewin' and Chewin'","DISH","T2","","","","","NEW","是","brewinandchewin:cutting/pizza","dish_token;edible=true;type=farmersdelight:cutting","6B.1 可考虑新增 item tier=T2 + FG entry"
"brewinandchewin:quiche_slice","Quiche Slice","Brewin' and Chewin'","DISH","COMMON","","","","","NEW","是","brewinandchewin:cutting/quiche","dish_token;edible=true;type=farmersdelight:cutting","6B.1 可考虑新增 item tier=COMMON + FG entry"
"brewinandchewin:scarlet_pierogi","Scarlet Pierogi","Brewin' and Chewin'","DISH","T2","","","","","NEW","是","brewinandchewin:cooking/scarlet_pierogi","cooking_device=farmersdelight:cooking;food_component","6B.1 可考虑新增 item tier=T2 + FG entry"
"brewinandchewin:sweet_berry_jam","Sweet Berry Jam","Brewin' and Chewin'","DISH","T2","","","","","NEW","是","brewinandchewin:cooking/sweet_berry_jam","cooking_device=farmersdelight:cooking;food_component","6B.1 可考虑新增 item tier=T2 + FG entry"
"brewinandchewin:vegetable_omelet","Vegetable Omelet","Brewin' and Chewin'","DISH","T2","","","","","NEW","是","brewinandchewin:cooking/vegetable_omelet","cooking_device=farmersdelight:cooking;food_component","6B.1 可考虑新增 item tier=T2 + FG entry"
"dungeonsdelight:amethyst_rock_candy","Amethyst Rock Candy","Dungeon's Delight","DISH","T2","","","","","NEW","是","dungeonsdelight:cooking/amethyst_rock_candy","cooking_device=farmersdelight:cooking;food_component","6B.1 可考虑新增 item tier=T2 + FG entry"
"dungeonsdelight:au_rotten_potatoes","Au Rotten Potatoes","Dungeon's Delight","DISH","T2","","","","","NEW","是","dungeonsdelight:monster_cooking/au_rotten_potatoes","cooking_device=dungeonsdelight:monster_cooking;food_component","6B.1 可考虑新增 item tier=T2 + FG entry"
"dungeonsdelight:bloated_baked_potato","Bloated Baked Potato","Dungeon's Delight","DISH","T2","","","","","NEW","是","dungeonsdelight:monster_cooking/bloated_baked_potato","cooking_device=dungeonsdelight:monster_cooking;food_component","6B.1 可考虑新增 item tier=T2 + FG entry"
"dungeonsdelight:bloody_mary","Bloody Mary","Dungeon's Delight","DISH","T2","","","","","NEW","是","dungeonsdelight:monster_cooking/bloody_mary","cooking_device=dungeonsdelight:monster_cooking;food_component","6B.1 可考虑新增 item tier=T2 + FG entry"
"dungeonsdelight:brains_in_a_brick","Brains in a Brick","Dungeon's Delight","DISH","T2","","","","","NEW","是","dungeonsdelight:monster_cooking/brains_in_a_brick","cooking_device=dungeonsdelight:monster_cooking;food_component","6B.1 可考虑新增 item tier=T2 + FG entry"
"dungeonsdelight:breeze_cream_cone","Breeze Cream Cone","Dungeon's Delight","DISH","T2","","","","","NEW","是","dungeonsdelight:monster_cooking/breeze_cream_cone","explicit_dish_allowlist","6B.1 可考虑新增 item tier=T2 + FG entry"
"dungeonsdelight:bubblegunk","Bubblegunk","Dungeon's Delight","DISH","COMMON","","","","","NEW","是","dungeonsdelight:bubblegunk_from_shapeless","manual_override;可食用成品小吃；饥饿0但成品；非关键中间料","6B.1 可考虑新增 item tier=COMMON + FG entry"
"dungeonsdelight:chicken_jockey_sandwich","Chicken Jockey Sandwich","Dungeon's Delight","DISH","T2","","","","","NEW","是","dungeonsdelight:monster_cooking/chicken_jockey_sandwich","dish_token;edible=true;type=dungeonsdelight:monster_cooking","6B.1 可考虑新增 item tier=T2 + FG entry"
"dungeonsdelight:chloropasta","Chloropasta","Dungeon's Delight","DISH","T2","","","","","NEW","是","dungeonsdelight:cooking/chloropasta","cooking_device=farmersdelight:cooking;food_component","6B.1 可考虑新增 item tier=T2 + FG entry"
"dungeonsdelight:cob_n_candy","Cob n' Candy","Dungeon's Delight","DISH","T2","","","","","NEW","是","dungeonsdelight:monster_cooking/cob_n_candy","cooking_device=dungeonsdelight:monster_cooking;food_component","6B.1 可考虑新增 item tier=T2 + FG entry"
"dungeonsdelight:cooked_sniffer_shank","Cooked Sniffer Shank","Dungeon's Delight","DISH","COMMON","","","","","NEW","是","dungeonsdelight:cooked_sniffer_shank_from_campfire | dungeonsdelight:cooked_sniffer_shank_from_smelting | dungeonsdelight:cooked_sniffer_shank_from_smoking","cooking_device=minecraft:campfire_cooking;food_component","6B.1 可考虑新增 item tier=COMMON + FG entry"
"dungeonsdelight:cooked_snifferwurst","Cooked Snifferwurst","Dungeon's Delight","DISH","COMMON","","","","","NEW","是","dungeonsdelight:cooked_snifferwurst_from_campfire | dungeonsdelight:cooked_snifferwurst_from_smelting | dungeonsdelight:cooked_snifferwurst_from_smoking","cooking_device=minecraft:campfire_cooking;food_component","6B.1 可考虑新增 item tier=COMMON + FG entry"
"dungeonsdelight:croak_monster","Croak Monster","Dungeon's Delight","DISH","T2","","","","","NEW","是","dungeonsdelight:monster_cooking/croak_monster","cooking_device=dungeonsdelight:monster_cooking;food_component","6B.1 可考虑新增 item tier=T2 + FG entry"
"dungeonsdelight:devilish_eggs","Devilish Eggs","Dungeon's Delight","DISH","T2","","","","","NEW","是","dungeonsdelight:monster_cooking/devilish_eggs","cooking_device=dungeonsdelight:monster_cooking;food_component","6B.1 可考虑新增 item tier=T2 + FG entry"
"dungeonsdelight:echo_rock_candy","Echo Rock Candy","Dungeon's Delight","DISH","T2","","","","","NEW","是","dungeonsdelight:monster_cooking/echo_rock_candy","cooking_device=dungeonsdelight:monster_cooking;food_component","6B.1 可考虑新增 item tier=T2 + FG entry"
"dungeonsdelight:fried_ghast_calamari","Fried Ghast Calamari","Dungeon's Delight","DISH","COMMON","","","","","NEW","是","dungeonsdelight:fried_ghast_calamari_from_campfire | dungeonsdelight:fried_ghast_calamari_from_smelting | dungeonsdelight:fried_ghast_calamari_from_smoking","cooking_device=minecraft:campfire_cooking;food_component","6B.1 可考虑新增 item tier=COMMON + FG entry"
"dungeonsdelight:gelled_salad","Gelled Salad","Dungeon's Delight","DISH","T2","","","","","NEW","是","dungeonsdelight:monster_cooking/gelled_salad","dish_token;edible=true;type=dungeonsdelight:monster_cooking","6B.1 可考虑新增 item tier=T2 + FG entry"
"dungeonsdelight:ghast_roll","Ghast Roll","Dungeon's Delight","DISH","T2","","","","","NEW","是","dungeonsdelight:monster_cooking/ghast_roll","dish_token;edible=true;type=dungeonsdelight:monster_cooking","6B.1 可考虑新增 item tier=T2 + FG entry"
"dungeonsdelight:ghastly_spirits","Ghastly Spirits","Dungeon's Delight","DISH","T2","","","","","NEW","是","dungeonsdelight:monster_cooking/ghastly_spirits","cooking_device=dungeonsdelight:monster_cooking;food_component","6B.1 可考虑新增 item tier=T2 + FG entry"
"dungeonsdelight:ghoulash","Ghoulash","Dungeon's Delight","DISH","T2","","","","","NEW","是","dungeonsdelight:monster_cooking/ghoulash","cooking_device=dungeonsdelight:monster_cooking;food_component","6B.1 可考虑新增 item tier=T2 + FG entry"
"dungeonsdelight:gyudon","Gyudon","Dungeon's Delight","DISH","T2","","","","","NEW","是","dungeonsdelight:monster_cooking/gyudon","cooking_device=dungeonsdelight:monster_cooking;food_component","6B.1 可考虑新增 item tier=T2 + FG entry"
"dungeonsdelight:haggis","Haggis","Dungeon's Delight","DISH","T2","","","","","NEW","是","dungeonsdelight:monster_cooking/haggis","cooking_device=dungeonsdelight:monster_cooking;food_component","6B.1 可考虑新增 item tier=T2 + FG entry"
"dungeonsdelight:jelly_beans","Jelly Beans","Dungeon's Delight","DISH","T2","","","","","NEW","是","dungeonsdelight:monster_cooking/jelly_beans","cooking_device=dungeonsdelight:monster_cooking;food_component","6B.1 可考虑新增 item tier=T2 + FG entry"
"dungeonsdelight:malicious_sandwich","Malicious Sandwich","Dungeon's Delight","DISH","T2","","","","","NEW","是","dungeonsdelight:monster_cooking/malicious_sandwich","dish_token;edible=true;type=dungeonsdelight:monster_cooking","6B.1 可考虑新增 item tier=T2 + FG entry"
"dungeonsdelight:marshbellow","Marshbellow","Dungeon's Delight","DISH","T2","","","","","NEW","是","dungeonsdelight:monster_cooking/marshbellow","cooking_device=dungeonsdelight:monster_cooking;food_component","6B.1 可考虑新增 item tier=T2 + FG entry"
"dungeonsdelight:monster_burger","Monster Burger","Dungeon's Delight","DISH","T2","","","","","NEW","是","dungeonsdelight:monster_cooking/monster_burger","dish_token;edible=true;type=dungeonsdelight:monster_cooking","6B.1 可考虑新增 item tier=T2 + FG entry"
"dungeonsdelight:monster_cake_slice","Slice of Monster Cake","Dungeon's Delight","DISH","T2","","","","","NEW","是","dungeonsdelight:cutting/monster_cake","dish_token;edible=true;type=farmersdelight:cutting","6B.1 可考虑新增 item tier=T2 + FG entry"
"dungeonsdelight:monster_muffin","Monster Muffin","Dungeon's Delight","DISH","T2","","","","","NEW","是","dungeonsdelight:monster_cooking/monster_muffin","dish_token;edible=true;type=dungeonsdelight:monster_cooking","6B.1 可考虑新增 item tier=T2 + FG entry"
"dungeonsdelight:necronog","Necronog","Dungeon's Delight","DISH","T2","","","","","NEW","是","dungeonsdelight:monster_cooking/necronog","cooking_device=dungeonsdelight:monster_cooking;food_component","6B.1 可考虑新增 item tier=T2 + FG entry"
"dungeonsdelight:poi","Poi","Dungeon's Delight","DISH","T2","","","","","NEW","是","dungeonsdelight:monster_cooking/poi | dungeonsdelight:poi","cooking_device=dungeonsdelight:monster_cooking;food_component","6B.1 可考虑新增 item tier=T2 + FG entry"
"dungeonsdelight:poisonous_poutine","Poisonous Poutine","Dungeon's Delight","DISH","T2","","","","","NEW","是","dungeonsdelight:monster_cooking/poisonous_poutine","cooking_device=dungeonsdelight:monster_cooking;food_component","6B.1 可考虑新增 item tier=T2 + FG entry"
"dungeonsdelight:rot_roast","Rot Roast","Dungeon's Delight","DISH","T2","","","","","NEW","是","dungeonsdelight:monster_cooking/rot_roast","cooking_device=dungeonsdelight:monster_cooking;food_component","6B.1 可考虑新增 item tier=T2 + FG entry"
"dungeonsdelight:rotpop","Rotpop","Dungeon's Delight","DISH","T2","","","","","NEW","是","dungeonsdelight:monster_cooking/rotpop","cooking_device=dungeonsdelight:monster_cooking;food_component","6B.1 可考虑新增 item tier=T2 + FG entry"
"dungeonsdelight:rubaboo","Rubaboo","Dungeon's Delight","DISH","T2","","","","","NEW","是","dungeonsdelight:monster_cooking/rubaboo","cooking_device=dungeonsdelight:monster_cooking;food_component","6B.1 可考虑新增 item tier=T2 + FG entry"
"dungeonsdelight:salt_soaked_stew","Salt Soaked Stew","Dungeon's Delight","DISH","T2","","","","","NEW","是","dungeonsdelight:monster_cooking/salt_soaked_stew","dish_token;edible=true;type=dungeonsdelight:monster_cooking","6B.1 可考虑新增 item tier=T2 + FG entry"
"dungeonsdelight:sculk_apple","Sculk Apple","Dungeon's Delight","DISH","T2","","","","","NEW","是","dungeonsdelight:sculk_apple","manual_override;FOOD nutrition=5 saturation=5; recipe id=dungeonsdelight:sculk_apple (apple+sculk_polyp×2+honey_bottle); 加工特殊料理","6B.1 可考虑新增 item tier=T2 + FG entry"
"dungeonsdelight:shiokara","Shiokara","Dungeon's Delight","DISH","T2","","","","","NEW","是","dungeonsdelight:monster_cooking/shiokara","cooking_device=dungeonsdelight:monster_cooking;food_component","6B.1 可考虑新增 item tier=T2 + FG entry"
"dungeonsdelight:silverfish_fried_rice","Silverfish Fried Rice","Dungeon's Delight","DISH","T2","","","","","NEW","是","dungeonsdelight:monster_cooking/silverfish_fried_rice","cooking_device=dungeonsdelight:monster_cooking;food_component","6B.1 可考虑新增 item tier=T2 + FG entry"
"dungeonsdelight:sinigang","Sinigang","Dungeon's Delight","DISH","T2","","","","","NEW","是","dungeonsdelight:monster_cooking/sinigang","cooking_device=dungeonsdelight:monster_cooking;food_component","6B.1 可考虑新增 item tier=T2 + FG entry"
"dungeonsdelight:slicorice","Slicorice","Dungeon's Delight","DISH","COMMON","","","","","NEW","是","dungeonsdelight:slicorice","manual_override;可食用成品零食","6B.1 可考虑新增 item tier=COMMON + FG entry"
"dungeonsdelight:slime_bar","Slime Slab","Dungeon's Delight","DISH","COMMON","","","","","NEW","是","dungeonsdelight:slime_bar_from_shapeless","manual_override;可食用成品零食","6B.1 可考虑新增 item tier=COMMON + FG entry"
"dungeonsdelight:slime_noodles","Slime Noodles","Dungeon's Delight","DISH","T2","","","","","NEW","是","dungeonsdelight:cutting/slime_bar","dish_token;edible=true;type=farmersdelight:cutting","6B.1 可考虑新增 item tier=T2 + FG entry"
"dungeonsdelight:smoked_spider_meat","Smoked Spider Meat","Dungeon's Delight","DISH","COMMON","","","","","NEW","是","dungeonsdelight:smoked_spider_meat_from_campfire | dungeonsdelight:smoked_spider_meat_from_smelting | dungeonsdelight:smoked_spider_meat_from_smoking","cooking_device=minecraft:campfire_cooking;food_component","6B.1 可考虑新增 item tier=COMMON + FG entry"
"dungeonsdelight:snifferwurst","Raw Snifferwurst","Dungeon's Delight","DISH","T2","","","","","NEW","是","dungeonsdelight:cooking/snifferwurst","cooking_device=farmersdelight:cooking;food_component","6B.1 可考虑新增 item tier=T2 + FG entry"
"dungeonsdelight:snuffledog","Snuffledog","Dungeon's Delight","DISH","T2","","","","","NEW","是","dungeonsdelight:cooking/snuffledog","cooking_device=farmersdelight:cooking;food_component","6B.1 可考虑新增 item tier=T2 + FG entry"
"dungeonsdelight:soaked_skewer","Soaked Skewer","Dungeon's Delight","DISH","T2","","","","","NEW","是","dungeonsdelight:monster_cooking/soaked_skewer","dish_token;edible=true;type=dungeonsdelight:monster_cooking","6B.1 可考虑新增 item tier=T2 + FG entry"
"dungeonsdelight:soft_serve_sniffer_egg","Soft Serve Sniffer Egg","Dungeon's Delight","DISH","COMMON","","","","","NEW","是","dungeonsdelight:soft_serve_sniffer_egg_from_campfire","cooking_device=minecraft:campfire_cooking;food_component","6B.1 可考虑新增 item tier=COMMON + FG entry"
"dungeonsdelight:spider_bisque","Spider Bisque","Dungeon's Delight","DISH","T2","","","","","NEW","是","dungeonsdelight:monster_cooking/spider_bisque","dish_token;edible=true;type=dungeonsdelight:monster_cooking","6B.1 可考虑新增 item tier=T2 + FG entry"
"dungeonsdelight:spider_extract","Spider Extract","Dungeon's Delight","DISH","T2","","","","","NEW","是","dungeonsdelight:monster_cooking/spider_extract","cooking_device=dungeonsdelight:monster_cooking;food_component","6B.1 可考虑新增 item tier=T2 + FG entry"
"dungeonsdelight:spider_pie_slice","Slice of Spider Pie","Dungeon's Delight","DISH","T2","","","","","NEW","是","dungeonsdelight:cutting/spider_pie","dish_token;edible=true;type=farmersdelight:cutting","6B.1 可考虑新增 item tier=T2 + FG entry"
"dungeonsdelight:spider_salmagundi","Spider Salmagundi","Dungeon's Delight","DISH","T2","","","","","NEW","是","dungeonsdelight:monster_cooking/spider_salmagundi","cooking_device=dungeonsdelight:monster_cooking;food_component","6B.1 可考虑新增 item tier=T2 + FG entry"
"dungeonsdelight:spider_tanghulu","Spider Tanghulu","Dungeon's Delight","DISH","T2","","","","","NEW","是","dungeonsdelight:monster_cooking/spider_tanghulu","cooking_device=dungeonsdelight:monster_cooking;food_component","6B.1 可考虑新增 item tier=T2 + FG entry"
"dungeonsdelight:takoyaki","Takoyaki","Dungeon's Delight","DISH","T2","","","","","NEW","是","dungeonsdelight:monster_cooking/takoyaki","cooking_device=dungeonsdelight:monster_cooking;food_component","6B.1 可考虑新增 item tier=T2 + FG entry"
"dungeonsdelight:terrine_loaf","Terrine Loaf","Dungeon's Delight","DISH","T2","","","","","NEW","是","dungeonsdelight:monster_cooking/terrine_loaf","cooking_device=dungeonsdelight:monster_cooking;food_component","6B.1 可考虑新增 item tier=T2 + FG entry"
"dungeonsdelight:trial_freakshake","Trial Freakshake","Dungeon's Delight","DISH","T2","","","","","NEW","是","dungeonsdelight:monster_cooking/trial_freakshake","cooking_device=dungeonsdelight:monster_cooking;food_component","6B.1 可考虑新增 item tier=T2 + FG entry"
"dungeonsdelight:wispy_rice_ball","Wispy Rice Ball","Dungeon's Delight","DISH","T2","","","","","NEW","是","dungeonsdelight:monster_cooking/wispy_rice_ball","cooking_device=dungeonsdelight:monster_cooking;food_component","6B.1 可考虑新增 item tier=T2 + FG entry"
"minecraft:bread","Bread","My Nether's Delight","DISH","COMMON","","","","","NEW","是","mynethersdelight:bread_from_smelting | mynethersdelight:bread_from_smoking","cooking_device=minecraft:smelting;food_component","6B.1 可考虑新增 item tier=COMMON + FG entry"
"mynethersdelight:bacon-wrapped_sausage_on_a_stick","Bacon-wrapped Sausage on a Stick","My Nether's Delight","DISH","T2","","","","","NEW","是","mynethersdelight:crafting/bacon_wrapped_sausage_stick","dish_token;edible=true;type=minecraft:crafting_shapeless","6B.1 可考虑新增 item tier=T2 + FG entry"
"mynethersdelight:bleeding_tartar","Bleeding Tartar","My Nether's Delight","DISH","T2","","","","","NEW","是","mynethersdelight:crafting/bleeding_tartar","manual_override;FOOD nutrition=6 saturation=9 effects=fire_resistance+nourishment; recipe id=mynethersdelight:crafting/bleeding_tartar (minced_strider×2+egg+bowl); 碗装复合","6B.1 可考虑新增 item tier=T2 + FG entry"
"mynethersdelight:blue_tenderloin_steak","Blue Tenderloin Steak","My Nether's Delight","DISH","T2","","","","","NEW","是","mynethersdelight:crafting/blue_tenderloin_steak","dish_token;edible=true;type=minecraft:crafting_shapeless","6B.1 可考虑新增 item tier=T2 + FG entry"
"mynethersdelight:boiled_egg","Boiled Egg","My Nether's Delight","DISH","COMMON","","","","","NEW","是","mynethersdelight:boiled_egg_cooking | mynethersdelight:boiled_egg_from_campfire_cooking | mynethersdelight:boiled_egg_from_smoking | mynethersdelight:cooking/boiled_eggs","cooking_device=minecraft:smelting;food_component","6B.1 可考虑新增 item tier=COMMON + FG entry"
"mynethersdelight:breakfast_sampler","Breakfast Sampler","My Nether's Delight","DISH","T2","","","","","NEW","是","mynethersdelight:crafting/breakfast_sampler","dish_token;edible=true;type=minecraft:crafting_shapeless","6B.1 可考虑新增 item tier=T2 + FG entry"
"mynethersdelight:burnt_roll","Burnt Roll","My Nether's Delight","DISH","COMMON","","","","","NEW","是","mynethersdelight:cooking/burn_roll | mynethersdelight:crafting/burnt_roll","dish_token;edible=true;type=farmersdelight:cooking","6B.1 可考虑新增 item tier=COMMON + FG entry"
"mynethersdelight:chilidog","Chilidog","My Nether's Delight","DISH","T2","","","","","NEW","是","mynethersdelight:cooking/chilidog","cooking_device=farmersdelight:cooking;food_component","6B.1 可考虑新增 item tier=T2 + FG entry"
"mynethersdelight:cooked_loin","Cooked Loin","My Nether's Delight","DISH","COMMON","","","","","NEW","是","mynethersdelight:hoglin_loin_cooking | mynethersdelight:hoglin_loin_from_campfire_cooking | mynethersdelight:hoglin_loin_from_smoking","cooking_device=minecraft:smelting;food_component","6B.1 可考虑新增 item tier=COMMON + FG entry"
"mynethersdelight:crimson_stroganoff","Crimson Stroganoff","My Nether's Delight","DISH","T2","","","","","NEW","是","mynethersdelight:cooking/crimson_stroganoff","cooking_device=farmersdelight:cooking;food_component","6B.1 可考虑新增 item tier=T2 + FG entry"
"mynethersdelight:deviled_egg","Deviled Egg","My Nether's Delight","DISH","T2","","","","","NEW","是","mynethersdelight:cooking/deviled_egg","cooking_device=farmersdelight:cooking;food_component","6B.1 可考虑新增 item tier=T2 + FG entry"
"mynethersdelight:dried_ghast_with_milk","Dried Ghast with Milk","My Nether's Delight","DISH","COMMON","","","","","NEW","是","mynethersdelight:crafting/dried_ghast_with_milk","manual_override;最终可食用餐食；饥饿6；简单合成","6B.1 可考虑新增 item tier=COMMON + FG entry"
"mynethersdelight:egg_soup","Egg Soup","My Nether's Delight","DISH","T2","","","","","NEW","是","mynethersdelight:cooking/egg_soup","dish_token;edible=true;type=farmersdelight:cooking","6B.1 可考虑新增 item tier=T2 + FG entry"
"mynethersdelight:fried_hoglin_chop","Fried Hoglin Chop","My Nether's Delight","DISH","COMMON","","","","","NEW","是","mynethersdelight:cooking/fried_hoglin_chop","cooking_device=farmersdelight:cooking;food_component","6B.1 可考虑新增 item tier=COMMON + FG entry"
"mynethersdelight:fries_ghasta","Fries Ghasta","My Nether's Delight","DISH","T2","","","","","NEW","是","mynethersdelight:cooking/fries_ghasta","cooking_device=farmersdelight:cooking;food_component","6B.1 可考虑新增 item tier=T2 + FG entry"
"mynethersdelight:ghast_salad","Ghast Salad","My Nether's Delight","DISH","T2","","","","","NEW","是","mynethersdelight:crafting/ghast_salad","dish_token;edible=true;type=minecraft:crafting_shapeless","6B.1 可考虑新增 item tier=T2 + FG entry"
"mynethersdelight:giant_takoyaki","Giant Takoyaki","My Nether's Delight","DISH","T2","","","","","NEW","是","mynethersdelight:cooking/giant_tentacles","cooking_device=farmersdelight:cooking;food_component","6B.1 可考虑新增 item tier=T2 + FG entry"
"mynethersdelight:hoglin_sausage","Hoglin Sausage","My Nether's Delight","DISH","T2","","","","","NEW","是","mynethersdelight:cutting/hoglin_sausage","dish_token;edible=true;type=farmersdelight:cutting","6B.1 可考虑新增 item tier=T2 + FG entry"
"mynethersdelight:hot_cream_cone","Hot Cream Cone","My Nether's Delight","DISH","T2","","","","","NEW","是","mynethersdelight:crafting/hotcream_cone","manual_override;FOOD nutrition=4 saturation=8 effects=g_pungent+fire_resistance; recipe id=mynethersdelight:crafting/hotcream_cone (hot_cream+powder_cannon×3)×3; HotCreamConeItem; 复合甜品","6B.1 可考虑新增 item tier=T2 + FG entry"
"mynethersdelight:hot_wings","Hot Wings","My Nether's Delight","DISH","T2","","","","","NEW","是","mynethersdelight:cooking/hot_wings | mynethersdelight:crafting/hot_wings_bucket_alt","cooking_device=farmersdelight:cooking;food_component","6B.1 可考虑新增 item tier=T2 + FG entry"
"mynethersdelight:hot_wings_bucket","Hot Wings Bucket","My Nether's Delight","DISH","COMMON","","","","","NEW","是","mynethersdelight:crafting/hot_wings_bucket","dish_token;edible=true;type=minecraft:crafting_shapeless","6B.1 可考虑新增 item tier=COMMON + FG entry"
"mynethersdelight:hotdog","Hotdog","My Nether's Delight","DISH","COMMON","","","","","NEW","是","mynethersdelight:crafting/hotdog","dish_token;edible=true;type=minecraft:crafting_shapeless","6B.1 可考虑新增 item tier=COMMON + FG entry"
"mynethersdelight:hotdog_with_mixed_salad","Hotdog with Mixed Salad","My Nether's Delight","DISH","T2","","","","","NEW","是","mynethersdelight:crafting/hotdog_with_mixed_salad","dish_token;edible=true;type=minecraft:crafting_shapeless","6B.1 可考虑新增 item tier=T2 + FG entry"
"mynethersdelight:hotdog_with_nether_salad","Hotdog with Nether Salad","My Nether's Delight","DISH","T2","","","","","NEW","是","mynethersdelight:crafting/hotdog_with_nether_salad","dish_token;edible=true;type=minecraft:crafting_shapeless","6B.1 可考虑新增 item tier=T2 + FG entry"
"mynethersdelight:magma_cake_slice","Magma Cake Slice","My Nether's Delight","DISH","T2","","","","","NEW","是","mynethersdelight:cutting/magma_cake","dish_token;edible=true;type=farmersdelight:cutting","6B.1 可考虑新增 item tier=T2 + FG entry"
"mynethersdelight:nether_burger","Nether Burger","My Nether's Delight","DISH","T2","","","","","NEW","是","mynethersdelight:crafting/nether_burger","dish_token;edible=true;type=minecraft:crafting_shapeless","6B.1 可考虑新增 item tier=T2 + FG entry"
"mynethersdelight:red_loin_on_a_stick","Red Loin on a Stick","My Nether's Delight","DISH","COMMON","","","","","NEW","是","mynethersdelight:crafting/red_loin_on_a_stick","dish_token;edible=true;type=minecraft:crafting_shapeless","6B.1 可考虑新增 item tier=COMMON + FG entry"
"mynethersdelight:roasted_sausage","Roasted Sausage","My Nether's Delight","DISH","COMMON","","","","","NEW","是","mynethersdelight:hoglin_sausage_cooking | mynethersdelight:hoglin_sausage_from_campfire_cooking | mynethersdelight:hoglin_sausage_from_smoking","dish_token;edible=true;type=minecraft:smelting","6B.1 可考虑新增 item tier=COMMON + FG entry"
"mynethersdelight:rock_soup","Rock Soup","My Nether's Delight","DISH","T2","","","","","NEW","是","mynethersdelight:cooking/rock_soup | mynethersdelight:crafting/rock_soup","dish_token;edible=true;type=farmersdelight:cooking","6B.1 可考虑新增 item tier=T2 + FG entry"
"mynethersdelight:sausage_and_potatoes","Sausage and Potatoes","My Nether's Delight","DISH","T2","","","","","NEW","是","mynethersdelight:cooking/sausage_and_potatoes","dish_token;edible=true;type=farmersdelight:cooking","6B.1 可考虑新增 item tier=T2 + FG entry"
"mynethersdelight:scotch_eggs","Scotch Eggs","My Nether's Delight","DISH","T2","","","","","NEW","是","mynethersdelight:cooking/scotch_eggs","cooking_device=farmersdelight:cooking;food_component","6B.1 可考虑新增 item tier=T2 + FG entry"
"mynethersdelight:sizzling_pudding","Sizzling Pudding","My Nether's Delight","DISH","T2","","","","","NEW","是","mynethersdelight:crafting/sizzling_pudding","dish_token;edible=true;type=minecraft:crafting_shapeless","6B.1 可考虑新增 item tier=T2 + FG entry"
"mynethersdelight:slices_of_bread","Slices of Bread","My Nether's Delight","DISH","T2","","","","","NEW","是","mynethersdelight:cutting/slices_of_bread","dish_token;edible=true;type=farmersdelight:cutting","6B.1 可考虑新增 item tier=T2 + FG entry"
"mynethersdelight:spicy_cotton","Spicy Cotton","My Nether's Delight","DISH","COMMON","","","","","NEW","是","mynethersdelight:crafting/spicy_cotton","manual_override;可食用成品；火焰抗性buff；非中间料","6B.1 可考虑新增 item tier=COMMON + FG entry"
"mynethersdelight:spicy_curry","Spicy Curry","My Nether's Delight","DISH","T2","","","","","NEW","是","mynethersdelight:cooking/spicy_curry","dish_token;edible=true;type=farmersdelight:cooking","6B.1 可考虑新增 item tier=T2 + FG entry"
"mynethersdelight:spicy_hoglin_stew","Spicy Hoglin Stew","My Nether's Delight","DISH","T2","","","","","NEW","是","mynethersdelight:cooking/spicy_hoglin_stew","dish_token;edible=true;type=farmersdelight:cooking","6B.1 可考虑新增 item tier=T2 + FG entry"
"mynethersdelight:spicy_noodle_soup","Spicy Noodle Soup","My Nether's Delight","DISH","T2","","","","","NEW","是","mynethersdelight:cooking/spicy_noodle_soup","dish_token;edible=true;type=farmersdelight:cooking","6B.1 可考虑新增 item tier=T2 + FG entry"
"mynethersdelight:spicy_skewer","Spicy Skewer","My Nether's Delight","DISH","T2","","","","","NEW","是","mynethersdelight:crafting/spicy_skewer","dish_token;edible=true;type=minecraft:crafting_shapeless","6B.1 可考虑新增 item tier=T2 + FG entry"
"mynethersdelight:strider_stew","Strider Stew","My Nether's Delight","DISH","T2","","","","","NEW","是","mynethersdelight:cooking/strider_stew","dish_token;edible=true;type=farmersdelight:cooking","6B.1 可考虑新增 item tier=T2 + FG entry"
"mynethersdelight:strider_with_grilled_fungus","Strider with Grilled Fungus","My Nether's Delight","DISH","T2","","","","","NEW","是","mynethersdelight:cooking/strider_and_grilled_fungus","cooking_device=farmersdelight:cooking;food_component","6B.1 可考虑新增 item tier=T2 + FG entry"
"mynethersdelight:stuffed_pepper","Stuffed Pepper","My Nether's Delight","DISH","T2","","","","","NEW","是","mynethersdelight:crafting/stuffed_pepper","manual_override;FOOD nutrition=8 saturation=12.8 effect=b_pungent; recipe id=mynethersdelight:crafting/stuffed_pepper (bullet_pepper+cooked_pork+milk); 复合正餐","6B.1 可考虑新增 item tier=T2 + FG entry"
"mynethersdelight:tear_popsicle","Tear Popsicle","My Nether's Delight","DISH","COMMON","","","","","NEW","是","mynethersdelight:crafting/tear_popsicle","dish_token;edible=true;type=minecraft:crafting_shaped","6B.1 可考虑新增 item tier=COMMON + FG entry"
"mynethersdelight:toasts","Toasts","My Nether's Delight","DISH","COMMON","","","","","NEW","是","mynethersdelight:toast_cooking | mynethersdelight:toast_from_campfire_cooking | mynethersdelight:toast_from_smoking","cooking_device=minecraft:smelting;food_component","6B.1 可考虑新增 item tier=COMMON + FG entry"
"mynethersdelight:twisted_ghasta","Twisted Ghasta","My Nether's Delight","DISH","T2","","","","","NEW","是","mynethersdelight:cooking/twisted_ghasta","cooking_device=farmersdelight:cooking;food_component","6B.1 可考虑新增 item tier=T2 + FG entry"
"neapolitan:adzuki_bun","Adzuki Bun","Neapolitan","DISH","COMMON","","","","","NEW","是","neapolitan:adzuki_bun","dish_token;edible=true;type=minecraft:crafting_shapeless","6B.1 可考虑新增 item tier=COMMON + FG entry"
"neapolitan:adzuki_curry","Adzuki Curry","Neapolitan","DISH","T2","","","","","NEW","是","neapolitan:adzuki_curry","dish_token;edible=true;type=minecraft:crafting_shapeless","6B.1 可考虑新增 item tier=T2 + FG entry"
"neapolitan:adzuki_ice_cream","Adzuki Ice Cream","Neapolitan","DISH","T2","","","","","NEW","是","neapolitan:adzuki_ice_cream","explicit_dish_allowlist","6B.1 可考虑新增 item tier=T2 + FG entry"
"neapolitan:adzuki_stew","Adzuki Stew","Neapolitan","DISH","T2","","","","","NEW","是","neapolitan:adzuki_stew","dish_token;edible=true;type=minecraft:crafting_shapeless","6B.1 可考虑新增 item tier=T2 + FG entry"
"neapolitan:banana_bread","Banana Bread","Neapolitan","DISH","T2","","","","","NEW","是","neapolitan:banana_bread","dish_token;edible=true;type=minecraft:crafting_shapeless","6B.1 可考虑新增 item tier=T2 + FG entry"
"neapolitan:banana_ice_cream","Banana Ice Cream","Neapolitan","DISH","T2","","","","","NEW","是","neapolitan:banana_ice_cream","explicit_dish_allowlist","6B.1 可考虑新增 item tier=T2 + FG entry"
"neapolitan:chocolate_bar","Chocolate Bar","Neapolitan","DISH","COMMON","","","","","NEW","是","neapolitan:chocolate_bar | neapolitan:chocolate_bar_from_chocolate_block","dish_token;edible=true;type=minecraft:crafting_shapeless","6B.1 可考虑新增 item tier=COMMON + FG entry"
"neapolitan:chocolate_ice_cream","Chocolate Ice Cream","Neapolitan","DISH","T2","","","","","NEW","是","neapolitan:chocolate_ice_cream","explicit_dish_allowlist","6B.1 可考虑新增 item tier=T2 + FG entry"
"neapolitan:chocolate_spider_eye","Chocolate Spider Eye","Neapolitan","DISH","COMMON","","","","","NEW","是","neapolitan:chocolate_spider_eye","manual_override;可食用成品；sugar_rush效果；简单合成","6B.1 可考虑新增 item tier=COMMON + FG entry"
"neapolitan:chocolate_strawberries","Chocolate Strawberries","Neapolitan","DISH","COMMON","","","","","NEW","是","neapolitan:chocolate_strawberries","manual_override;FOOD nutrition=4 saturation=0.8 effect=sugar_rush; recipe id=neapolitan:chocolate_strawberries (strawberry+chocolate_bar); 简单加工甜点","6B.1 可考虑新增 item tier=COMMON + FG entry"
"neapolitan:cooked_mint_chops","Cooked Mint Chops","Neapolitan","DISH","COMMON","","","","","NEW","是","neapolitan:cooked_mint_chops | neapolitan:cooked_mint_chops_from_campfire_cooking | neapolitan:cooked_mint_chops_from_smoking","cooking_device=minecraft:smelting;food_component","6B.1 可考虑新增 item tier=COMMON + FG entry"
"neapolitan:dried_banana","Dried Banana","Neapolitan","DISH","COMMON","","","","","NEW","是","neapolitan:dried_banana | neapolitan:dried_banana_from_campfire_cooking | neapolitan:dried_banana_from_smoking","cooking_device=minecraft:smelting;food_component","6B.1 可考虑新增 item tier=COMMON + FG entry"
"neapolitan:dried_vanilla_pods","Dried Vanilla Pods","Neapolitan","DISH","COMMON","","","","","NEW","是","neapolitan:dried_vanilla_pods | neapolitan:dried_vanilla_pods_from_campfire_cooking | neapolitan:dried_vanilla_pods_from_dried_vanilla_pod_block | neapolitan:dried_vanilla_pods_from_smoking","cooking_device=minecraft:smelting;food_component","6B.1 可考虑新增 item tier=COMMON + FG entry"
"neapolitan:mint_candies","Mint Candies","Neapolitan","DISH","COMMON","","","","","NEW","是","neapolitan:mint_candies","dish_token;edible=true;type=minecraft:crafting_shapeless","6B.1 可考虑新增 item tier=COMMON + FG entry"
"neapolitan:mint_chocolate","Mint Chocolate","Neapolitan","DISH","COMMON","","","","","NEW","是","neapolitan:mint_chocolate","dish_token;edible=true;type=minecraft:crafting_shapeless","6B.1 可考虑新增 item tier=COMMON + FG entry"
"neapolitan:mint_chops","Raw Mint Chops","Neapolitan","DISH","COMMON","","","","","NEW","是","neapolitan:mint_chops","manual_override;简单烹饪肉类；berserking效果；复杂度低","6B.1 可考虑新增 item tier=COMMON + FG entry"
"neapolitan:mint_ice_cream","Mint Ice Cream","Neapolitan","DISH","T2","","","","","NEW","是","neapolitan:mint_ice_cream","explicit_dish_allowlist","6B.1 可考虑新增 item tier=T2 + FG entry"
"neapolitan:neapolitan_ice_cream","Neapolitan Ice Cream","Neapolitan","DISH","T2","","","","","NEW","是","neapolitan:neapolitan_ice_cream | neapolitan:neapolitan_ice_cream_from_vanilla_ice_cream","explicit_dish_allowlist","6B.1 可考虑新增 item tier=T2 + FG entry"
"neapolitan:roasted_adzuki_beans","Roasted Adzuki Beans","Neapolitan","DISH","COMMON","","","","","NEW","是","neapolitan:roasted_adzuki_beans | neapolitan:roasted_adzuki_beans_from_campfire_cooking | neapolitan:roasted_adzuki_beans_from_roasted_adzuki_crate | neapolitan:roasted_adzuki_beans_from_smoking","cooking_device=minecraft:smelting;food_component","6B.1 可考虑新增 item tier=COMMON + FG entry"
"neapolitan:strawberry_bean_bonbons","Strawberry Bean Bonbons","Neapolitan","DISH","COMMON","","","","","NEW","是","neapolitan:strawberry_bean_bonbons","dish_token;edible=true;type=minecraft:crafting_shapeless","6B.1 可考虑新增 item tier=COMMON + FG entry"
"neapolitan:strawberry_ice_cream","Strawberry Ice Cream","Neapolitan","DISH","T2","","","","","NEW","是","neapolitan:strawberry_ice_cream","explicit_dish_allowlist","6B.1 可考虑新增 item tier=T2 + FG entry"
"neapolitan:strawberry_scones","Strawberry Scones","Neapolitan","DISH","T2","","","","","NEW","是","neapolitan:strawberry_scones","manual_override;FOOD nutrition=5 saturation=1; recipe id=neapolitan:strawberry_scones (wheat×2+strawberry+sugar)×2; 烘焙点心","6B.1 可考虑新增 item tier=T2 + FG entry"
"neapolitan:vanilla_chocolate_fingers","Vanilla Chocolate Fingers","Neapolitan","DISH","COMMON","","","","","NEW","是","neapolitan:vanilla_chocolate_fingers","dish_token;edible=true;type=minecraft:crafting_shapeless","6B.1 可考虑新增 item tier=COMMON + FG entry"
"neapolitan:vanilla_fudge","Vanilla Fudge","Neapolitan","DISH","COMMON","","","","","NEW","是","neapolitan:vanilla_fudge","dish_token;edible=true;type=minecraft:crafting_shapeless","6B.1 可考虑新增 item tier=COMMON + FG entry"
"neapolitan:vanilla_ice_cream","Vanilla Ice Cream","Neapolitan","DISH","T2","","","","","NEW","是","neapolitan:vanilla_ice_cream","explicit_dish_allowlist","6B.1 可考虑新增 item tier=T2 + FG entry"
"neapolitan:vanilla_pudding","Vanilla Pudding","Neapolitan","DISH","T2","","","","","NEW","是","neapolitan:vanilla_pudding","dish_token;edible=true;type=minecraft:crafting_shapeless","6B.1 可考虑新增 item tier=T2 + FG entry"
