"item_id","建议分类","entry_id","当前是否存在","当前所在分类","合并状态","是否建议新增","解锁方式","备注"
"bakeries:bagel","T2","item:bakeries/bagel","否","","FG_NEW","是","tcth:chef_cookbook_gate（DishCookedEvent 严格解锁；拿取/食用不自动解锁）","absent"
"bakeries:bagel_filled_sauce","T2","item:bakeries/bagel_filled_sauce","否","","FG_NEW","是","tcth:chef_cookbook_gate（DishCookedEvent 严格解锁；拿取/食用不自动解锁）","absent"
"bakeries:baguette","T2","item:bakeries/baguette","否","","FG_NEW","是","tcth:chef_cookbook_gate（DishCookedEvent 严格解锁；拿取/食用不自动解锁）","absent"
"bakeries:baguette_with_filling","T2","item:bakeries/baguette_with_filling","否","","FG_NEW","是","tcth:chef_cookbook_gate（DishCookedEvent 严格解锁；拿取/食用不自动解锁）","absent"
"bakeries:bake_sliced_toast","COMMON","item:bakeries/bake_sliced_toast","否","","FG_NEW","是","tcth:chef_cookbook_gate（DishCookedEvent 严格解锁；拿取/食用不自动解锁）","absent"
"bakeries:berry_bagel","T2","item:bakeries/berry_bagel","否","","FG_NEW","是","tcth:chef_cookbook_gate（DishCookedEvent 严格解锁；拿取/食用不自动解锁）","absent"
"bakeries:brown_sugar_roll","T2","item:bakeries/brown_sugar_roll","否","","FG_NEW","是","tcth:chef_cookbook_gate（DishCookedEvent 严格解锁；拿取/食用不自动解锁）","absent"
"bakeries:cheese_cream_bread","T2","item:bakeries/cheese_cream_bread","否","","FG_NEW","是","tcth:chef_cookbook_gate（DishCookedEvent 严格解锁；拿取/食用不自动解锁）","absent"
"bakeries:ciabatta","T2","item:bakeries/ciabatta","否","","FG_NEW","是","tcth:chef_cookbook_gate（DishCookedEvent 严格解锁；拿取/食用不自动解锁）","absent"
"bakeries:cooked_taro","COMMON","item:bakeries/cooked_taro","否","","FG_NEW","是","tcth:chef_cookbook_gate（DishCookedEvent 严格解锁；拿取/食用不自动解锁）","absent"
"bakeries:country_bread_slice","T2","item:bakeries/country_bread_slice","否","","FG_NEW","是","tcth:chef_cookbook_gate（DishCookedEvent 严格解锁；拿取/食用不自动解锁）","absent"
"bakeries:croissant","T2","item:bakeries/croissant","否","","FG_NEW","是","tcth:chef_cookbook_gate（DishCookedEvent 严格解锁；拿取/食用不自动解锁）","absent"
"bakeries:dirty_choco_croissant","T2","item:bakeries/dirty_choco_croissant","否","","FG_NEW","是","tcth:chef_cookbook_gate（DishCookedEvent 严格解锁；拿取/食用不自动解锁）","absent"
"bakeries:egg_tart","T2","item:bakeries/egg_tart","否","","FG_NEW","是","tcth:chef_cookbook_gate（DishCookedEvent 严格解锁；拿取/食用不自动解锁）","absent"
"bakeries:flat_croissant","T2","item:bakeries/flat_croissant","否","","FG_NEW","是","tcth:chef_cookbook_gate（DishCookedEvent 严格解锁；拿取/食用不自动解锁）","absent"
"bakeries:focaccia","T2","item:bakeries/focaccia","否","","FG_NEW","是","tcth:chef_cookbook_gate（DishCookedEvent 严格解锁；拿取/食用不自动解锁）","absent"
"bakeries:honey_butter_spread_country_bread","T2","item:bakeries/honey_butter_spread_country_bread","否","","FG_NEW","是","tcth:chef_cookbook_gate（DishCookedEvent 严格解锁；拿取/食用不自动解锁）","absent"
"bakeries:honey_butter_spread_toast","T2","item:bakeries/honey_butter_spread_toast","否","","FG_NEW","是","tcth:chef_cookbook_gate（DishCookedEvent 严格解锁；拿取/食用不自动解锁）","absent"
"bakeries:matcha_parfait","T2","item:bakeries/matcha_parfait","否","","FG_NEW","是","tcth:chef_cookbook_gate（DishCookedEvent 严格解锁；拿取/食用不自动解锁）","absent"
"bakeries:meat_floss_bread_roll","T2","item:bakeries/meat_floss_bread_roll","否","","FG_NEW","是","tcth:chef_cookbook_gate（DishCookedEvent 严格解锁；拿取/食用不自动解锁）","absent"
"bakeries:pineapple_bun","T2","item:bakeries/pineapple_bun","否","","FG_NEW","是","tcth:chef_cookbook_gate（DishCookedEvent 严格解锁；拿取/食用不自动解锁）","absent"
"bakeries:rice_bread","T2","item:bakeries/rice_bread","否","","FG_NEW","是","tcth:chef_cookbook_gate（DishCookedEvent 严格解锁；拿取/食用不自动解锁）","absent"
"bakeries:round_bread","T2","item:bakeries/round_bread","否","","FG_NEW","是","tcth:chef_cookbook_gate（DishCookedEvent 严格解锁；拿取/食用不自动解锁）","absent"
"bakeries:salmon_sandwich","T2","item:bakeries/salmon_sandwich","否","","FG_NEW","是","tcth:chef_cookbook_gate（DishCookedEvent 严格解锁；拿取/食用不自动解锁）","absent"
"bakeries:salt_croissant","T2","item:bakeries/salt_croissant","否","","FG_NEW","是","tcth:chef_cookbook_gate（DishCookedEvent 严格解锁；拿取/食用不自动解锁）","absent"
"bakeries:sliced_cheese_cocoa_toast","T2","item:bakeries/sliced_cheese_cocoa_toast","否","","FG_NEW","是","tcth:chef_cookbook_gate（DishCookedEvent 严格解锁；拿取/食用不自动解锁）","absent"
"bakeries:sliced_toast","T2","item:bakeries/sliced_toast","否","","FG_NEW","是","tcth:chef_cookbook_gate（DishCookedEvent 严格解锁；拿取/食用不自动解锁）","absent"
"bakeries:taro_salt_yolk_bread","T2","item:bakeries/taro_salt_yolk_bread","否","","FG_NEW","是","tcth:chef_cookbook_gate（DishCookedEvent 严格解锁；拿取/食用不自动解锁）","absent"
"bakeries:tomato_cheese_croissant_sandwich","T2","item:bakeries/tomato_cheese_croissant_sandwich","否","","FG_NEW","是","tcth:chef_cookbook_gate（DishCookedEvent 严格解锁；拿取/食用不自动解锁）","absent"
"bakeries:whole_wheat_bagel","T2","item:bakeries/whole_wheat_bagel","否","","FG_NEW","是","tcth:chef_cookbook_gate（DishCookedEvent 严格解锁；拿取/食用不自动解锁）","absent"
"brewinandchewin:apple_jelly","T2","item:brewinandchewin/apple_jelly","否","","FG_NEW","是","tcth:chef_cookbook_gate（DishCookedEvent 严格解锁；拿取/食用不自动解锁）","absent"
"brewinandchewin:cheesy_pasta","T2","item:brewinandchewin/cheesy_pasta","否","","FG_NEW","是","tcth:chef_cookbook_gate（DishCookedEvent 严格解锁；拿取/食用不自动解锁）","absent"
"brewinandchewin:creamy_onion_soup","T2","item:brewinandchewin/creamy_onion_soup","否","","FG_NEW","是","tcth:chef_cookbook_gate（DishCookedEvent 严格解锁；拿取/食用不自动解锁）","absent"
"brewinandchewin:glow_berry_marmalade","T2","item:brewinandchewin/glow_berry_marmalade","否","","FG_NEW","是","tcth:chef_cookbook_gate（DishCookedEvent 严格解锁；拿取/食用不自动解锁）","absent"
"brewinandchewin:ham_and_cheese_sandwich","T2","item:brewinandchewin/ham_and_cheese_sandwich","否","","FG_NEW","是","tcth:chef_cookbook_gate（DishCookedEvent 严格解锁；拿取/食用不自动解锁）","absent"
"brewinandchewin:horror_lasagna","T2","item:brewinandchewin/horror_lasagna","否","","FG_NEW","是","tcth:chef_cookbook_gate（DishCookedEvent 严格解锁；拿取/食用不自动解锁）","absent"
"brewinandchewin:pizza_slice","T2","item:brewinandchewin/pizza_slice","否","","FG_NEW","是","tcth:chef_cookbook_gate（DishCookedEvent 严格解锁；拿取/食用不自动解锁）","absent"
"brewinandchewin:quiche_slice","COMMON","item:brewinandchewin/quiche_slice","否","","FG_NEW","是","tcth:chef_cookbook_gate（DishCookedEvent 严格解锁；拿取/食用不自动解锁）","absent"
"brewinandchewin:scarlet_pierogi","T2","item:brewinandchewin/scarlet_pierogi","否","","FG_NEW","是","tcth:chef_cookbook_gate（DishCookedEvent 严格解锁；拿取/食用不自动解锁）","absent"
"brewinandchewin:sweet_berry_jam","T2","item:brewinandchewin/sweet_berry_jam","否","","FG_NEW","是","tcth:chef_cookbook_gate（DishCookedEvent 严格解锁；拿取/食用不自动解锁）","absent"
"brewinandchewin:vegetable_omelet","T2","item:brewinandchewin/vegetable_omelet","否","","FG_NEW","是","tcth:chef_cookbook_gate（DishCookedEvent 严格解锁；拿取/食用不自动解锁）","absent"
"dungeonsdelight:amethyst_rock_candy","T2","item:dungeonsdelight/amethyst_rock_candy","否","","FG_NEW","是","tcth:chef_cookbook_gate（DishCookedEvent 严格解锁；拿取/食用不自动解锁）","absent"
"dungeonsdelight:au_rotten_potatoes","T2","item:dungeonsdelight/au_rotten_potatoes","否","","FG_NEW","是","tcth:chef_cookbook_gate（DishCookedEvent 严格解锁；拿取/食用不自动解锁）","absent"
"dungeonsdelight:bloated_baked_potato","T2","item:dungeonsdelight/bloated_baked_potato","否","","FG_NEW","是","tcth:chef_cookbook_gate（DishCookedEvent 严格解锁；拿取/食用不自动解锁）","absent"
"dungeonsdelight:bloody_mary","T2","item:dungeonsdelight/bloody_mary","否","","FG_NEW","是","tcth:chef_cookbook_gate（DishCookedEvent 严格解锁；拿取/食用不自动解锁）","absent"
"dungeonsdelight:brains_in_a_brick","T2","item:dungeonsdelight/brains_in_a_brick","否","","FG_NEW","是","tcth:chef_cookbook_gate（DishCookedEvent 严格解锁；拿取/食用不自动解锁）","absent"
"dungeonsdelight:breeze_cream_cone","T2","item:dungeonsdelight/breeze_cream_cone","否","","FG_NEW","是","tcth:chef_cookbook_gate（DishCookedEvent 严格解锁；拿取/食用不自动解锁）","absent"
"dungeonsdelight:bubblegunk","COMMON","item:dungeonsdelight/bubblegunk","否","","FG_NEW","是","tcth:chef_cookbook_gate（DishCookedEvent 严格解锁；拿取/食用不自动解锁）","absent"
"dungeonsdelight:chicken_jockey_sandwich","T2","item:dungeonsdelight/chicken_jockey_sandwich","否","","FG_NEW","是","tcth:chef_cookbook_gate（DishCookedEvent 严格解锁；拿取/食用不自动解锁）","absent"
"dungeonsdelight:chloropasta","T2","item:dungeonsdelight/chloropasta","否","","FG_NEW","是","tcth:chef_cookbook_gate（DishCookedEvent 严格解锁；拿取/食用不自动解锁）","absent"
"dungeonsdelight:cob_n_candy","T2","item:dungeonsdelight/cob_n_candy","否","","FG_NEW","是","tcth:chef_cookbook_gate（DishCookedEvent 严格解锁；拿取/食用不自动解锁）","absent"
"dungeonsdelight:cooked_sniffer_shank","COMMON","item:dungeonsdelight/cooked_sniffer_shank","否","","FG_NEW","是","tcth:chef_cookbook_gate（DishCookedEvent 严格解锁；拿取/食用不自动解锁）","absent"
"dungeonsdelight:cooked_snifferwurst","COMMON","item:dungeonsdelight/cooked_snifferwurst","否","","FG_NEW","是","tcth:chef_cookbook_gate（DishCookedEvent 严格解锁；拿取/食用不自动解锁）","absent"
"dungeonsdelight:croak_monster","T2","item:dungeonsdelight/croak_monster","否","","FG_NEW","是","tcth:chef_cookbook_gate（DishCookedEvent 严格解锁；拿取/食用不自动解锁）","absent"
"dungeonsdelight:devilish_eggs","T2","item:dungeonsdelight/devilish_eggs","否","","FG_NEW","是","tcth:chef_cookbook_gate（DishCookedEvent 严格解锁；拿取/食用不自动解锁）","absent"
"dungeonsdelight:echo_rock_candy","T2","item:dungeonsdelight/echo_rock_candy","否","","FG_NEW","是","tcth:chef_cookbook_gate（DishCookedEvent 严格解锁；拿取/食用不自动解锁）","absent"
"dungeonsdelight:fried_ghast_calamari","COMMON","item:dungeonsdelight/fried_ghast_calamari","否","","FG_NEW","是","tcth:chef_cookbook_gate（DishCookedEvent 严格解锁；拿取/食用不自动解锁）","absent"
"dungeonsdelight:gelled_salad","T2","item:dungeonsdelight/gelled_salad","否","","FG_NEW","是","tcth:chef_cookbook_gate（DishCookedEvent 严格解锁；拿取/食用不自动解锁）","absent"
"dungeonsdelight:ghast_roll","T2","item:dungeonsdelight/ghast_roll","否","","FG_NEW","是","tcth:chef_cookbook_gate（DishCookedEvent 严格解锁；拿取/食用不自动解锁）","absent"
"dungeonsdelight:ghastly_spirits","T2","item:dungeonsdelight/ghastly_spirits","否","","FG_NEW","是","tcth:chef_cookbook_gate（DishCookedEvent 严格解锁；拿取/食用不自动解锁）","absent"
"dungeonsdelight:ghoulash","T2","item:dungeonsdelight/ghoulash","否","","FG_NEW","是","tcth:chef_cookbook_gate（DishCookedEvent 严格解锁；拿取/食用不自动解锁）","absent"
"dungeonsdelight:gyudon","T2","item:dungeonsdelight/gyudon","否","","FG_NEW","是","tcth:chef_cookbook_gate（DishCookedEvent 严格解锁；拿取/食用不自动解锁）","absent"
"dungeonsdelight:haggis","T2","item:dungeonsdelight/haggis","否","","FG_NEW","是","tcth:chef_cookbook_gate（DishCookedEvent 严格解锁；拿取/食用不自动解锁）","absent"
"dungeonsdelight:jelly_beans","T2","item:dungeonsdelight/jelly_beans","否","","FG_NEW","是","tcth:chef_cookbook_gate（DishCookedEvent 严格解锁；拿取/食用不自动解锁）","absent"
"dungeonsdelight:malicious_sandwich","T2","item:dungeonsdelight/malicious_sandwich","否","","FG_NEW","是","tcth:chef_cookbook_gate（DishCookedEvent 严格解锁；拿取/食用不自动解锁）","absent"
"dungeonsdelight:marshbellow","T2","item:dungeonsdelight/marshbellow","否","","FG_NEW","是","tcth:chef_cookbook_gate（DishCookedEvent 严格解锁；拿取/食用不自动解锁）","absent"
"dungeonsdelight:monster_burger","T2","item:dungeonsdelight/monster_burger","否","","FG_NEW","是","tcth:chef_cookbook_gate（DishCookedEvent 严格解锁；拿取/食用不自动解锁）","absent"
"dungeonsdelight:monster_cake_slice","T2","item:dungeonsdelight/monster_cake_slice","否","","FG_NEW","是","tcth:chef_cookbook_gate（DishCookedEvent 严格解锁；拿取/食用不自动解锁）","absent"
"dungeonsdelight:monster_muffin","T2","item:dungeonsdelight/monster_muffin","否","","FG_NEW","是","tcth:chef_cookbook_gate（DishCookedEvent 严格解锁；拿取/食用不自动解锁）","absent"
"dungeonsdelight:necronog","T2","item:dungeonsdelight/necronog","否","","FG_NEW","是","tcth:chef_cookbook_gate（DishCookedEvent 严格解锁；拿取/食用不自动解锁）","absent"
"dungeonsdelight:poi","T2","item:dungeonsdelight/poi","否","","FG_NEW","是","tcth:chef_cookbook_gate（DishCookedEvent 严格解锁；拿取/食用不自动解锁）","absent"
"dungeonsdelight:poisonous_poutine","T2","item:dungeonsdelight/poisonous_poutine","否","","FG_NEW","是","tcth:chef_cookbook_gate（DishCookedEvent 严格解锁；拿取/食用不自动解锁）","absent"
"dungeonsdelight:rot_roast","T2","item:dungeonsdelight/rot_roast","否","","FG_NEW","是","tcth:chef_cookbook_gate（DishCookedEvent 严格解锁；拿取/食用不自动解锁）","absent"
"dungeonsdelight:rotpop","T2","item:dungeonsdelight/rotpop","否","","FG_NEW","是","tcth:chef_cookbook_gate（DishCookedEvent 严格解锁；拿取/食用不自动解锁）","absent"
"dungeonsdelight:rubaboo","T2","item:dungeonsdelight/rubaboo","否","","FG_NEW","是","tcth:chef_cookbook_gate（DishCookedEvent 严格解锁；拿取/食用不自动解锁）","absent"
"dungeonsdelight:salt_soaked_stew","T2","item:dungeonsdelight/salt_soaked_stew","否","","FG_NEW","是","tcth:chef_cookbook_gate（DishCookedEvent 严格解锁；拿取/食用不自动解锁）","absent"
"dungeonsdelight:sculk_apple","T2","item:dungeonsdelight/sculk_apple","否","","FG_NEW","是","tcth:chef_cookbook_gate（DishCookedEvent 严格解锁；拿取/食用不自动解锁）","absent"
"dungeonsdelight:shiokara","T2","item:dungeonsdelight/shiokara","否","","FG_NEW","是","tcth:chef_cookbook_gate（DishCookedEvent 严格解锁；拿取/食用不自动解锁）","absent"
"dungeonsdelight:silverfish_fried_rice","T2","item:dungeonsdelight/silverfish_fried_rice","否","","FG_NEW","是","tcth:chef_cookbook_gate（DishCookedEvent 严格解锁；拿取/食用不自动解锁）","absent"
"dungeonsdelight:sinigang","T2","item:dungeonsdelight/sinigang","否","","FG_NEW","是","tcth:chef_cookbook_gate（DishCookedEvent 严格解锁；拿取/食用不自动解锁）","absent"
"dungeonsdelight:slicorice","COMMON","item:dungeonsdelight/slicorice","否","","FG_NEW","是","tcth:chef_cookbook_gate（DishCookedEvent 严格解锁；拿取/食用不自动解锁）","absent"
"dungeonsdelight:slime_bar","COMMON","item:dungeonsdelight/slime_bar","否","","FG_NEW","是","tcth:chef_cookbook_gate（DishCookedEvent 严格解锁；拿取/食用不自动解锁）","absent"
"dungeonsdelight:slime_noodles","T2","item:dungeonsdelight/slime_noodles","否","","FG_NEW","是","tcth:chef_cookbook_gate（DishCookedEvent 严格解锁；拿取/食用不自动解锁）","absent"
"dungeonsdelight:smoked_spider_meat","COMMON","item:dungeonsdelight/smoked_spider_meat","否","","FG_NEW","是","tcth:chef_cookbook_gate（DishCookedEvent 严格解锁；拿取/食用不自动解锁）","absent"
"dungeonsdelight:snifferwurst","T2","item:dungeonsdelight/snifferwurst","否","","FG_NEW","是","tcth:chef_cookbook_gate（DishCookedEvent 严格解锁；拿取/食用不自动解锁）","absent"
"dungeonsdelight:snuffledog","T2","item:dungeonsdelight/snuffledog","否","","FG_NEW","是","tcth:chef_cookbook_gate（DishCookedEvent 严格解锁；拿取/食用不自动解锁）","absent"
"dungeonsdelight:soaked_skewer","T2","item:dungeonsdelight/soaked_skewer","否","","FG_NEW","是","tcth:chef_cookbook_gate（DishCookedEvent 严格解锁；拿取/食用不自动解锁）","absent"
"dungeonsdelight:soft_serve_sniffer_egg","COMMON","item:dungeonsdelight/soft_serve_sniffer_egg","否","","FG_NEW","是","tcth:chef_cookbook_gate（DishCookedEvent 严格解锁；拿取/食用不自动解锁）","absent"
"dungeonsdelight:spider_bisque","T2","item:dungeonsdelight/spider_bisque","否","","FG_NEW","是","tcth:chef_cookbook_gate（DishCookedEvent 严格解锁；拿取/食用不自动解锁）","absent"
"dungeonsdelight:spider_extract","T2","item:dungeonsdelight/spider_extract","否","","FG_NEW","是","tcth:chef_cookbook_gate（DishCookedEvent 严格解锁；拿取/食用不自动解锁）","absent"
"dungeonsdelight:spider_pie_slice","T2","item:dungeonsdelight/spider_pie_slice","否","","FG_NEW","是","tcth:chef_cookbook_gate（DishCookedEvent 严格解锁；拿取/食用不自动解锁）","absent"
"dungeonsdelight:spider_salmagundi","T2","item:dungeonsdelight/spider_salmagundi","否","","FG_NEW","是","tcth:chef_cookbook_gate（DishCookedEvent 严格解锁；拿取/食用不自动解锁）","absent"
"dungeonsdelight:spider_tanghulu","T2","item:dungeonsdelight/spider_tanghulu","否","","FG_NEW","是","tcth:chef_cookbook_gate（DishCookedEvent 严格解锁；拿取/食用不自动解锁）","absent"
"dungeonsdelight:takoyaki","T2","item:dungeonsdelight/takoyaki","否","","FG_NEW","是","tcth:chef_cookbook_gate（DishCookedEvent 严格解锁；拿取/食用不自动解锁）","absent"
"dungeonsdelight:terrine_loaf","T2","item:dungeonsdelight/terrine_loaf","否","","FG_NEW","是","tcth:chef_cookbook_gate（DishCookedEvent 严格解锁；拿取/食用不自动解锁）","absent"
"dungeonsdelight:trial_freakshake","T2","item:dungeonsdelight/trial_freakshake","否","","FG_NEW","是","tcth:chef_cookbook_gate（DishCookedEvent 严格解锁；拿取/食用不自动解锁）","absent"
"dungeonsdelight:wispy_rice_ball","T2","item:dungeonsdelight/wispy_rice_ball","否","","FG_NEW","是","tcth:chef_cookbook_gate（DishCookedEvent 严格解锁；拿取/食用不自动解锁）","absent"
"minecraft:bread","COMMON","item:minecraft/bread","否","","FG_NEW","是","tcth:chef_cookbook_gate（DishCookedEvent 严格解锁；拿取/食用不自动解锁）","absent"
"mynethersdelight:bacon-wrapped_sausage_on_a_stick","T2","item:mynethersdelight/bacon-wrapped_sausage_on_a_stick","否","","FG_NEW","是","tcth:chef_cookbook_gate（DishCookedEvent 严格解锁；拿取/食用不自动解锁）","absent"
"mynethersdelight:bleeding_tartar","T2","item:mynethersdelight/bleeding_tartar","否","","FG_NEW","是","tcth:chef_cookbook_gate（DishCookedEvent 严格解锁；拿取/食用不自动解锁）","absent"
"mynethersdelight:blue_tenderloin_steak","T2","item:mynethersdelight/blue_tenderloin_steak","否","","FG_NEW","是","tcth:chef_cookbook_gate（DishCookedEvent 严格解锁；拿取/食用不自动解锁）","absent"
"mynethersdelight:boiled_egg","COMMON","item:mynethersdelight/boiled_egg","否","","FG_NEW","是","tcth:chef_cookbook_gate（DishCookedEvent 严格解锁；拿取/食用不自动解锁）","absent"
"mynethersdelight:breakfast_sampler","T2","item:mynethersdelight/breakfast_sampler","否","","FG_NEW","是","tcth:chef_cookbook_gate（DishCookedEvent 严格解锁；拿取/食用不自动解锁）","absent"
"mynethersdelight:burnt_roll","COMMON","item:mynethersdelight/burnt_roll","否","","FG_NEW","是","tcth:chef_cookbook_gate（DishCookedEvent 严格解锁；拿取/食用不自动解锁）","absent"
"mynethersdelight:chilidog","T2","item:mynethersdelight/chilidog","否","","FG_NEW","是","tcth:chef_cookbook_gate（DishCookedEvent 严格解锁；拿取/食用不自动解锁）","absent"
"mynethersdelight:cooked_loin","COMMON","item:mynethersdelight/cooked_loin","否","","FG_NEW","是","tcth:chef_cookbook_gate（DishCookedEvent 严格解锁；拿取/食用不自动解锁）","absent"
"mynethersdelight:crimson_stroganoff","T2","item:mynethersdelight/crimson_stroganoff","否","","FG_NEW","是","tcth:chef_cookbook_gate（DishCookedEvent 严格解锁；拿取/食用不自动解锁）","absent"
"mynethersdelight:deviled_egg","T2","item:mynethersdelight/deviled_egg","否","","FG_NEW","是","tcth:chef_cookbook_gate（DishCookedEvent 严格解锁；拿取/食用不自动解锁）","absent"
"mynethersdelight:dried_ghast_with_milk","COMMON","item:mynethersdelight/dried_ghast_with_milk","否","","FG_NEW","是","tcth:chef_cookbook_gate（DishCookedEvent 严格解锁；拿取/食用不自动解锁）","absent"
"mynethersdelight:egg_soup","T2","item:mynethersdelight/egg_soup","否","","FG_NEW","是","tcth:chef_cookbook_gate（DishCookedEvent 严格解锁；拿取/食用不自动解锁）","absent"
"mynethersdelight:fried_hoglin_chop","COMMON","item:mynethersdelight/fried_hoglin_chop","否","","FG_NEW","是","tcth:chef_cookbook_gate（DishCookedEvent 严格解锁；拿取/食用不自动解锁）","absent"
"mynethersdelight:fries_ghasta","T2","item:mynethersdelight/fries_ghasta","否","","FG_NEW","是","tcth:chef_cookbook_gate（DishCookedEvent 严格解锁；拿取/食用不自动解锁）","absent"
"mynethersdelight:ghast_salad","T2","item:mynethersdelight/ghast_salad","否","","FG_NEW","是","tcth:chef_cookbook_gate（DishCookedEvent 严格解锁；拿取/食用不自动解锁）","absent"
"mynethersdelight:giant_takoyaki","T2","item:mynethersdelight/giant_takoyaki","否","","FG_NEW","是","tcth:chef_cookbook_gate（DishCookedEvent 严格解锁；拿取/食用不自动解锁）","absent"
"mynethersdelight:hoglin_sausage","T2","item:mynethersdelight/hoglin_sausage","否","","FG_NEW","是","tcth:chef_cookbook_gate（DishCookedEvent 严格解锁；拿取/食用不自动解锁）","absent"
"mynethersdelight:hot_cream_cone","T2","item:mynethersdelight/hot_cream_cone","否","","FG_NEW","是","tcth:chef_cookbook_gate（DishCookedEvent 严格解锁；拿取/食用不自动解锁）","absent"
"mynethersdelight:hot_wings","T2","item:mynethersdelight/hot_wings","否","","FG_NEW","是","tcth:chef_cookbook_gate（DishCookedEvent 严格解锁；拿取/食用不自动解锁）","absent"
"mynethersdelight:hot_wings_bucket","COMMON","item:mynethersdelight/hot_wings_bucket","否","","FG_NEW","是","tcth:chef_cookbook_gate（DishCookedEvent 严格解锁；拿取/食用不自动解锁）","absent"
"mynethersdelight:hotdog","COMMON","item:mynethersdelight/hotdog","否","","FG_NEW","是","tcth:chef_cookbook_gate（DishCookedEvent 严格解锁；拿取/食用不自动解锁）","absent"
"mynethersdelight:hotdog_with_mixed_salad","T2","item:mynethersdelight/hotdog_with_mixed_salad","否","","FG_NEW","是","tcth:chef_cookbook_gate（DishCookedEvent 严格解锁；拿取/食用不自动解锁）","absent"
"mynethersdelight:hotdog_with_nether_salad","T2","item:mynethersdelight/hotdog_with_nether_salad","否","","FG_NEW","是","tcth:chef_cookbook_gate（DishCookedEvent 严格解锁；拿取/食用不自动解锁）","absent"
"mynethersdelight:magma_cake_slice","T2","item:mynethersdelight/magma_cake_slice","否","","FG_NEW","是","tcth:chef_cookbook_gate（DishCookedEvent 严格解锁；拿取/食用不自动解锁）","absent"
"mynethersdelight:nether_burger","T2","item:mynethersdelight/nether_burger","否","","FG_NEW","是","tcth:chef_cookbook_gate（DishCookedEvent 严格解锁；拿取/食用不自动解锁）","absent"
"mynethersdelight:red_loin_on_a_stick","COMMON","item:mynethersdelight/red_loin_on_a_stick","否","","FG_NEW","是","tcth:chef_cookbook_gate（DishCookedEvent 严格解锁；拿取/食用不自动解锁）","absent"
"mynethersdelight:roasted_sausage","COMMON","item:mynethersdelight/roasted_sausage","否","","FG_NEW","是","tcth:chef_cookbook_gate（DishCookedEvent 严格解锁；拿取/食用不自动解锁）","absent"
"mynethersdelight:rock_soup","T2","item:mynethersdelight/rock_soup","否","","FG_NEW","是","tcth:chef_cookbook_gate（DishCookedEvent 严格解锁；拿取/食用不自动解锁）","absent"
"mynethersdelight:sausage_and_potatoes","T2","item:mynethersdelight/sausage_and_potatoes","否","","FG_NEW","是","tcth:chef_cookbook_gate（DishCookedEvent 严格解锁；拿取/食用不自动解锁）","absent"
"mynethersdelight:scotch_eggs","T2","item:mynethersdelight/scotch_eggs","否","","FG_NEW","是","tcth:chef_cookbook_gate（DishCookedEvent 严格解锁；拿取/食用不自动解锁）","absent"
"mynethersdelight:sizzling_pudding","T2","item:mynethersdelight/sizzling_pudding","否","","FG_NEW","是","tcth:chef_cookbook_gate（DishCookedEvent 严格解锁；拿取/食用不自动解锁）","absent"
"mynethersdelight:slices_of_bread","T2","item:mynethersdelight/slices_of_bread","否","","FG_NEW","是","tcth:chef_cookbook_gate（DishCookedEvent 严格解锁；拿取/食用不自动解锁）","absent"
"mynethersdelight:spicy_cotton","COMMON","item:mynethersdelight/spicy_cotton","否","","FG_NEW","是","tcth:chef_cookbook_gate（DishCookedEvent 严格解锁；拿取/食用不自动解锁）","absent"
"mynethersdelight:spicy_curry","T2","item:mynethersdelight/spicy_curry","否","","FG_NEW","是","tcth:chef_cookbook_gate（DishCookedEvent 严格解锁；拿取/食用不自动解锁）","absent"
"mynethersdelight:spicy_hoglin_stew","T2","item:mynethersdelight/spicy_hoglin_stew","否","","FG_NEW","是","tcth:chef_cookbook_gate（DishCookedEvent 严格解锁；拿取/食用不自动解锁）","absent"
"mynethersdelight:spicy_noodle_soup","T2","item:mynethersdelight/spicy_noodle_soup","否","","FG_NEW","是","tcth:chef_cookbook_gate（DishCookedEvent 严格解锁；拿取/食用不自动解锁）","absent"
"mynethersdelight:spicy_skewer","T2","item:mynethersdelight/spicy_skewer","否","","FG_NEW","是","tcth:chef_cookbook_gate（DishCookedEvent 严格解锁；拿取/食用不自动解锁）","absent"
"mynethersdelight:strider_stew","T2","item:mynethersdelight/strider_stew","否","","FG_NEW","是","tcth:chef_cookbook_gate（DishCookedEvent 严格解锁；拿取/食用不自动解锁）","absent"
"mynethersdelight:strider_with_grilled_fungus","T2","item:mynethersdelight/strider_with_grilled_fungus","否","","FG_NEW","是","tcth:chef_cookbook_gate（DishCookedEvent 严格解锁；拿取/食用不自动解锁）","absent"
"mynethersdelight:stuffed_pepper","T2","item:mynethersdelight/stuffed_pepper","否","","FG_NEW","是","tcth:chef_cookbook_gate（DishCookedEvent 严格解锁；拿取/食用不自动解锁）","absent"
"mynethersdelight:tear_popsicle","COMMON","item:mynethersdelight/tear_popsicle","否","","FG_NEW","是","tcth:chef_cookbook_gate（DishCookedEvent 严格解锁；拿取/食用不自动解锁）","absent"
"mynethersdelight:toasts","COMMON","item:mynethersdelight/toasts","否","","FG_NEW","是","tcth:chef_cookbook_gate（DishCookedEvent 严格解锁；拿取/食用不自动解锁）","absent"
"mynethersdelight:twisted_ghasta","T2","item:mynethersdelight/twisted_ghasta","否","","FG_NEW","是","tcth:chef_cookbook_gate（DishCookedEvent 严格解锁；拿取/食用不自动解锁）","absent"
"neapolitan:adzuki_bun","COMMON","item:neapolitan/adzuki_bun","否","","FG_NEW","是","tcth:chef_cookbook_gate（DishCookedEvent 严格解锁；拿取/食用不自动解锁）","absent"
"neapolitan:adzuki_curry","T2","item:neapolitan/adzuki_curry","否","","FG_NEW","是","tcth:chef_cookbook_gate（DishCookedEvent 严格解锁；拿取/食用不自动解锁）","absent"
"neapolitan:adzuki_ice_cream","T2","item:neapolitan/adzuki_ice_cream","否","","FG_NEW","是","tcth:chef_cookbook_gate（DishCookedEvent 严格解锁；拿取/食用不自动解锁）","absent"
"neapolitan:adzuki_stew","T2","item:neapolitan/adzuki_stew","否","","FG_NEW","是","tcth:chef_cookbook_gate（DishCookedEvent 严格解锁；拿取/食用不自动解锁）","absent"
"neapolitan:banana_bread","T2","item:neapolitan/banana_bread","否","","FG_NEW","是","tcth:chef_cookbook_gate（DishCookedEvent 严格解锁；拿取/食用不自动解锁）","absent"
"neapolitan:banana_ice_cream","T2","item:neapolitan/banana_ice_cream","否","","FG_NEW","是","tcth:chef_cookbook_gate（DishCookedEvent 严格解锁；拿取/食用不自动解锁）","absent"
"neapolitan:chocolate_bar","COMMON","item:neapolitan/chocolate_bar","否","","FG_NEW","是","tcth:chef_cookbook_gate（DishCookedEvent 严格解锁；拿取/食用不自动解锁）","absent"
"neapolitan:chocolate_ice_cream","T2","item:neapolitan/chocolate_ice_cream","否","","FG_NEW","是","tcth:chef_cookbook_gate（DishCookedEvent 严格解锁；拿取/食用不自动解锁）","absent"
"neapolitan:chocolate_spider_eye","COMMON","item:neapolitan/chocolate_spider_eye","否","","FG_NEW","是","tcth:chef_cookbook_gate（DishCookedEvent 严格解锁；拿取/食用不自动解锁）","absent"
"neapolitan:chocolate_strawberries","COMMON","item:neapolitan/chocolate_strawberries","否","","FG_NEW","是","tcth:chef_cookbook_gate（DishCookedEvent 严格解锁；拿取/食用不自动解锁）","absent"
"neapolitan:cooked_mint_chops","COMMON","item:neapolitan/cooked_mint_chops","否","","FG_NEW","是","tcth:chef_cookbook_gate（DishCookedEvent 严格解锁；拿取/食用不自动解锁）","absent"
"neapolitan:dried_banana","COMMON","item:neapolitan/dried_banana","否","","FG_NEW","是","tcth:chef_cookbook_gate（DishCookedEvent 严格解锁；拿取/食用不自动解锁）","absent"
"neapolitan:dried_vanilla_pods","COMMON","item:neapolitan/dried_vanilla_pods","否","","FG_NEW","是","tcth:chef_cookbook_gate（DishCookedEvent 严格解锁；拿取/食用不自动解锁）","absent"
"neapolitan:mint_candies","COMMON","item:neapolitan/mint_candies","否","","FG_NEW","是","tcth:chef_cookbook_gate（DishCookedEvent 严格解锁；拿取/食用不自动解锁）","absent"
"neapolitan:mint_chocolate","COMMON","item:neapolitan/mint_chocolate","否","","FG_NEW","是","tcth:chef_cookbook_gate（DishCookedEvent 严格解锁；拿取/食用不自动解锁）","absent"
"neapolitan:mint_chops","COMMON","item:neapolitan/mint_chops","否","","FG_NEW","是","tcth:chef_cookbook_gate（DishCookedEvent 严格解锁；拿取/食用不自动解锁）","absent"
"neapolitan:mint_ice_cream","T2","item:neapolitan/mint_ice_cream","否","","FG_NEW","是","tcth:chef_cookbook_gate（DishCookedEvent 严格解锁；拿取/食用不自动解锁）","absent"
"neapolitan:neapolitan_ice_cream","T2","item:neapolitan/neapolitan_ice_cream","否","","FG_NEW","是","tcth:chef_cookbook_gate（DishCookedEvent 严格解锁；拿取/食用不自动解锁）","absent"
"neapolitan:roasted_adzuki_beans","COMMON","item:neapolitan/roasted_adzuki_beans","否","","FG_NEW","是","tcth:chef_cookbook_gate（DishCookedEvent 严格解锁；拿取/食用不自动解锁）","absent"
"neapolitan:strawberry_bean_bonbons","COMMON","item:neapolitan/strawberry_bean_bonbons","否","","FG_NEW","是","tcth:chef_cookbook_gate（DishCookedEvent 严格解锁；拿取/食用不自动解锁）","absent"
"neapolitan:strawberry_ice_cream","T2","item:neapolitan/strawberry_ice_cream","否","","FG_NEW","是","tcth:chef_cookbook_gate（DishCookedEvent 严格解锁；拿取/食用不自动解锁）","absent"
"neapolitan:strawberry_scones","T2","item:neapolitan/strawberry_scones","否","","FG_NEW","是","tcth:chef_cookbook_gate（DishCookedEvent 严格解锁；拿取/食用不自动解锁）","absent"
"neapolitan:vanilla_chocolate_fingers","COMMON","item:neapolitan/vanilla_chocolate_fingers","否","","FG_NEW","是","tcth:chef_cookbook_gate（DishCookedEvent 严格解锁；拿取/食用不自动解锁）","absent"
"neapolitan:vanilla_fudge","COMMON","item:neapolitan/vanilla_fudge","否","","FG_NEW","是","tcth:chef_cookbook_gate（DishCookedEvent 严格解锁；拿取/食用不自动解锁）","absent"
"neapolitan:vanilla_ice_cream","T2","item:neapolitan/vanilla_ice_cream","否","","FG_NEW","是","tcth:chef_cookbook_gate（DishCookedEvent 严格解锁；拿取/食用不自动解锁）","absent"
"neapolitan:vanilla_pudding","T2","item:neapolitan/vanilla_pudding","否","","FG_NEW","是","tcth:chef_cookbook_gate（DishCookedEvent 严格解锁；拿取/食用不自动解锁）","absent"
