等级,等级名,悬赏池,产物显示名,产物ID,饥饿值,效果buff,原料成本合计_铜币,难度系数,增益系数,通用池系数,理论价值,建议unitWorth_铜币,建议数量min,建议数量max,单次支付min,单次支付max,含猜想原料,计算过程,代表配方原料,模组,悬赏池文件,计价修正说明,数据同步来源
2,T2·家常中档,T2菜池,一盘水煎包,kaleidoscope_cookery:shengjian_mantou_plate,,,127,1.05,1.0,1.0,134,134,1,2,134,268,是,(5×25+碗2)×1.05=134,水煎包(kaleidoscope_cookery:shengjian_mantou) + 水煎包(kaleidoscope_cookery:shengjian_mantou) + 水煎包(kaleidoscope_cookery:shengjian_mantou) + 水煎包(kaleidoscope_cookery:shengjian_mantou) + 水煎包(kaleidoscope_cookery:shengjian_mantou) + 碗(minecraft:bowl),万花筒烹饪,food_t2_objs,包子链：最便宜裹馅路径+用户指定25,bounty_pools JSON
1,T1·简餐基础,通用池,冷切火腿片,kaleidoscope_cookery:cold_cut_ham_slices,4.0,,146,1.15,1.0,1.0,167.9,168,1,6,168,1008,是,原料合计146 × T1×1.15 × 无增益×1.0 = 167.90 → ceil → 168；明细: kaleidoscope_cookery:cooked_pork_belly=18(猜想) + kaleidoscope_cookery:cooked_pork_belly=18(猜想) + kaleidoscope_cookery:cooked_pork_belly=18(猜想) + kaleidoscope_cookery:cooked_pork_belly=18(猜想) + kaleidoscope_cookery:cooked_pork_belly=18(猜想) + kaleidoscope_cookery:cooked_pork_belly=18(猜想) + kaleidoscope_cookery:cooked_pork_belly=18(猜想) + kaleidoscope_cookery:cooked_pork_belly=18(猜想) + minecraft:bowl=2(猜想),熟五花肉(kaleidoscope_cookery:cooked_pork_belly) + 熟五花肉(kaleidoscope_cookery:cooked_pork_belly) + 熟五花肉(kaleidoscope_cookery:cooked_pork_belly) + 熟五花肉(kaleidoscope_cookery:cooked_pork_belly) + 熟五花肉(kaleidoscope_cookery:cooked_pork_belly) + 熟五花肉(kaleidoscope_cookery:cooked_pork_belly) + 熟五花肉(kaleidoscope_cookery:cooked_pork_belly) + 熟五花肉(kaleidoscope_cookery:cooked_pork_belly) + 碗(minecraft:bowl),万花筒烹饪,food_common_objs,与悬赏池一致,bounty_pools JSON
1,T1·简餐基础,通用池,浆果拼盘,kaleidoscope_cookery:berry_platter,,,62,1.05,1.0,1.0,66,66,1,4,66,264,,4甜6+4发光9+碗2=62 ×1.05 → 66,,,food_common_objs,整盘/组合链重算,bounty_pools JSON 补录
1,T1·简餐基础,通用池,烤鸡,farmersdelight:roast_chicken_block,,,52,1.15,1.0,1.0,59.8,60,1,6,60,360,是,原料合计52 × T1×1.15 × 无增益×1.0 = 59.80 → ceil → 60；明细: #c:crops/onion=6(已定义) + #c:eggs=5(已定义) + #c:foods/bread=12(猜想) + #c:crops/carrot=4(猜想) + minecraft:cooked_chicken=9(猜想) + minecraft:baked_potato=5(猜想) + #c:crops/carrot=4(猜想) + minecraft:bowl=2(猜想) + minecraft:baked_potato=5(猜想),洋葱(#c:crops/onion) + 蛋(#c:eggs) + 面包(#c:foods/bread) + 胡萝卜(#c:crops/carrot) + 熟鸡肉(minecraft:cooked_chicken) + 烤马铃薯(minecraft:baked_potato) + 胡萝卜(#c:crops/carrot) + 碗(minecraft:bowl) + 烤马铃薯(minecraft:baked_potato),农夫乐事,food_common_objs,与悬赏池一致,bounty_pools JSON
1,T1·简餐基础,通用池,蛋糕切片,farmersdelight:cake_slice,2.0,速度 20秒,40,1.15,1.15,0.95,50.25,51,1,6,51,306,是,原料合计40 × T1×1.15 × 轻度×1.15 × 通用池×0.95 = 50.25 → ceil → 51；明细: minecraft:cake=40(猜想),蛋糕(minecraft:cake),农夫乐事(万花筒机器),food_common_objs,与悬赏池一致,bounty_pools JSON
1,T1·简餐基础,通用池,巧克力派切片,farmersdelight:chocolate_pie_slice,,,35,1.15,1.0,1.0,40.25,41,2,8,82,328,是,原料合计35 × T1×1.15 × 无增益×1.0 = 40.25 → ceil → 41；明细: farmersdelight:chocolate_pie=35(猜想),巧克力派(farmersdelight:chocolate_pie),农夫乐事(万花筒机器),food_common_objs,与悬赏池一致,bounty_pools JSON
1,T1·简餐基础,通用池,甜浆果芝士派切片,farmersdelight:sweet_berry_cheesecake_slice,,,35,1.15,1.0,1.0,40.25,41,2,8,82,328,是,原料合计35 × T1×1.15 × 无增益×1.0 = 40.25 → ceil → 41；明细: farmersdelight:sweet_berry_cheesecake=35(猜想),甜浆果芝士派(farmersdelight:sweet_berry_cheesecake),农夫乐事(万花筒机器),food_common_objs,与悬赏池一致,bounty_pools JSON
1,T1·简餐基础,通用池,水煎包,kaleidoscope_cookery:shengjian_mantou,2.0,温暖 5分,18,1.35,1.15,1.0,25,25,2,12,50,300,是,裹馅18×1.25×1.10=25,裹馅面食(kaleidoscope_cookery:stuffed_dough_food),万花筒烹饪,food_common_objs,包子链：最便宜裹馅路径+用户指定25,bounty_pools JSON
1,T1·简餐基础,通用池,苹果派切片,farmersdelight:apple_pie_slice,,,32,1.15,1.0,1.0,36.8,37,2,8,74,296,是,原料合计32 × T1×1.15 × 无增益×1.0 = 36.80 → ceil → 37；明细: farmersdelight:apple_pie=32(猜想),苹果派(farmersdelight:apple_pie),农夫乐事(万花筒机器),food_common_objs,与悬赏池一致,bounty_pools JSON
1,T1·简餐基础,通用池,南瓜派切片,farmersdelight:pumpkin_pie_slice,,,30,1.15,1.0,1.0,34.5,35,2,12,70,420,是,原料合计30 × T1×1.15 × 无增益×1.0 = 34.50 → ceil → 35；明细: minecraft:pumpkin_pie=30(猜想),南瓜派(minecraft:pumpkin_pie),农夫乐事,food_common_objs,与悬赏池一致,bounty_pools JSON
1,T1·简餐基础,T2菜池,仰望星空派,kaleidoscope_cookery:stargazy_pie,13.0,胀气 30秒、霉运 3分,37,1.15,0.85,1.0,36.17,35,2,8,70,280,是,原料合计37 × T1×1.15 × 负面×0.85 = 36.17 → ceil → 37；明细: #c:raw_fishes=7(已定义) + minecraft:pumpkin_pie=30(猜想),生鱼(#c:raw_fishes) + 南瓜派(minecraft:pumpkin_pie),万花筒烹饪,food_t2_objs,与悬赏池同步 unitWorth 37→35,bounty_pools JSON
1,T1·简餐基础,T1菜池,生丸子,kaleidoscope_cookery:raw_meatball,4.0,,29,1.15,1.0,1.0,33.35,34,4,24,136,816,是,原料合计29 × T1×1.15 × 无增益×1.0 = 33.35 → ceil → 34；明细: #c:raw_meats=12(缺省猜想) + #c:raw_meats=12(缺省猜想) + #c:vegetables=5(猜想),生肉(#c:raw_meats) + 生肉(#c:raw_meats) + 蔬菜(#c:vegetables),万花筒烹饪,,,
1,T1·简餐基础,通用池,番茄拼盘,kaleidoscope_cookery:tomato_platter,,,32,1.05,1.0,1.0,34,34,1,6,34,204,,5×番茄6+碗2=32 ×1.05 → 34,,,food_common_objs,整盘/组合链重算,bounty_pools JSON 补录
1,T1·简餐基础,通用池,夹蛋三明治,farmersdelight:egg_sandwich,8.0,,28,1.15,1.0,1.0,32.2,33,2,12,66,396,是,原料合计28 × T1×1.15 × 无增益×1.0 = 32.20 → ceil → 33；明细: #c:foods/bread=12(猜想) + #c:foods/cooked_egg=8(缺省猜想(默认8)) + #c:foods/cooked_egg=8(缺省猜想(默认8)),面包(#c:foods/bread) + 熟蛋(#c:foods/cooked_egg) + 熟蛋(#c:foods/cooked_egg),农夫乐事,food_common_objs,与悬赏池一致,bounty_pools JSON
1,T1·简餐基础,T1菜池,西瓜片,minecraft:melon_slice,,,25,1.15,1.0,1.0,28.75,29,4,24,116,696,否,原料合计25 × T1×1.15 × 无增益×1.0 = 28.75 → ceil → 29；明细: minecraft:melon=25(已定义),西瓜(minecraft:melon),农夫乐事,,,
1,T1·简餐基础,通用池,兔肉煲,minecraft:rabbit_stew,,,25,1.15,1.0,1.0,28.75,29,2,12,58,348,是,原料合计25 × T1×1.15 × 无增益×1.0 = 28.75 → ceil → 29；明细: #c:crops/potato=4(猜想) + minecraft:rabbit=12(猜想) + #c:crops/carrot=4(猜想) + minecraft:brown_mushroom=5(猜想),马铃薯(#c:crops/potato) + 生兔肉(minecraft:rabbit) + 胡萝卜(#c:crops/carrot) + 任选其一:[棕色蘑菇(minecraft:brown_mushroom) | 红色蘑菇(minecraft:red_mushroom)],农夫乐事,food_common_objs,与悬赏池一致,bounty_pools JSON
1,T1·简餐基础,通用池,苹果拼盘,kaleidoscope_cookery:apple_platter,,,26,1.05,1.0,1.0,28,28,1,6,28,168,,4×苹果6+碗2=26 ×1.05 → 28,,,food_common_objs,整盘/组合链重算,bounty_pools JSON 补录
1,T1·简餐基础,通用池,珍珠咕噜肉,kaleidoscope_cookery:sweet_and_sour_ender_pearls,9.0,胀气 35秒,28,1.15,0.85,1.0,27.37,28,2,12,56,336,是,原料合计28 × T1×1.15 × 负面×0.85 = 27.37 → ceil → 28；明细: minecraft:ender_pearl=20(猜想) + minecraft:ender_eye=8(缺省猜想(默认8)),末影珍珠(minecraft:ender_pearl) + 末影之眼(minecraft:ender_eye),万花筒烹饪,food_common_objs,与悬赏池一致,bounty_pools JSON
1,T1·简餐基础,通用池,萝卜羊肉汤,kaleidoscope_cookery:lamb_and_radish_soup,6.0,寒带疾行 5分,19,1.15,1.15,1.0,25.13,26,2,12,52,312,否,原料合计19 × T1×1.15 × 轻度×1.15 = 25.13 → ceil → 26；明细: #c:foods/raw_mutton=15(已定义) + minecraft:carrot=4(已定义),生羊肉(#c:foods/raw_mutton) + 胡萝卜(minecraft:carrot),万花筒烹饪,food_common_objs,与悬赏池一致,bounty_pools JSON
1,T1·简餐基础,通用池,大骨汤,farmersdelight:bone_broth,8.0,营养 1分,17,1.15,1.15,1.0,22.48,23,2,12,46,276,是,原料合计17 × T1×1.15 × 轻度×1.15 = 22.48 → ceil → 23；明细: #c:bones=8(缺省猜想(默认8)) + minecraft:glow_berries=9(已定义),骨头(#c:bones) + 任选其一:[发光浆果(minecraft:glow_berries) | 蘑菇(#c:mushrooms) | 垂根(minecraft:hanging_roots) | 发光地衣(minecraft:glow_lichen)],农夫乐事,food_common_objs,与悬赏池一致,bounty_pools JSON
1,T1·简餐基础,通用池,牛丸汤,kaleidoscope_cookery:beef_meatball_soup,6.0,温暖 8分,17,1.15,1.15,1.0,22.48,23,2,12,46,276,是,原料合计17 × T1×1.15 × 轻度×1.15 = 22.48 → ceil → 23；明细: kaleidoscope_cookery:raw_meatball=12(猜想) + #c:crops/lettuce=5(缺省猜想),生丸子(kaleidoscope_cookery:raw_meatball) + 生菜(#c:crops/lettuce),万花筒烹饪,food_common_objs,与悬赏池一致,bounty_pools JSON
1,T1·简餐基础,通用池,野菌兔肉汤,kaleidoscope_cookery:wild_mushroom_rabbit_soup,6.0,速度 8分,17,1.15,1.15,1.0,22.48,23,2,12,46,276,是,原料合计17 × T1×1.15 × 轻度×1.15 = 22.48 → ceil → 23；明细: minecraft:rabbit=12(猜想) + #c:mushrooms=5(猜想),生兔肉(minecraft:rabbit) + 蘑菇(#c:mushrooms),万花筒烹饪,food_common_objs,与悬赏池一致,bounty_pools JSON
1,T1·简餐基础,T1菜池,蛋糕,minecraft:cake,,,20,1.15,1.0,1.0,23.0,23,4,24,92,552,是,原料合计20 × T1×1.15 × 无增益×1.0 = 23.00 → ceil → 23；明细: #c:drinks/milk=6(猜想) + minecraft:sugar=4(已定义) + #c:eggs=5(已定义) + #c:crops/wheat=5(猜想),奶(#c:drinks/milk)×3 + 糖(minecraft:sugar)×2 + 蛋(#c:eggs) + 小麦(#c:crops/wheat)×3,农夫乐事,,,
1,T1·简餐基础,通用池,鲑鱼寿司,farmersdelight:salmon_roll,7.0,,19,1.15,1.0,1.0,21.85,22,2,12,44,264,是,原料合计19 × T1×1.15 × 无增益×1.0 = 21.85 → ceil → 22；明细: farmersdelight:salmon_slice=6(猜想) + farmersdelight:salmon_slice=6(猜想) + kaleidoscope_cookery:cooked_rice=7(猜想),生鲑鱼片(farmersdelight:salmon_slice) + 生鲑鱼片(farmersdelight:salmon_slice) + 米饭(kaleidoscope_cookery:cooked_rice),农夫乐事,food_common_objs,与悬赏池一致,bounty_pools JSON
1,T1·简餐基础,通用池,卷心菜卷,farmersdelight:cabbage_rolls,5.0,,18,1.15,1.0,1.0,20.7,21,2,12,42,252,是,原料合计18 × T1×1.15 × 无增益×1.0 = 20.70 → ceil → 21；明细: #c:crops/cabbage=6(已定义) + #c:foods/raw_meat=12(缺省猜想),卷心菜(#c:crops/cabbage) + 任选其一:[生肉(#c:foods/raw_meat) | 安全生鱼(不含河豚)(#c:foods/safe_raw_fish) | 蔬菜(#c:foods/vegetable) | 蘑菇(#c:mushrooms)],农夫乐事,food_common_objs,与悬赏池一致,bounty_pools JSON
1,T1·简餐基础,通用池,鳕鱼寿司,farmersdelight:cod_roll,7.0,,17,1.15,1.0,1.0,19.55,20,3,16,60,320,是,原料合计17 × T1×1.15 × 无增益×1.0 = 19.55 → ceil → 20；明细: farmersdelight:cod_slice=5(猜想) + farmersdelight:cod_slice=5(猜想) + kaleidoscope_cookery:cooked_rice=7(猜想),生鳕鱼片(farmersdelight:cod_slice) + 生鳕鱼片(farmersdelight:cod_slice) + 米饭(kaleidoscope_cookery:cooked_rice),农夫乐事,food_common_objs,与悬赏池一致,bounty_pools JSON
1,T1·简餐基础,通用池,南瓜片,farmersdelight:pumpkin_slice,3.0,,17,1.15,1.0,0.95,18.57,19,3,16,57,304,否,原料合计17 × T1×1.15 × 无增益×1.0 × 通用池×0.95 = 18.57 → ceil → 19；明细: minecraft:pumpkin=17(已定义),南瓜(minecraft:pumpkin),农夫乐事(万花筒机器),food_common_objs,与悬赏池一致,bounty_pools JSON
1,T1·简餐基础,通用池,土豆炖牛肉,kaleidoscope_cookery:braised_beef_with_potatoes,6.0,温暖 8分,14,1.15,1.15,1.0,18.51,19,3,16,57,304,否,原料合计14 × T1×1.15 × 轻度×1.15 = 18.51 → ceil → 19；明细: #c:foods/raw_beef=10(已定义) + minecraft:potato=4(已定义),生牛肉(#c:foods/raw_beef) + 马铃薯(minecraft:potato),万花筒烹饪,food_common_objs,与悬赏池一致,bounty_pools JSON
1,T1·简餐基础,通用池,河豚汤,kaleidoscope_cookery:pufferfish_soup,4.0,芥末 10分,15,1.15,1.08,1.0,18.63,19,3,16,57,304,是,原料合计15 × T1×1.15 × 其它×1.08 = 18.63 → ceil → 19；明细: minecraft:pufferfish=10(猜想) + #c:crops/lettuce=5(缺省猜想),河豚(minecraft:pufferfish) + 生菜(#c:crops/lettuce),万花筒烹饪,food_common_objs,与悬赏池一致,bounty_pools JSON
1,T1·简餐基础,通用池,旋风烤肉塔,kaleidoscope_cookery:shawarma_spit,,,16,1.15,1.0,1.0,18.4,19,3,16,57,304,是,原料合计16 × T1×1.15 × 无增益×1.0 = 18.40 → ceil → 19；明细: minecraft:chain=8(缺省猜想(默认8)) + minecraft:campfire=8(缺省猜想(默认8)),锁链(minecraft:chain)×4 + 营火(minecraft:campfire)×2,万花筒烹饪,food_common_objs,与悬赏池一致,bounty_pools JSON
1,T1·简餐基础,T1菜池,生培根,farmersdelight:bacon,2.0,,15,1.15,1.0,1.0,17.25,18,4,24,72,432,否,原料合计15 × T1×1.15 × 无增益×1.0 = 17.25 → ceil → 18；明细: minecraft:porkchop=15(已定义),生猪排(minecraft:porkchop),农夫乐事,,,
1,T1·简餐基础,通用池,熟竹筒饭,kaleidoscope_cookery:bamboo_tube_rice,10.0,,12,1.15,1.0,1.0,13.8,18,3,16,54,288,是,原料合计12 × T1×1.15 × 无增益×1.0 = 13.80 → ceil → 14；明细: kaleidoscope_cookery:raw_bamboo_tube_rice=12(缺省猜想),生竹筒饭(kaleidoscope_cookery:raw_bamboo_tube_rice),万花筒烹饪,food_common_objs,与悬赏池同步 unitWorth 14→18,bounty_pools JSON
1,T1·简餐基础,T1菜池,生羊排,kaleidoscope_cookery:raw_lamb_chops,1.0,,15,1.15,1.0,1.0,17.25,18,4,24,72,432,否,原料合计15 × T1×1.15 × 无增益×1.0 = 17.25 → ceil → 18；明细: minecraft:mutton=15(已定义),生羊肉(minecraft:mutton),万花筒烹饪,,,
1,T1·简餐基础,T1菜池,生五花肉,kaleidoscope_cookery:raw_pork_belly,2.0,,15,1.15,1.0,1.0,17.25,18,4,24,72,432,否,原料合计15 × T1×1.15 × 无增益×1.0 = 17.25 → ceil → 18；明细: minecraft:porkchop=15(已定义),生猪排(minecraft:porkchop),万花筒烹饪,,,
1,T1·简餐基础,通用池,西瓜拼盘,kaleidoscope_cookery:watermelon_platter,,,17,1.05,1.0,1.0,18,18,1,6,18,108,,3×西瓜片5+碗2=17 ×1.05 → 18,,,food_common_objs,整盘/组合链重算,bounty_pools JSON 补录
1,T1·简餐基础,通用池,熟羊肉,minecraft:cooked_mutton,,,15,1.15,1.0,0.95,16.39,17,3,16,51,272,否,原料合计15 × T1×1.15 × 无增益×1.0 × 通用池×0.95 = 16.39 → ceil → 17；明细: minecraft:mutton=15(已定义),生羊肉(minecraft:mutton),万花筒烹饪,food_common_objs,与悬赏池一致,bounty_pools JSON
1,T1·简餐基础,通用池,熟猪排,minecraft:cooked_porkchop,,,15,1.15,1.0,0.95,16.39,17,3,16,51,272,否,原料合计15 × T1×1.15 × 无增益×1.0 × 通用池×0.95 = 16.39 → ceil → 17；明细: minecraft:porkchop=15(已定义),生猪排(minecraft:porkchop),万花筒烹饪,food_common_objs,与悬赏池一致,bounty_pools JSON
1,T1·简餐基础,通用池,罗宋汤,kaleidoscope_cookery:borscht,6.0,胀气 3分,16,1.15,0.85,1.0,15.64,16,3,16,48,256,否,原料合计16 × T1×1.15 × 负面×0.85 = 15.64 → ceil → 16；明细: #c:foods/raw_beef=10(已定义) + #c:crops/tomato=6(已定义),生牛肉(#c:foods/raw_beef) + 番茄(#c:crops/tomato),万花筒烹饪,food_common_objs,与悬赏池一致,bounty_pools JSON
1,T1·简餐基础,通用池,小鸡炖蘑菇,kaleidoscope_cookery:chicken_and_mushroom_stew,6.0,温暖 8分,12,1.15,1.15,1.0,15.87,16,3,16,48,256,是,原料合计12 × T1×1.15 × 轻度×1.15 = 15.87 → ceil → 16；明细: #c:foods/raw_chicken=7(已定义) + #c:mushrooms=5(猜想),生鸡肉(#c:foods/raw_chicken) + 蘑菇(#c:mushrooms),万花筒烹饪,food_common_objs,与悬赏池一致,bounty_pools JSON
1,T1·简餐基础,通用池,疙瘩汤,kaleidoscope_cookery:dough_drop_soup,8.0,温暖 1分20秒,11,1.15,1.15,1.0,14.55,15,3,16,45,240,是,原料合计11 × T1×1.15 × 轻度×1.15 = 14.55 → ceil → 15；明细: #c:crops/lettuce=5(缺省猜想) + #c:flour=6(猜想(模糊)),生菜(#c:crops/lettuce) + 面粉(#c:flour),万花筒烹饪,food_common_objs,与悬赏池一致,bounty_pools JSON
1,T1·简餐基础,通用池,海鲜味噌汤,kaleidoscope_cookery:seafood_miso_soup,6.0,水下呼吸 8分,12,1.15,1.08,1.0,14.9,15,3,16,45,240,是,原料合计12 × T1×1.15 × 其它×1.08 = 14.90 → ceil → 15；明细: #c:raw_fishes=7(已定义) + #c:crops/lettuce=5(缺省猜想),生鱼(#c:raw_fishes) + 生菜(#c:crops/lettuce),万花筒烹饪,food_common_objs,与悬赏池一致,bounty_pools JSON
1,T1·简餐基础,通用池,熟鸡肉丁,farmersdelight:cooked_chicken_cuts,3.0,,12,1.15,1.0,0.95,13.11,14,3,16,42,224,是,原料合计12 × T1×1.15 × 无增益×1.0 × 通用池×0.95 = 13.11 → ceil → 14；明细: farmersdelight:chicken_cuts=12(缺省猜想),生鸡肉丁(farmersdelight:chicken_cuts),农夫乐事(万花筒机器),food_common_objs,与悬赏池一致,bounty_pools JSON
1,T1·简餐基础,通用池,海带寿司,farmersdelight:kelp_roll_slice,6.0,,12,1.15,1.0,1.0,13.8,14,3,16,42,224,是,原料合计12 × T1×1.15 × 无增益×1.0 = 13.80 → ceil → 14；明细: farmersdelight:kelp_roll=12(猜想),海带寿司卷(farmersdelight:kelp_roll),农夫乐事(万花筒机器),food_common_objs,与悬赏池一致,bounty_pools JSON
1,T1·简餐基础,通用池,熟切制小肉,kaleidoscope_cookery:cooked_cut_small_meats,4.0,,12,1.15,1.0,0.95,13.11,14,3,16,42,224,是,原料合计12 × T1×1.15 × 无增益×1.0 × 通用池×0.95 = 13.11 → ceil → 14；明细: kaleidoscope_cookery:raw_cut_small_meats=12(缺省猜想),生切制小肉(kaleidoscope_cookery:raw_cut_small_meats),万花筒烹饪,food_common_objs,与悬赏池一致,bounty_pools JSON
1,T1·简餐基础,通用池,熟羊排,kaleidoscope_cookery:cooked_lamb_chops,3.0,,12,1.15,1.0,0.95,13.11,14,3,16,42,224,是,原料合计12 × T1×1.15 × 无增益×1.0 × 通用池×0.95 = 13.11 → ceil → 14；明细: kaleidoscope_cookery:raw_lamb_chops=12(猜想),生羊排(kaleidoscope_cookery:raw_lamb_chops),万花筒烹饪,food_common_objs,与悬赏池一致,bounty_pools JSON
1,T1·简餐基础,通用池,熟丸子,kaleidoscope_cookery:cooked_meatball,8.0,,12,1.15,1.0,0.95,13.11,14,3,16,42,224,是,原料合计12 × T1×1.15 × 无增益×1.0 × 通用池×0.95 = 13.11 → ceil → 14；明细: kaleidoscope_cookery:raw_meatball=12(猜想),生丸子(kaleidoscope_cookery:raw_meatball),万花筒烹饪,food_common_objs,与悬赏池一致,bounty_pools JSON
1,T1·简餐基础,通用池,熟五花肉,kaleidoscope_cookery:cooked_pork_belly,4.0,,12,1.15,1.0,0.95,13.11,14,3,16,42,224,是,原料合计12 × T1×1.15 × 无增益×1.0 × 通用池×0.95 = 13.11 → ceil → 14；明细: kaleidoscope_cookery:raw_pork_belly=12(缺省猜想),生五花肉(kaleidoscope_cookery:raw_pork_belly),万花筒烹饪,food_common_objs,与悬赏池一致,bounty_pools JSON
1,T1·简餐基础,通用池,牛皮糖,kaleidoscope_cookery:sticky_candy,6.0,,12,1.15,1.0,1.0,14,14,3,16,42,224,是,皮革8+糖4=12 ×1.15 → 14,皮革(minecraft:leather) + 糖(minecraft:sugar),万花筒烹饪,food_common_objs,整盘/组合链重算,bounty_pools JSON
1,T1·简餐基础,通用池,熟兔肉,minecraft:cooked_rabbit,,,12,1.15,1.0,0.95,13.11,14,3,16,42,224,是,原料合计12 × T1×1.15 × 无增益×1.0 × 通用池×0.95 = 13.11 → ceil → 14；明细: minecraft:rabbit=12(猜想),生兔肉(minecraft:rabbit),万花筒烹饪,food_common_objs,与悬赏池一致,bounty_pools JSON
1,T1·简餐基础,通用池,牛肉饼,farmersdelight:beef_patty,4.0,,11,1.15,1.0,0.95,12.02,13,3,16,39,208,是,原料合计11 × T1×1.15 × 无增益×1.0 × 通用池×0.95 = 12.02 → ceil → 13；明细: farmersdelight:minced_beef=11(猜想),牛肉馅(farmersdelight:minced_beef),农夫乐事(万花筒机器),food_common_objs,与悬赏池一致,bounty_pools JSON
1,T1·简餐基础,T1菜池,馅饼酥皮,farmersdelight:pie_crust,2.0,,11,1.15,1.0,1.0,12.65,13,4,24,52,312,是,原料合计11 × T1×1.15 × 无增益×1.0 = 12.65 → ceil → 13；明细: #c:crops/wheat=5(猜想) + #c:drinks/milk=6(猜想),小麦(#c:crops/wheat)×3 + 奶(#c:drinks/milk),农夫乐事,,,
1,T1·简餐基础,T1菜池,牛肉馅,farmersdelight:minced_beef,2.0,,10,1.15,1.0,1.0,11.5,12,4,24,48,288,否,原料合计10 × T1×1.15 × 无增益×1.0 = 11.50 → ceil → 12；明细: minecraft:beef=10(已定义),生牛肉(minecraft:beef),农夫乐事,,,
1,T1·简餐基础,通用池,蛋炒饭,kaleidoscope_cookery:egg_fried_rice,8.0,,10,1.15,1.0,1.0,11.5,12,3,16,36,192,是,原料合计10 × T1×1.15 × 无增益×1.0 = 11.50 → ceil → 12；明细: #c:eggs=5(已定义) + #c:foods/cooked_rice=5(缺省猜想),蛋(#c:eggs) + 熟米饭(#c:foods/cooked_rice),万花筒烹饪,food_common_objs,与悬赏池一致,bounty_pools JSON
1,T1·简餐基础,通用池,花茶,kaleidoscope_cookery:flower_tea,,,,,,,,12,3,16,36,192,,与悬赏池 food_common_objs unitWorth=12 同步,,,food_common_objs,补录,bounty_pools JSON 补录
1,T1·简餐基础,T1菜池,生牛杂,kaleidoscope_cookery:raw_cow_offal,2.0,,10,1.15,1.0,1.0,11.5,12,4,24,48,288,否,原料合计10 × T1×1.15 × 无增益×1.0 = 11.50 → ceil → 12；明细: minecraft:beef=10(已定义),生牛肉(minecraft:beef),万花筒烹饪,,,
1,T1·简餐基础,通用池,熟牛杂,kaleidoscope_cookery:cooked_cow_offal,4.0,,10,1.15,1.0,0.95,10.92,11,3,16,33,176,是,原料合计10 × T1×1.15 × 无增益×1.0 × 通用池×0.95 = 10.92 → ceil → 11；明细: kaleidoscope_cookery:raw_cow_offal=10(猜想),生牛杂(kaleidoscope_cookery:raw_cow_offal),万花筒烹饪,food_common_objs,与悬赏池一致,bounty_pools JSON
1,T1·简餐基础,通用池,饺子,kaleidoscope_cookery:dumpling,8.0,温暖 1分20秒,8,1.15,1.15,1.0,10.58,11,3,16,33,176,是,原料合计8 × T1×1.15 × 轻度×1.15 = 10.58 → ceil → 11；明细: kaleidoscope_cookery:stuffed_dough_food=8(缺省猜想(默认8)),裹馅面食(kaleidoscope_cookery:stuffed_dough_food),万花筒烹饪,food_common_objs,与悬赏池一致,bounty_pools JSON
1,T1·简餐基础,通用池,馅饼,kaleidoscope_cookery:meat_pie,8.0,温暖 1分20秒,8,1.15,1.15,1.0,10.58,11,3,16,33,176,是,原料合计8 × T1×1.15 × 轻度×1.15 = 10.58 → ceil → 11；明细: kaleidoscope_cookery:stuffed_dough_food=8(缺省猜想(默认8)),裹馅面食(kaleidoscope_cookery:stuffed_dough_food),万花筒烹饪,food_common_objs,与悬赏池一致,bounty_pools JSON
1,T1·简餐基础,通用池,牛排,minecraft:cooked_beef,,,10,1.15,1.0,0.95,10.92,11,3,16,33,176,否,原料合计10 × T1×1.15 × 无增益×1.0 × 通用池×0.95 = 10.92 → ceil → 11；明细: minecraft:beef=10(已定义),生牛肉(minecraft:beef),万花筒烹饪,food_common_objs,与悬赏池一致,bounty_pools JSON
1,T1·简餐基础,通用池,大麦茶,kaleidoscope_cookery:barley_tea,,,,,,,,10,4,24,40,240,,与悬赏池 food_common_objs unitWorth=10 同步,,,food_common_objs,补录,bounty_pools JSON 补录
1,T1·简餐基础,通用池,翻糖蛛眼,kaleidoscope_cookery:fondant_spider_eye,8.0,胀气 35秒,10,1.15,0.85,1.0,9.78,10,4,24,40,240,是,原料合计10 × T1×1.15 × 负面×0.85 = 9.78 → ceil → 10；明细: minecraft:sugar=4(已定义) + minecraft:spider_eye=6(猜想),糖(minecraft:sugar) + 蜘蛛眼(minecraft:spider_eye),万花筒烹饪,food_common_objs,与悬赏池一致,bounty_pools JSON
1,T1·简餐基础,通用池,馒头,kaleidoscope_cookery:mantou,6.0,,8,1.15,1.0,1.0,10,10,3,16,30,160,是,面团8×1.15 → 10,面团(#c:dough),万花筒烹饪,food_common_objs,整盘/组合链重算,bounty_pools JSON
1,T1·简餐基础,通用池,青团,kaleidoscope_cookery:qingtuan,5.0,,8,1.15,1.0,1.0,10,10,3,16,30,160,是,粘液球8×1.15 → 10,粘液球(minecraft:slime_ball),万花筒烹饪,food_common_objs,整盘/组合链重算,bounty_pools JSON
1,T1·简餐基础,通用池,熟培根,farmersdelight:cooked_bacon,4.0,,8,1.15,1.0,0.95,8.74,9,4,24,36,216,是,原料合计8 × T1×1.15 × 无增益×1.0 × 通用池×0.95 = 8.74 → ceil → 9；明细: farmersdelight:bacon=8(猜想),生培根(farmersdelight:bacon),农夫乐事(万花筒机器),food_common_objs,与悬赏池一致,bounty_pools JSON
1,T1·简餐基础,T1菜池,生切制小肉,kaleidoscope_cookery:raw_cut_small_meats,2.0,,7,1.15,1.0,1.0,8.05,9,4,24,36,216,否,原料合计7 × T1×1.15 × 无增益×1.0 = 8.05 → ceil → 9；明细: minecraft:chicken=7(已定义),生鸡肉(minecraft:chicken),万花筒烹饪,,,
1,T1·简餐基础,通用池,刺身,kaleidoscope_cookery:sashimi,1.0,,7,1.15,1.0,1.0,8.05,9,4,24,36,216,否,原料合计7 × T1×1.15 × 无增益×1.0 = 8.05 → ceil → 9；明细: minecraft:cod=7(已定义),生鳕鱼(minecraft:cod),万花筒烹饪,food_common_objs,与悬赏池一致,bounty_pools JSON
1,T1·简餐基础,通用池,糍粑,kaleidoscope_cookery:sticky_rice_cake,8.0,,7,1.15,1.0,1.0,9,9,3,16,27,144,是,米饭7×1.15 → 9,米饭(kaleidoscope_cookery:cooked_rice),万花筒烹饪,food_common_objs,整盘/组合链重算,bounty_pools JSON
1,T1·简餐基础,通用池,熟鲑鱼,minecraft:cooked_salmon,,,8,1.15,1.0,0.95,8.74,9,4,24,36,216,否,原料合计8 × T1×1.15 × 无增益×1.0 × 通用池×0.95 = 8.74 → ceil → 9；明细: minecraft:salmon=8(已定义),生鲑鱼(minecraft:salmon),万花筒烹饪,food_common_objs,与悬赏池一致,bounty_pools JSON
1,T1·简餐基础,T1菜池,生意面,farmersdelight:raw_pasta,2.0,饥饿 30秒(30%),8,1.15,0.85,1.0,7.82,8,4,24,32,192,是,原料合计8 × T1×1.15 × 负面×0.85 = 7.82 → ceil → 8；明细: #c:dough=8(猜想(模糊)),面团(#c:dough),农夫乐事,,,
1,T1·简餐基础,通用池,黏液饭,kaleidoscope_cookery:slime_ball_meal,9.0,胀气 35秒,8,1.15,0.85,1.0,7.82,8,4,24,32,192,是,原料合计8 × T1×1.15 × 负面×0.85 = 7.82 → ceil → 8；明细: minecraft:slime_ball=8(猜想),粘液球(minecraft:slime_ball),万花筒烹饪,food_common_objs,与悬赏池一致,bounty_pools JSON
1,T1·简餐基础,通用池,熟鸡肉,minecraft:cooked_chicken,,,7,1.15,1.0,0.95,7.65,8,4,24,32,192,否,原料合计7 × T1×1.15 × 无增益×1.0 × 通用池×0.95 = 7.65 → ceil → 8；明细: minecraft:chicken=7(已定义),生鸡肉(minecraft:chicken),万花筒烹饪,food_common_objs,与悬赏池一致,bounty_pools JSON
1,T1·简餐基础,通用池,熟鳕鱼,minecraft:cooked_cod,,,7,1.15,1.0,0.95,7.65,8,4,24,32,192,否,原料合计7 × T1×1.15 × 无增益×1.0 × 通用池×0.95 = 7.65 → ceil → 8；明细: minecraft:cod=7(已定义),生鳕鱼(minecraft:cod),万花筒烹饪,food_common_objs,与悬赏池一致,bounty_pools JSON
1,T1·简餐基础,T1菜池,卷心菜叶,farmersdelight:cabbage_leaf,1.0,,6,1.15,1.0,1.0,6.9,7,4,24,28,168,是,原料合计6 × T1×1.15 × 无增益×1.0 = 6.90 → ceil → 7；明细: farmersdelight:cabbage=6(猜想),卷心菜(farmersdelight:cabbage),农夫乐事(万花筒机器),,,
1,T1·简餐基础,通用池,米饭,farmersdelight:cooked_rice,6.0,营养 30秒,5,1.15,1.15,0.95,6.28,7,4,24,28,168,否,原料合计5 × T1×1.15 × 轻度×1.15 × 通用池×0.95 = 6.28 → ceil → 7；明细: #c:crops/rice=5(已定义),稻米(#c:crops/rice),农夫乐事,food_common_objs,与悬赏池一致,bounty_pools JSON
1,T1·简餐基础,通用池,熟鲑鱼片,farmersdelight:cooked_salmon_slice,3.0,,6,1.15,1.0,0.95,6.55,7,4,24,28,168,是,原料合计6 × T1×1.15 × 无增益×1.0 × 通用池×0.95 = 6.55 → ceil → 7；明细: farmersdelight:salmon_slice=6(猜想),生鲑鱼片(farmersdelight:salmon_slice),农夫乐事(万花筒机器),food_common_objs,与悬赏池一致,bounty_pools JSON
1,T1·简餐基础,T1菜池,卷心菜,farmersdelight:cabbage,2.0,,5,1.15,1.0,1.0,5.75,6,4,24,24,144,是,原料合计5 × T1×1.15 × 无增益×1.0 = 5.75 → ceil → 6；明细: farmersdelight:cabbage_crate=5(缺省猜想),箱装卷心菜(farmersdelight:cabbage_crate),农夫乐事,,,
1,T1·简餐基础,通用池,熟鳕鱼片,farmersdelight:cooked_cod_slice,3.0,,5,1.15,1.0,0.95,5.46,6,4,24,24,144,是,原料合计5 × T1×1.15 × 无增益×1.0 × 通用池×0.95 = 5.46 → ceil → 6；明细: farmersdelight:cod_slice=5(猜想),生鳕鱼片(farmersdelight:cod_slice),农夫乐事(万花筒机器),food_common_objs,与悬赏池一致,bounty_pools JSON
1,T1·简餐基础,T1菜池,洋葱,farmersdelight:onion,2.0,,5,1.15,1.0,1.0,5.75,6,4,24,24,144,是,原料合计5 × T1×1.15 × 无增益×1.0 = 5.75 → ceil → 6；明细: farmersdelight:onion_crate=5(缺省猜想),箱装洋葱(farmersdelight:onion_crate),农夫乐事,,,
1,T1·简餐基础,通用池,米饭,kaleidoscope_cookery:cooked_rice,6.0,,5,1.15,1.0,0.95,5.46,6,4,24,24,144,是,原料合计5 × T1×1.15 × 无增益×1.0 × 通用池×0.95 = 5.46 → ceil → 6；明细: #c:grain/rice=5(缺省猜想),稻米(#c:grain/rice),万花筒烹饪,food_common_objs,与悬赏池一致,bounty_pools JSON
1,T1·简餐基础,通用池,煎蛋,kaleidoscope_cookery:fried_egg,4.0,,5,1.15,1.0,0.95,5.46,6,4,24,24,144,否,原料合计5 × T1×1.15 × 无增益×1.0 × 通用池×0.95 = 5.46 → ceil → 6；明细: #c:eggs=5(已定义),蛋(#c:eggs),万花筒烹饪,food_common_objs,与悬赏池一致,bounty_pools JSON
1,T1·简餐基础,通用池,烤马铃薯,minecraft:baked_potato,,,4,1.15,1.0,0.95,4.37,5,4,24,20,120,否,原料合计4 × T1×1.15 × 无增益×1.0 × 通用池×0.95 = 4.37 → ceil → 5；明细: minecraft:potato=4(已定义),马铃薯(minecraft:potato),万花筒烹饪,food_common_objs,与悬赏池一致,bounty_pools JSON
1,T1·简餐基础,通用池,油炸猪儿虫,kaleidoscope_cookery:fried_caterpillar,12.0,胀气 10秒,4,1.15,0.85,0.95,3.71,4,4,24,16,96,是,原料合计4 × T1×1.15 × 负面×0.85 × 通用池×0.95 = 3.71 → ceil → 4；明细: #kaleidoscope_cookery:caterpillars=4(猜想),毛虫(#kaleidoscope_cookery:caterpillars),万花筒烹饪,food_common_objs,与悬赏池一致,bounty_pools JSON
1,T1·简餐基础,通用池,大骨汤,kaleidoscope_cookery:pork_bone_soup,6.0,活力 5分,3,1.15,1.08,1.0,3.73,4,4,24,16,96,是,原料合计3 × T1×1.15 × 其它×1.08 = 3.73 → ceil → 4；明细: minecraft:bone=3(猜想),骨头(minecraft:bone),万花筒烹饪,food_common_objs,与悬赏池一致,bounty_pools JSON
1,T1·简餐基础,通用池,干海带,minecraft:dried_kelp,,,2,1.15,1.0,0.95,2.18,3,4,24,12,72,否,原料合计2 × T1×1.15 × 无增益×1.0 × 通用池×0.95 = 2.18 → ceil → 3；明细: minecraft:kelp=2(已定义),海带(minecraft:kelp),万花筒烹饪,food_common_objs,与悬赏池一致,bounty_pools JSON
2,T2·家常中档,T2菜池,一盘包子,kaleidoscope_cookery:baozi_plate,,,127,1.05,1.0,1.0,134,134,1,2,134,268,,(5×25+碗2)×1.05=134,,,food_t2_objs,包子链：最便宜裹馅路径+用户指定25,bounty_pools JSON
2,T2·家常中档,T3菜池,寒带风味刺身,kaleidoscope_cookery:cold_style_sashimi,16.0,芥末 5分,82,1.65,1.08,1.0,146.12,147,1,2,147,294,是,原料合计82 × T2×1.65 × 其它×1.08 = 146.12 → ceil → 147；明细: minecraft:snowball=8(缺省猜想(默认8)) + minecraft:snowball=8(缺省猜想(默认8)) + minecraft:snowball=8(缺省猜想(默认8)) + kaleidoscope_cookery:sashimi=14(猜想) + kaleidoscope_cookery:sashimi=14(猜想) + kaleidoscope_cookery:sashimi=14(猜想) + kaleidoscope_cookery:sashimi=14(猜想) + minecraft:bowl=2(猜想),雪球(minecraft:snowball) + 雪球(minecraft:snowball) + 雪球(minecraft:snowball) + 刺身(kaleidoscope_cookery:sashimi) + 刺身(kaleidoscope_cookery:sashimi) + 刺身(kaleidoscope_cookery:sashimi) + 刺身(kaleidoscope_cookery:sashimi) + 碗(minecraft:bowl),万花筒烹饪,food_t3_objs,与悬赏池一致,bounty_pools JSON
2,T2·家常中档,T3菜池,苔原风味刺身,kaleidoscope_cookery:tundra_style_sashimi,16.0,芥末 5分,74,1.65,1.08,1.0,131.87,132,1,2,132,264,是,原料合计74 × T2×1.65 × 其它×1.08 = 131.87 → ceil → 132；明细: #minecraft:flowers=8(缺省猜想(默认8)) + #minecraft:flowers=8(缺省猜想(默认8)) + kaleidoscope_cookery:sashimi=14(猜想) + kaleidoscope_cookery:sashimi=14(猜想) + kaleidoscope_cookery:sashimi=14(猜想) + kaleidoscope_cookery:sashimi=14(猜想) + minecraft:bowl=2(猜想),花(#minecraft:flowers) + 花(#minecraft:flowers) + 刺身(kaleidoscope_cookery:sashimi) + 刺身(kaleidoscope_cookery:sashimi) + 刺身(kaleidoscope_cookery:sashimi) + 刺身(kaleidoscope_cookery:sashimi) + 碗(minecraft:bowl),万花筒烹饪,food_t3_objs,与悬赏池一致,bounty_pools JSON
2,T2·家常中档,T2菜池,钻石,minecraft:diamond,,,80,1.65,1.0,1.0,132.0,132,2,12,264,1584,是,原料合计80 × T2×1.65 × 无增益×1.0 = 132.00 → ceil → 132；明细: minecraft:deepslate_diamond_ore=80(缺省猜想),深层钻石矿石(minecraft:deepslate_diamond_ore),万花筒烹饪,,,
2,T2·家常中档,T3菜池,沙漠风味刺身,kaleidoscope_cookery:desert_style_sashimi,16.0,芥末 5分,66,1.65,1.08,1.0,117.61,118,1,2,118,236,是,原料合计66 × T2×1.65 × 其它×1.08 = 117.61 → ceil → 118；明细: minecraft:cactus=4(已定义) + minecraft:cactus=4(已定义) + kaleidoscope_cookery:sashimi=14(猜想) + kaleidoscope_cookery:sashimi=14(猜想) + kaleidoscope_cookery:sashimi=14(猜想) + kaleidoscope_cookery:sashimi=14(猜想) + minecraft:bowl=2(猜想),仙人掌(minecraft:cactus) + 仙人掌(minecraft:cactus) + 刺身(kaleidoscope_cookery:sashimi) + 刺身(kaleidoscope_cookery:sashimi) + 刺身(kaleidoscope_cookery:sashimi) + 刺身(kaleidoscope_cookery:sashimi) + 碗(minecraft:bowl),万花筒烹饪,food_t3_objs,与悬赏池一致,bounty_pools JSON
2,T2·家常中档,T3菜池,紫颂果拼盘,kaleidoscope_cookery:chorus_fruit_platter,,,102,1.05,1.0,1.0,108,108,1,2,108,216,是,5×紫颂20+碗2=102 ×1.05 → 108,紫颂果(minecraft:chorus_fruit) + 紫颂果(minecraft:chorus_fruit) + 紫颂果(minecraft:chorus_fruit) + 紫颂果(minecraft:chorus_fruit) + 紫颂果(minecraft:chorus_fruit) + 碗(minecraft:bowl),万花筒烹饪,food_t3_objs,整盘/组合链重算,bounty_pools JSON
2,T2·家常中档,T2菜池,水果沙拉,farmersdelight:fruit_salad,6.0,生命恢复 5秒,38,1.65,1.35,1.0,84.64,85,1,4,85,340,是,原料合计38 × T2×1.65 × 强增益×1.35 = 84.64 → ceil → 85；明细: minecraft:apple=6(猜想) + minecraft:melon_slice=5(已定义) + minecraft:melon_slice=5(已定义) + #c:foods/berry=6(猜想) + #c:foods/berry=6(猜想) + farmersdelight:pumpkin_slice=8(缺省猜想(默认8)) + minecraft:bowl=2(猜想),苹果(minecraft:apple) + 西瓜片(minecraft:melon_slice) + 西瓜片(minecraft:melon_slice) + 浆果(#c:foods/berry) + 浆果(#c:foods/berry) + 南瓜片(farmersdelight:pumpkin_slice) + 碗(minecraft:bowl),农夫乐事,food_t2_objs,与悬赏池一致,bounty_pools JSON
2,T2·家常中档,T2菜池,培根蛋,farmersdelight:bacon_and_eggs,10.0,营养 1分,42,1.65,1.15,1.0,79.69,80,1,6,80,480,是,原料合计42 × T2×1.65 × 轻度×1.15 = 79.69 → ceil → 80；明细: #c:foods/cooked_bacon=12(缺省猜想) + #c:foods/cooked_bacon=12(缺省猜想) + minecraft:bowl=2(猜想) + #c:foods/cooked_egg=8(缺省猜想(默认8)) + #c:foods/cooked_egg=8(缺省猜想(默认8)),熟培根(#c:foods/cooked_bacon) + 熟培根(#c:foods/cooked_bacon) + 碗(minecraft:bowl) + 熟蛋(#c:foods/cooked_egg) + 熟蛋(#c:foods/cooked_egg),农夫乐事,food_t2_objs,与悬赏池一致,bounty_pools JSON
2,T2·家常中档,T2菜池,汉堡包,farmersdelight:hamburger,11.0,,41,1.65,1.0,1.0,67.65,68,1,6,68,408,是,原料合计41 × T2×1.65 × 无增益×1.0 = 67.65 → ceil → 68；明细: #c:foods/bread=12(猜想) + farmersdelight:beef_patty=13(猜想) + #c:foods/leafy_green=4(猜想) + #c:crops/tomato=6(已定义) + #c:crops/onion=6(已定义),面包(#c:foods/bread) + 牛肉饼(farmersdelight:beef_patty) + 绿叶菜(#c:foods/leafy_green) + 番茄(#c:crops/tomato) + 洋葱(#c:crops/onion),农夫乐事,food_t2_objs,与悬赏池一致,bounty_pools JSON
2,T2·家常中档,T2菜池,一盘粽子,kaleidoscope_cookery:zongzi_plate,,,62,1.05,1.0,1.0,66,66,1,4,66,264,,整盘=(4×熟粽15+碗2)×1.05=65.1→66,,,food_t2_objs,整盘/组合链重算,bounty_pools JSON 补录
2,T2·家常中档,T2菜池,羊肉卷饼,farmersdelight:mutton_wrap,10.0,,39,1.65,1.0,1.0,64.35,65,1,6,65,390,是,原料合计39 × T2×1.65 × 无增益×1.0 = 64.35 → ceil → 65；明细: #c:foods/bread=12(猜想) + #c:foods/cooked_mutton=17(猜想) + #c:foods/leafy_green=4(猜想) + #c:crops/onion=6(已定义),面包(#c:foods/bread) + 熟羊肉(#c:foods/cooked_mutton) + 绿叶菜(#c:foods/leafy_green) + 洋葱(#c:crops/onion),农夫乐事,food_t2_objs,与悬赏池一致,bounty_pools JSON
2,T2·家常中档,T2菜池,羊排意面,farmersdelight:pasta_with_mutton_chop,12.0,营养 3分,33,1.65,1.15,1.0,62.62,63,1,6,63,378,是,原料合计33 × T2×1.65 × 轻度×1.15 = 62.62 → ceil → 63；明细: #c:foods/raw_mutton=15(已定义) + #c:foods/pasta=8(缺省猜想(默认8)) + farmersdelight:tomato_sauce=10(猜想),生羊肉(#c:foods/raw_mutton) + 意面(#c:foods/pasta) + 番茄酱(farmersdelight:tomato_sauce),农夫乐事,food_t2_objs,与悬赏池一致,bounty_pools JSON
2,T2·家常中档,T2菜池,冷肉炙,kaleidoscope_cookery:cold_roasted_meat,16.0,,38,1.65,1.0,1.0,62.7,63,1,6,63,378,是,原料合计38 × T2×1.65 × 无增益×1.0 = 62.70 → ceil → 63；明细: minecraft:cooked_beef=12(猜想) + minecraft:cooked_beef=12(猜想) + minecraft:cooked_beef=12(猜想) + minecraft:bowl=2(猜想),牛排(minecraft:cooked_beef) + 牛排(minecraft:cooked_beef) + 牛排(minecraft:cooked_beef) + 碗(minecraft:bowl),万花筒烹饪,food_t2_objs,与悬赏池一致,bounty_pools JSON
2,T2·家常中档,T2菜池,牛排配马铃薯,farmersdelight:steak_and_potatoes,12.0,营养 3分,32,1.65,1.15,1.0,60.72,61,1,6,61,366,是,原料合计32 × T2×1.65 × 轻度×1.15 = 60.72 → ceil → 61；明细: minecraft:baked_potato=5(猜想) + minecraft:cooked_beef=12(猜想) + minecraft:bowl=2(猜想) + #c:crops/onion=6(已定义) + kaleidoscope_cookery:cooked_rice=7(猜想),烤马铃薯(minecraft:baked_potato) + 牛排(minecraft:cooked_beef) + 碗(minecraft:bowl) + 洋葱(#c:crops/onion) + 米饭(kaleidoscope_cookery:cooked_rice),农夫乐事,food_t2_objs,与悬赏池一致,bounty_pools JSON
2,T2·家常中档,T2菜池,一盘牛皮糖,kaleidoscope_cookery:sticky_candy_plate,,,58,1.05,1.0,1.0,61,61,1,4,61,244,,整盘=(4×牛皮糖14+碗2)×1.05=60.9→61,,,food_t2_objs,整盘/组合链重算,bounty_pools JSON 补录
2,T2·家常中档,T2菜池,培根三明治,farmersdelight:bacon_sandwich,10.0,,34,1.65,1.0,1.0,56.1,57,1,6,57,342,是,原料合计34 × T2×1.65 × 无增益×1.0 = 56.10 → ceil → 57；明细: #c:foods/bread=12(猜想) + #c:foods/cooked_bacon=12(缺省猜想) + #c:foods/leafy_green=4(猜想) + #c:crops/tomato=6(已定义),面包(#c:foods/bread) + 熟培根(#c:foods/cooked_bacon) + 绿叶菜(#c:foods/leafy_green) + 番茄(#c:crops/tomato),农夫乐事,food_t2_objs,与悬赏池一致,bounty_pools JSON
2,T2·家常中档,T2菜池,洋葱汤,farmersdelight:onion_soup,12.0,营养 3分,30,1.65,1.15,1.0,56.92,57,1,6,57,342,是,原料合计30 × T2×1.65 × 轻度×1.15 = 56.92 → ceil → 57；明细: #c:crops/onion=6(已定义) + #c:crops/onion=6(已定义) + #c:foods/bread=12(猜想) + #c:drinks/milk=6(猜想),洋葱(#c:crops/onion) + 洋葱(#c:crops/onion) + 面包(#c:foods/bread) + 奶(#c:drinks/milk),农夫乐事,food_t2_objs,与悬赏池一致,bounty_pools JSON
2,T2·家常中档,T2菜池,包子,kaleidoscope_cookery:baozi,8.0,伤害吸收 1分20秒,18,1.65,1.35,1.0,25,25,2,12,50,300,是,裹馅最便宜:鸡/鳕7+番茄/菜6+面团5=18；用户指定蒸制定价25,裹馅面食(kaleidoscope_cookery:stuffed_dough_food),万花筒烹饪,food_t2_objs,包子链：最便宜裹馅路径+用户指定25,bounty_pools JSON
2,T2·家常中档,T3菜池,恐惧浓汤,kaleidoscope_cookery:fearsome_thick_soup,4.0,硫磺 8分,30,1.65,1.08,1.0,53.46,54,1,4,54,216,是,原料合计30 × T2×1.65 × 其它×1.08 = 53.46 → ceil → 54；明细: minecraft:rotten_flesh=2(猜想) + minecraft:sculk=28(缺省猜想),腐肉(minecraft:rotten_flesh) + 幽匿块(minecraft:sculk),万花筒烹饪,food_t3_objs,与悬赏池一致,bounty_pools JSON
2,T2·家常中档,T2菜池,蔬菜杂烩,farmersdelight:ratatouille,10.0,营养 1分,27,1.65,1.15,1.0,51.23,52,2,8,104,416,是,原料合计27 × T2×1.65 × 轻度×1.15 = 51.23 → ceil → 52；明细: #c:crops/tomato=6(已定义) + #c:crops/onion=6(已定义) + #c:crops/beetroot=7(猜想) + #c:foods/vegetable=8(缺省猜想(默认8)),番茄(#c:crops/tomato) + 洋葱(#c:crops/onion) + 甜菜根(#c:crops/beetroot) + 蔬菜(#c:foods/vegetable)(除西瓜片(minecraft:melon_slice)),农夫乐事,food_t2_objs,与悬赏池一致,bounty_pools JSON
2,T2·家常中档,T2菜池,一盘糍粑,kaleidoscope_cookery:sticky_rice_cake_plate,,,47,1.05,1.0,1.0,50,50,1,4,50,200,,整盘=(5×糍粑9+碗2)×1.05=49.35→50,,,food_t2_objs,整盘/组合链重算,bounty_pools JSON 补录
2,T2·家常中档,T2菜池,鱼香肉丝,kaleidoscope_cookery:fish_flavored_shredded_pork,9.0,活力 1分30秒,27,1.65,1.08,1.0,48.11,49,2,8,98,392,是,原料合计27 × T2×1.65 × 其它×1.08 = 48.11 → ceil → 49；明细: #c:foods/raw_pork=15(已定义) + #c:crops/chilipepper=7(猜想) + #c:mushrooms=5(猜想),生猪排(#c:foods/raw_pork) + 辣椒(#c:crops/chilipepper) + 蘑菇(#c:mushrooms),万花筒烹饪,food_t2_objs,与悬赏池一致,bounty_pools JSON
2,T2·家常中档,T2菜池,羊肉烩面,kaleidoscope_cookery:hui_noodle,14.0,生机 8分,27,1.65,1.08,1.0,48.11,49,2,8,98,392,是,原料合计27 × T2×1.65 × 其它×1.08 = 48.11 → ceil → 49；明细: #c:foods/raw_mutton=15(已定义) + kaleidoscope_cookery:raw_noodles=12(缺省猜想),生羊肉(#c:foods/raw_mutton) + 生面条(kaleidoscope_cookery:raw_noodles),万花筒烹饪,food_t2_objs,与悬赏池一致,bounty_pools JSON
2,T2·家常中档,T2菜池,鸡肉三明治,farmersdelight:chicken_sandwich,10.0,,29,1.65,1.0,1.0,47.85,48,2,8,96,384,是,原料合计29 × T2×1.65 × 无增益×1.0 = 47.85 → ceil → 48；明细: #c:foods/bread=12(猜想) + #c:foods/cooked_chicken=9(猜想) + #c:foods/leafy_green=4(猜想) + #c:crops/carrot=4(猜想),面包(#c:foods/bread) + 熟鸡肉(#c:foods/cooked_chicken) + 绿叶菜(#c:foods/leafy_green) + 胡萝卜(#c:crops/carrot),农夫乐事,food_t2_objs,与悬赏池一致,bounty_pools JSON
2,T2·家常中档,T2菜池,紫水晶碎片,minecraft:amethyst_shard,,,28,1.65,1.0,1.0,46.2,47,2,12,94,564,是,原料合计28 × T2×1.65 × 无增益×1.0 = 46.20 → ceil → 47；明细: minecraft:amethyst_block=28(缺省猜想),紫水晶块(minecraft:amethyst_block),万花筒烹饪,,,
2,T2·家常中档,T2菜池,鱼肉炖,farmersdelight:fish_stew,12.0,营养 3分,24,1.65,1.15,1.0,45.54,46,2,8,92,368,是,原料合计24 × T2×1.65 × 轻度×1.15 = 45.54 → ceil → 46；明细: 不含河豚=8(缺省猜想(默认8)) + farmersdelight:tomato_sauce=10(猜想) + #c:crops/onion=6(已定义),安全生鱼(不含河豚)(#c:foods/safe_raw_fish) + 番茄酱(farmersdelight:tomato_sauce) + 洋葱(#c:crops/onion),农夫乐事,food_t2_objs,与悬赏池一致,bounty_pools JSON
2,T2·家常中档,T2菜池,狗粮,farmersdelight:dog_food,4.0,,27,1.65,1.0,1.0,44.55,45,2,12,90,540,是,原料合计27 × T2×1.65 × 无增益×1.0 = 44.55 → ceil → 45；明细: minecraft:rotten_flesh=2(猜想) + minecraft:bone_meal=8(缺省猜想(默认8)) + #c:foods/raw_meat=12(缺省猜想) + #c:crops/rice=5(已定义),腐肉(minecraft:rotten_flesh) + 骨粉(minecraft:bone_meal) + 生肉(#c:foods/raw_meat) + 稻米(#c:crops/rice),农夫乐事,,,
2,T2·家常中档,T2菜池,饺子,farmersdelight:dumplings,8.0,,27,1.65,1.0,1.0,44.55,45,2,8,90,360,是,原料合计27 × T2×1.65 × 无增益×1.0 = 44.55 → ceil → 45；明细: #c:dough=8(猜想(模糊)) + #c:crops/cabbage=6(已定义) + #c:crops/onion=6(已定义) + #c:foods/raw_chicken=7(已定义),面团(#c:dough) + 卷心菜(#c:crops/cabbage) + 洋葱(#c:crops/onion) + 任选其一:[生鸡肉(#c:foods/raw_chicken) | 生猪排(#c:foods/raw_pork) | 生牛肉(#c:foods/raw_beef) | 棕色蘑菇(minecraft:brown_mushroom)],农夫乐事,food_t2_objs,与悬赏池一致,bounty_pools JSON
2,T2·家常中档,T2菜池,一盘青团,kaleidoscope_cookery:qingtuan_plate,,,42,1.05,1.0,1.0,45,45,1,6,45,270,,整盘=(4×青团10+碗2)×1.05=44.1→45,,,food_t2_objs,整盘/组合链重算,bounty_pools JSON 补录
2,T2·家常中档,T2菜池,鸡肉汤,farmersdelight:chicken_soup,12.0,营养 3分,23,1.65,1.15,1.0,43.64,44,2,8,88,352,是,原料合计23 × T2×1.65 × 轻度×1.15 = 43.64 → ceil → 44；明细: #c:foods/raw_chicken=7(已定义) + #c:crops/carrot=4(猜想) + #c:foods/leafy_green=4(猜想) + #c:foods/vegetable=8(缺省猜想(默认8)),生鸡肉(#c:foods/raw_chicken) + 胡萝卜(#c:crops/carrot) + 绿叶菜(#c:foods/leafy_green) + 蔬菜(#c:foods/vegetable)(除西瓜片(minecraft:melon_slice)),农夫乐事,food_t2_objs,与悬赏池一致,bounty_pools JSON
2,T2·家常中档,T2菜池,发光浆果蛋奶沙司,farmersdelight:glow_berry_custard,7.0,发光 5秒,24,1.65,1.08,1.0,42.77,43,2,8,86,344,是,原料合计24 × T2×1.65 × 其它×1.08 = 42.77 → ceil → 43；明细: minecraft:glow_berries=9(已定义) + #c:drinks/milk=6(猜想) + #c:eggs=5(已定义) + minecraft:sugar=4(已定义),发光浆果(minecraft:glow_berries) + 奶(#c:drinks/milk) + 蛋(#c:eggs) + 糖(minecraft:sugar),农夫乐事,food_t2_objs,与悬赏池一致,bounty_pools JSON
2,T2·家常中档,T2菜池,混合沙拉,farmersdelight:mixed_salad,6.0,生命恢复 5秒,19,1.65,1.35,1.0,42.32,43,2,8,86,344,是,原料合计19 × T2×1.65 × 强增益×1.35 = 42.32 → ceil → 43；明细: #c:foods/leafy_green=4(猜想) + #c:crops/tomato=6(已定义) + #c:crops/beetroot=7(猜想) + minecraft:bowl=2(猜想),绿叶菜(#c:foods/leafy_green) + 番茄(#c:crops/tomato) + 甜菜根(#c:crops/beetroot) + 碗(minecraft:bowl),农夫乐事,food_t2_objs,与悬赏池一致,bounty_pools JSON
2,T2·家常中档,T2菜池,烤包子,kaleidoscope_cookery:samsa,,,18,1.65,1.0,1.0,25,25,2,12,50,300,,裹馅18×1.35烤=25,,,food_t2_objs,包子链：最便宜裹馅路径+用户指定25,bounty_pools JSON
2,T2·家常中档,T2菜池,牛肉面,kaleidoscope_cookery:beef_noodle,14.0,生机 8分,22,1.65,1.08,1.0,39.2,40,2,8,80,320,是,原料合计22 × T2×1.65 × 其它×1.08 = 39.20 → ceil → 40；明细: #c:foods/raw_beef=10(已定义) + kaleidoscope_cookery:raw_noodles=12(缺省猜想),生牛肉(#c:foods/raw_beef) + 生面条(kaleidoscope_cookery:raw_noodles),万花筒烹饪,food_t2_objs,与悬赏池一致,bounty_pools JSON
2,T2·家常中档,T2菜池,青椒炒肉,kaleidoscope_cookery:stir_fried_pork_with_peppers,9.0,活力 1分30秒,22,1.65,1.08,1.0,39.2,40,2,8,80,320,是,原料合计22 × T2×1.65 × 其它×1.08 = 39.20 → ceil → 40；明细: #c:foods/raw_pork=15(已定义) + #c:crops/chilipepper=7(猜想),生猪排(#c:foods/raw_pork) + 辣椒(#c:crops/chilipepper),万花筒烹饪,food_t2_objs,与悬赏池一致,bounty_pools JSON
2,T2·家常中档,T2菜池,乌冬面,kaleidoscope_cookery:udon_noodle,14.0,生机 8分,22,1.65,1.08,1.0,39.2,40,2,8,80,320,是,原料合计22 × T2×1.65 × 其它×1.08 = 39.20 → ceil → 40；明细: #c:crops/lettuce=5(缺省猜想) + #c:eggs=5(已定义) + kaleidoscope_cookery:raw_noodles=12(缺省猜想),生菜(#c:crops/lettuce) + 蛋(#c:eggs) + 生面条(kaleidoscope_cookery:raw_noodles),万花筒烹饪,food_t2_objs,与悬赏池一致,bounty_pools JSON
2,T2·家常中档,T2菜池,炒饭,farmersdelight:fried_rice,12.0,营养 3分,20,1.65,1.15,1.0,37.95,38,2,8,76,304,是,原料合计20 × T2×1.65 × 轻度×1.15 = 37.95 → ceil → 38；明细: #c:crops/rice=5(已定义) + #c:eggs=5(已定义) + #c:crops/carrot=4(猜想) + #c:crops/onion=6(已定义),稻米(#c:crops/rice) + 蛋(#c:eggs) + 胡萝卜(#c:crops/carrot) + 洋葱(#c:crops/onion),农夫乐事(万花筒机器),food_t2_objs,与悬赏池一致,bounty_pools JSON
2,T2·家常中档,T2菜池,填馅马铃薯,farmersdelight:stuffed_potato,10.0,,23,1.65,1.0,1.0,37.95,38,2,8,76,304,是,原料合计23 × T2×1.65 × 无增益×1.0 = 37.95 → ceil → 38；明细: minecraft:baked_potato=5(猜想) + #c:foods/cooked_beef=12(猜想) + #c:drinks/milk=6(猜想),烤马铃薯(minecraft:baked_potato) + 熟牛肉(#c:foods/cooked_beef) + 奶(#c:drinks/milk),农夫乐事,food_t2_objs,与悬赏池一致,bounty_pools JSON
2,T2·家常中档,T2菜池,蘑菇饭,farmersdelight:mushroom_rice,12.0,营养 3分,19,1.65,1.15,1.0,36.05,37,2,8,74,296,是,原料合计19 × T2×1.65 × 轻度×1.15 = 36.05 → ceil → 37；明细: minecraft:brown_mushroom=5(猜想) + minecraft:red_mushroom=5(猜想) + #c:crops/rice=5(已定义) + minecraft:carrot=4(已定义),棕色蘑菇(minecraft:brown_mushroom) + 红色蘑菇(minecraft:red_mushroom) + 稻米(#c:crops/rice) + 任选其一:[胡萝卜(minecraft:carrot) | 马铃薯(minecraft:potato)],农夫乐事,food_t2_objs,与悬赏池一致,bounty_pools JSON
2,T2·家常中档,T2菜池,蔬菜汤,farmersdelight:vegetable_soup,12.0,营养 3分,19,1.65,1.15,1.0,36.05,37,2,8,74,296,是,原料合计19 × T2×1.65 × 轻度×1.15 = 36.05 → ceil → 37；明细: #c:crops/carrot=4(猜想) + #c:crops/potato=4(猜想) + #c:crops/beetroot=7(猜想) + #c:foods/leafy_green=4(猜想),胡萝卜(#c:crops/carrot) + 马铃薯(#c:crops/potato) + 甜菜根(#c:crops/beetroot) + 绿叶菜(#c:foods/leafy_green),农夫乐事,food_t2_objs,与悬赏池一致,bounty_pools JSON
2,T2·家常中档,T2菜池,麻辣兔头,kaleidoscope_cookery:spicy_rabbit_head,13.0,温暖 1分20秒,19,1.65,1.15,1.0,36.05,37,2,8,74,296,是,原料合计19 × T2×1.65 × 轻度×1.15 = 36.05 → ceil → 37；明细: minecraft:rabbit=12(猜想) + #c:crops/chilipepper=7(猜想),生兔肉(minecraft:rabbit) + 辣椒(#c:crops/chilipepper),万花筒烹饪,food_t2_objs,与悬赏池一致,bounty_pools JSON
2,T2·家常中档,T2菜池,苹果酒,farmersdelight:apple_cider,,伤害吸收 1分,16,1.65,1.35,1.0,35.64,36,2,8,72,288,是,原料合计16 × T2×1.65 × 强增益×1.35 = 35.64 → ceil → 36；明细: minecraft:apple=6(猜想) + minecraft:apple=6(猜想) + minecraft:sugar=4(已定义),苹果(minecraft:apple) + 苹果(minecraft:apple) + 糖(minecraft:sugar),农夫乐事,food_t2_objs,与悬赏池一致,bounty_pools JSON
2,T2·家常中档,T2菜池,烧烤串,farmersdelight:barbecue_stick,8.0,,21,1.65,1.0,1.0,34.65,35,2,8,70,280,是,原料合计21 × T2×1.65 × 无增益×1.0 = 34.65 → ceil → 35；明细: #c:crops/tomato=6(已定义) + #c:crops/onion=6(已定义) + #c:foods/cooked_meat=8(缺省猜想(默认8)) + minecraft:stick=1(猜想),番茄(#c:crops/tomato) + 洋葱(#c:crops/onion) + 熟肉(#c:foods/cooked_meat) + 木棍(minecraft:stick),农夫乐事,food_t2_objs,与悬赏池一致,bounty_pools JSON
2,T2·家常中档,T2菜池,牛肉炖,farmersdelight:beef_stew,12.0,营养 3分,18,1.65,1.15,1.0,34.15,35,2,8,70,280,是,原料合计18 × T2×1.65 × 轻度×1.15 = 34.15 → ceil → 35；明细: #c:foods/raw_beef=10(已定义) + #c:crops/carrot=4(猜想) + #c:crops/potato=4(猜想),生牛肉(#c:foods/raw_beef) + 胡萝卜(#c:crops/carrot) + 马铃薯(#c:crops/potato),农夫乐事,food_t2_objs,与悬赏池一致,bounty_pools JSON
2,T2·家常中档,T2菜池,红烧排骨,kaleidoscope_cookery:braised_pork_ribs,16.0,温暖 1分20秒,18,1.65,1.15,1.0,34.15,35,2,8,70,280,是,原料合计18 × T2×1.65 × 轻度×1.15 = 34.15 → ceil → 35；明细: minecraft:bone=3(猜想) + #c:foods/raw_pork=15(已定义),骨头(minecraft:bone) + 生猪排(#c:foods/raw_pork),万花筒烹饪,food_t2_objs,与悬赏池一致,bounty_pools JSON
2,T2·家常中档,T2菜池,热干面,kaleidoscope_cookery:hot_dry_noodles,14.0,生机 8分,19,1.65,1.08,1.0,33.86,34,2,8,68,272,是,原料合计19 × T2×1.65 × 其它×1.08 = 33.86 → ceil → 34；明细: #c:crops/chilipepper=7(猜想) + kaleidoscope_cookery:raw_noodles=12(缺省猜想),辣椒(#c:crops/chilipepper) + 生面条(kaleidoscope_cookery:raw_noodles),万花筒烹饪,food_t2_objs,与悬赏池一致,bounty_pools JSON
2,T2·家常中档,T2菜池,糖醋里脊,kaleidoscope_cookery:sweet_and_sour_pork,9.0,活力 1分30秒,19,1.65,1.08,1.0,33.86,34,2,8,68,272,否,原料合计19 × T2×1.65 × 其它×1.08 = 33.86 → ceil → 34；明细: #c:foods/raw_pork=15(已定义) + minecraft:sugar=4(已定义),生猪排(#c:foods/raw_pork) + 糖(minecraft:sugar),万花筒烹饪,food_t2_objs,与悬赏池一致,bounty_pools JSON
2,T2·家常中档,T2菜池,虎皮青椒酿肉,kaleidoscope_cookery:stuffed_tiger_skin_pepper,13.0,温暖 1分20秒,17,1.65,1.15,1.0,32.26,33,2,8,66,264,是,原料合计17 × T2×1.65 × 轻度×1.15 = 32.26 → ceil → 33；明细: kaleidoscope_cookery:green_chili=5(缺省猜想) + kaleidoscope_cookery:raw_cut_small_meats=12(缺省猜想),青辣椒(kaleidoscope_cookery:green_chili) + 生切制小肉(kaleidoscope_cookery:raw_cut_small_meats),万花筒烹饪,food_t2_objs,与悬赏池一致,bounty_pools JSON
2,T2·家常中档,T2菜池,爆裂紫颂果,minecraft:popped_chorus_fruit,,,20,1.65,1.0,1.0,33.0,33,2,12,66,396,是,原料合计20 × T2×1.65 × 无增益×1.0 = 33.00 → ceil → 33；明细: minecraft:chorus_fruit=20(猜想),紫颂果(minecraft:chorus_fruit),万花筒烹饪,,,
2,T2·家常中档,T2菜池,椒麻鸡,kaleidoscope_cookery:numbing_spicy_chicken,13.0,抗火 2分,14,1.65,1.35,1.0,31.18,32,2,8,64,256,是,原料合计14 × T2×1.65 × 强增益×1.35 = 31.18 → ceil → 32；明细: #c:crops/chilipepper=7(猜想) + #c:foods/raw_chicken=7(已定义),辣椒(#c:crops/chilipepper) + 生鸡肉(#c:foods/raw_chicken),万花筒烹饪,food_t2_objs,与悬赏池一致,bounty_pools JSON
2,T2·家常中档,T2菜池,生竹筒饭,kaleidoscope_cookery:raw_bamboo_tube_rice,10.0,,19,1.65,1.0,1.0,31.35,32,2,12,64,384,是,原料合计19 × T2×1.65 × 无增益×1.0 = 31.35 → ceil → 32；明细: minecraft:bamboo=2(已定义) + #c:grain/rice=5(缺省猜想) + #c:raw_meats=12(缺省猜想),竹子(minecraft:bamboo) + 稻米(#c:grain/rice) + 生肉(#c:raw_meats),万花筒烹饪,,,
2,T2·家常中档,T2菜池,scramble_egg_with_tomatoes_rice_bowl,kaleidoscope_cookery:scramble_egg_with_tomatoes_rice_bowl,,,,,,,,32,2,8,64,256,,与悬赏池 food_t2_objs unitWorth=32 同步,,,food_t2_objs,补录,bounty_pools JSON 补录
2,T2·家常中档,T2菜池,红烧牛肉,kaleidoscope_cookery:braised_beef,9.0,活力 1分30秒,17,1.65,1.08,1.0,30.29,31,2,8,62,248,是,原料合计17 × T2×1.65 × 其它×1.08 = 30.29 → ceil → 31；明细: #c:foods/raw_beef=10(已定义) + #c:crops/chilipepper=7(猜想),生牛肉(#c:foods/raw_beef) + 辣椒(#c:crops/chilipepper),万花筒烹饪,food_t2_objs,与悬赏池一致,bounty_pools JSON
2,T2·家常中档,通用池,烟熏火腿,farmersdelight:smoked_ham,10.0,,18,1.65,1.0,0.95,28.21,29,2,10,58,290,是,原料合计18 × T2×1.65 × 无增益×1.0 × 通用池×0.95 = 28.21 → ceil → 29；明细: farmersdelight:ham=18(猜想),火腿(farmersdelight:ham),农夫乐事,food_common_objs,与悬赏池一致,bounty_pools JSON
2,T2·家常中档,T2菜池,红烧牛肉盖饭,kaleidoscope_cookery:braised_beef_rice_bowl,14.0,饱腹代偿 3分,12,1.65,1.35,1.0,26.73,27,2,12,54,324,是,原料合计12 × T2×1.65 × 强增益×1.35 = 26.73 → ceil → 27；明细: kaleidoscope_cookery:braised_beef=12(缺省猜想),红烧牛肉(kaleidoscope_cookery:braised_beef),万花筒烹饪,food_t2_objs,与悬赏池一致,bounty_pools JSON
2,T2·家常中档,T2菜池,鱼香肉丝盖饭,kaleidoscope_cookery:fish_flavored_shredded_pork_rice_bowl,14.0,饱腹代偿 3分,12,1.65,1.35,1.0,26.73,27,2,12,54,324,是,原料合计12 × T2×1.65 × 强增益×1.35 = 26.73 → ceil → 27；明细: kaleidoscope_cookery:fish_flavored_shredded_pork=12(缺省猜想),鱼香肉丝(kaleidoscope_cookery:fish_flavored_shredded_pork),万花筒烹饪,food_t2_objs,与悬赏池一致,bounty_pools JSON
2,T2·家常中档,T2菜池,油泼鱼,kaleidoscope_cookery:oil_splashed_fish,13.0,温暖 1分20秒,14,1.65,1.15,1.0,26.56,27,2,12,54,324,是,原料合计14 × T2×1.65 × 轻度×1.15 = 26.56 → ceil → 27；明细: #c:raw_fishes=7(已定义) + #c:crops/chilipepper=7(猜想),生鱼(#c:raw_fishes) + 辣椒(#c:crops/chilipepper),万花筒烹饪,food_t2_objs,与悬赏池一致,bounty_pools JSON
2,T2·家常中档,T2菜池,青椒炒肉盖饭,kaleidoscope_cookery:stir_fried_pork_with_peppers_rice_bowl,14.0,饱腹代偿 3分,12,1.65,1.35,1.0,26.73,27,2,12,54,324,是,原料合计12 × T2×1.65 × 强增益×1.35 = 26.73 → ceil → 27；明细: kaleidoscope_cookery:stir_fried_pork_with_peppers=12(缺省猜想),青椒炒肉(kaleidoscope_cookery:stir_fried_pork_with_peppers),万花筒烹饪,food_t2_objs,与悬赏池一致,bounty_pools JSON
2,T2·家常中档,T2菜池,糖醋里脊盖饭,kaleidoscope_cookery:sweet_and_sour_pork_rice_bowl,14.0,饱腹代偿 3分,12,1.65,1.35,1.0,26.73,27,2,12,54,324,是,原料合计12 × T2×1.65 × 强增益×1.35 = 26.73 → ceil → 27；明细: kaleidoscope_cookery:sweet_and_sour_pork=12(缺省猜想),糖醋里脊(kaleidoscope_cookery:sweet_and_sour_pork),万花筒烹饪,food_t2_objs,与悬赏池一致,bounty_pools JSON
2,T2·家常中档,T2菜池,嬗变饭袋,kaleidoscope_cookery:transmutation_lunch_bag,,,16,1.65,1.0,1.0,26.4,27,2,12,54,324,是,原料合计16 × T2×1.65 × 无增益×1.0 = 26.40 → ceil → 27；明细: minecraft:leather=8(缺省猜想(默认8)) + minecraft:nether_star=8(缺省猜想(默认8)),皮革(minecraft:leather)×6 + 下界之星(minecraft:nether_star),万花筒烹饪,,,
2,T2·家常中档,T2菜池,海带寿司卷,farmersdelight:kelp_roll,12.0,,14,1.65,1.0,1.0,23.1,24,2,12,48,288,是,原料合计14 × T2×1.65 × 无增益×1.0 = 23.10 → ceil → 24；明细: kaleidoscope_cookery:cooked_rice=7(猜想) + minecraft:carrot=4(已定义) + minecraft:dried_kelp=3(猜想),米饭(kaleidoscope_cookery:cooked_rice)×2 + 胡萝卜(minecraft:carrot) + 干海带(minecraft:dried_kelp)×3,农夫乐事,food_t2_objs,与悬赏池一致,bounty_pools JSON
2,T2·家常中档,T2菜池,四喜丸子汤,kaleidoscope_cookery:four_joy_meatball_soup,13.0,温暖 1分20秒,12,1.65,1.15,1.0,22.77,23,2,12,46,276,是,原料合计12 × T2×1.65 × 轻度×1.15 = 22.77 → ceil → 23；明细: kaleidoscope_cookery:raw_meatball=12(猜想),生丸子(kaleidoscope_cookery:raw_meatball),万花筒烹饪,food_t2_objs,与悬赏池一致,bounty_pools JSON
2,T2·家常中档,T2菜池,scramble_egg_with_tomatoes,kaleidoscope_cookery:scramble_egg_with_tomatoes,,,,,,,,22,2,12,44,264,,与悬赏池 food_t2_objs unitWorth=22 同步,,,food_t2_objs,补录,bounty_pools JSON 补录
2,T2·家常中档,T2菜池,拔丝土豆,kaleidoscope_cookery:candied_potato,20.0,温暖 1分20秒,8,1.65,1.15,1.0,15.18,16,2,12,32,192,否,原料合计8 × T2×1.65 × 轻度×1.15 = 15.18 → ceil → 16；明细: minecraft:sugar=4(已定义) + minecraft:potato=4(已定义),糖(minecraft:sugar) + 马铃薯(minecraft:potato),万花筒烹饪,food_t2_objs,与悬赏池一致,bounty_pools JSON
2,T2·家常中档,T2菜池,熟粽子,kaleidoscope_cookery:zongzi,8.0,生命恢复 20秒,10,1.25,1.15,1.0,15,15,3,16,45,240,是,生粽=米5+睡莲5=10；×1.25煮制×1.15恢复 → 15,生粽子(kaleidoscope_cookery:raw_zongzi),万花筒烹饪,food_t2_objs,整盘/组合链重算,bounty_pools JSON
2,T2·家常中档,T2菜池,腊八粥,kaleidoscope_cookery:laba_congee,12.0,温暖 5分,7,1.65,1.15,1.0,13.28,14,2,12,28,168,是,原料合计7 × T2×1.65 × 轻度×1.15 = 13.28 → ceil → 14；明细: #c:seeds=3(猜想) + minecraft:sugar=4(已定义),种子(#c:seeds) + 糖(minecraft:sugar),万花筒烹饪,food_t2_objs,与悬赏池一致,bounty_pools JSON
2,T2·家常中档,T2菜池,乌龙茶,kaleidoscope_cookery:oolong,,,8,1.65,1.0,1.0,13.2,14,2,12,28,168,是,原料合计8 × T2×1.65 × 无增益×1.0 = 13.20 → ceil → 14；明细: minecraft:dragon_breath=8(缺省猜想(默认8)),龙息(minecraft:dragon_breath),万花筒烹饪,food_t2_objs,与悬赏池一致,bounty_pools JSON
2,T2·家常中档,T2菜池,黑色染料,minecraft:black_dye,,,8,1.65,1.0,1.0,13.2,14,2,12,28,168,是,原料合计8 × T2×1.65 × 无增益×1.0 = 13.20 → ceil → 14；明细: minecraft:wither_rose=8(缺省猜想(默认8)),凋灵玫瑰(minecraft:wither_rose),万花筒烹饪,,,
2,T2·家常中档,T2菜池,棕蘑菇瓦罐汤,kaleidoscope_cookery:brown_mushroom_pot_soup,18.0,温暖 5分,5,1.65,1.15,1.0,9.49,10,2,12,20,120,是,原料合计5 × T2×1.65 × 轻度×1.15 = 9.49 → ceil → 10；明细: minecraft:brown_mushroom=5(猜想),棕色蘑菇(minecraft:brown_mushroom),万花筒烹饪,food_t2_objs,与悬赏池一致,bounty_pools JSON
2,T2·家常中档,T2菜池,红蘑菇瓦罐汤,kaleidoscope_cookery:red_mushroom_pot_soup,18.0,温暖 5分,5,1.65,1.15,1.0,9.49,10,2,12,20,120,是,原料合计5 × T2×1.65 × 轻度×1.15 = 9.49 → ceil → 10；明细: minecraft:red_mushroom=5(猜想),红色蘑菇(minecraft:red_mushroom),万花筒烹饪,food_t2_objs,与悬赏池一致,bounty_pools JSON
3,T3·名菜高档,T3菜池,末地风味刺身,kaleidoscope_cookery:end_style_sashimi,16.0,芥末 5分,118,2.45,1.08,1.0,312.23,313,1,2,313,626,是,原料合计118 × T3×2.45 × 其它×1.08 = 312.23 → ceil → 313；明细: minecraft:chorus_fruit=20(猜想) + minecraft:chorus_fruit=20(猜想) + minecraft:chorus_fruit=20(猜想) + kaleidoscope_cookery:sashimi=14(猜想) + kaleidoscope_cookery:sashimi=14(猜想) + kaleidoscope_cookery:sashimi=14(猜想) + kaleidoscope_cookery:sashimi=14(猜想) + minecraft:bowl=2(猜想),紫颂果(minecraft:chorus_fruit) + 紫颂果(minecraft:chorus_fruit) + 紫颂果(minecraft:chorus_fruit) + 刺身(kaleidoscope_cookery:sashimi) + 刺身(kaleidoscope_cookery:sashimi) + 刺身(kaleidoscope_cookery:sashimi) + 刺身(kaleidoscope_cookery:sashimi) + 碗(minecraft:bowl),万花筒烹饪,food_t3_objs,与悬赏池一致,bounty_pools JSON
3,T3·名菜高档,T3菜池,黄金沙拉,kaleidoscope_cookery:golden_salad,20.0,抗性提升 1分40秒、生命恢复 10秒,50,2.45,1.35,1.0,165.38,166,1,2,166,332,是,原料合计50 × T3×2.45 × 强增益×1.35 = 165.38 → ceil → 166；明细: minecraft:golden_apple=8(缺省猜想(默认8)) + minecraft:golden_apple=8(缺省猜想(默认8)) + minecraft:golden_carrot=8(缺省猜想(默认8)) + minecraft:golden_carrot=8(缺省猜想(默认8)) + minecraft:glistering_melon_slice=8(缺省猜想(默认8)) + minecraft:glistering_melon_slice=8(缺省猜想(默认8)) + minecraft:bowl=2(猜想),金苹果(minecraft:golden_apple) + 金苹果(minecraft:golden_apple) + 金胡萝卜(minecraft:golden_carrot) + 金胡萝卜(minecraft:golden_carrot) + 闪烁的西瓜片(minecraft:glistering_melon_slice) + 闪烁的西瓜片(minecraft:glistering_melon_slice) + 碗(minecraft:bowl),万花筒烹饪,food_t3_objs,与悬赏池一致,bounty_pools JSON
3,T3·名菜高档,T3菜池,毛血旺,kaleidoscope_cookery:spicy_blood_stew,13.0,抗火 1分20秒,47,2.45,1.35,1.0,155.45,156,1,2,156,312,是,原料合计47 × T3×2.45 × 强增益×1.35 = 155.45 → ceil → 156；明细: #c:foods/raw_pork=15(已定义) + #c:crops/chilipepper=7(猜想) + minecraft:blaze_powder=25(猜想),生猪排(#c:foods/raw_pork) + 辣椒(#c:crops/chilipepper) + 烈焰粉(minecraft:blaze_powder),万花筒烹饪,food_t3_objs,与悬赏池一致,bounty_pools JSON
3,T3·名菜高档,T3菜池,炸春卷,kaleidoscope_cookery:fried_spring_roll,13.0,温暖 1分20秒,50,2.45,1.15,1.0,140.88,141,1,2,141,282,是,原料合计50 × T3×2.45 × 轻度×1.15 = 140.88 → ceil → 141；明细: minecraft:phantom_membrane=30(猜想) + #c:foods/raw_pork=15(已定义) + #c:mushrooms=5(猜想),幻翼膜(minecraft:phantom_membrane) + 生猪排(#c:foods/raw_pork) + 蘑菇(#c:mushrooms),万花筒烹饪,food_t3_objs,与悬赏池一致,bounty_pools JSON
3,T3·名菜高档,T3菜池,凛冬羊排,kaleidoscope_cookery:frost_lamb_chop,13.0,寒带疾行 1分20秒,50,2.45,1.15,1.0,140.88,141,1,2,141,282,是,原料合计50 × T3×2.45 × 轻度×1.15 = 140.88 → ceil → 141；明细: minecraft:blue_ice=35(猜想) + #c:foods/raw_mutton=15(已定义),蓝冰(minecraft:blue_ice) + 生羊肉(#c:foods/raw_mutton),万花筒烹饪,food_t3_objs,与悬赏池一致,bounty_pools JSON
3,T3·名菜高档,T3菜池,烈焰羊排,kaleidoscope_cookery:blaze_lamb_chop,13.0,抗火 1分20秒,40,2.45,1.35,1.0,132.3,133,1,2,133,266,是,原料合计40 × T3×2.45 × 强增益×1.35 = 132.30 → ceil → 133；明细: minecraft:blaze_powder=25(猜想) + #c:foods/raw_mutton=15(已定义),烈焰粉(minecraft:blaze_powder) + 生羊肉(#c:foods/raw_mutton),万花筒烹饪,food_t3_objs,与悬赏池一致,bounty_pools JSON
3,T3·名菜高档,T3菜池,佛跳墙,kaleidoscope_cookery:buddha_jumps_over_the_wall,20.0,饱腹代偿 3分,40,2.45,1.35,1.0,132.3,133,1,2,133,266,是,原料合计40 × T3×2.45 × 强增益×1.35 = 132.30 → ceil → 133；明细: #c:eggs=5(已定义) + minecraft:phantom_membrane=30(猜想) + #c:crops/lettuce=5(缺省猜想),蛋(#c:eggs) + 幻翼膜(minecraft:phantom_membrane) + 生菜(#c:crops/lettuce),万花筒烹饪,food_t3_objs,与悬赏池一致,bounty_pools JSON
3,T3·名菜高档,T3菜池,下界风味刺身,kaleidoscope_cookery:nether_style_sashimi,,,,,,,,120,1,2,120,240,,与悬赏池 food_t3_objs unitWorth=120 同步,,,food_t3_objs,补录,bounty_pools JSON 补录
3,T3·名菜高档,T3菜池,翻糖派,kaleidoscope_cookery:fondant_pie,20.0,饱腹代偿 1分20秒,34,2.45,1.35,1.0,112.46,113,1,2,113,226,是,原料合计34 × T3×2.45 × 强增益×1.35 = 112.46 → ceil → 113；明细: minecraft:sugar=4(已定义) + minecraft:pumpkin_pie=30(猜想),糖(minecraft:sugar) + 南瓜派(minecraft:pumpkin_pie),万花筒烹饪,food_t3_objs,与悬赏池一致,bounty_pools JSON
3,T3·名菜高档,T3菜池,水晶羊排,kaleidoscope_cookery:crystal_lamb_chop,13.0,急迫2 5分,33,2.45,1.35,1.0,109.15,110,1,2,110,220,是,原料合计33 × T3×2.45 × 强增益×1.35 = 109.15 → ceil → 110；明细: minecraft:amethyst_shard=18(猜想) + #c:foods/raw_mutton=15(已定义),紫水晶碎片(minecraft:amethyst_shard) + 生羊肉(#c:foods/raw_mutton),万花筒烹饪,food_t3_objs,与悬赏池一致,bounty_pools JSON
3,T3·名菜高档,T3菜池,烤羊排,farmersdelight:roasted_mutton_chops,14.0,营养 5分,36,2.45,1.15,1.0,101.43,102,1,2,102,204,是,原料合计36 × T3×2.45 × 轻度×1.15 = 101.43 → ceil → 102；明细: kaleidoscope_cookery:cooked_lamb_chops=14(猜想) + minecraft:beetroot=7(已定义) + minecraft:bowl=2(猜想) + kaleidoscope_cookery:cooked_rice=7(猜想) + #c:crops/tomato=6(已定义),熟羊排(kaleidoscope_cookery:cooked_lamb_chops) + 甜菜根(minecraft:beetroot) + 碗(minecraft:bowl) + 米饭(kaleidoscope_cookery:cooked_rice) + 番茄(#c:crops/tomato),农夫乐事,food_t3_objs,与悬赏池一致,bounty_pools JSON
3,T3·名菜高档,T3菜池,南瓜汤,farmersdelight:pumpkin_soup,14.0,营养 5分,33,2.45,1.15,1.0,92.98,93,1,3,93,279,是,原料合计33 × T3×2.45 × 轻度×1.15 = 92.98 → ceil → 93；明细: farmersdelight:pumpkin_slice=8(缺省猜想(默认8)) + #c:foods/leafy_green=4(猜想) + #c:foods/raw_pork=15(已定义) + #c:drinks/milk=6(猜想),南瓜片(farmersdelight:pumpkin_slice) + 绿叶菜(#c:foods/leafy_green) + 生猪排(#c:foods/raw_pork) + 奶(#c:drinks/milk),农夫乐事,food_t3_objs,与悬赏池一致,bounty_pools JSON
3,T3·名菜高档,T3菜池,香烤鲑鱼,farmersdelight:grilled_salmon,14.0,营养 3分,32,2.45,1.15,1.0,90.16,91,1,3,91,273,是,原料合计32 × T3×2.45 × 轻度×1.15 = 90.16 → ceil → 91；明细: #c:foods/cooked_salmon=12(缺省猜想) + minecraft:sweet_berries=6(已定义) + minecraft:bowl=2(猜想) + #c:crops/cabbage=6(已定义) + #c:crops/onion=6(已定义),熟鲑鱼(#c:foods/cooked_salmon) + 甜浆果(minecraft:sweet_berries) + 碗(minecraft:bowl) + 卷心菜(#c:crops/cabbage) + 洋葱(#c:crops/onion),农夫乐事,food_t3_objs,与悬赏池一致,bounty_pools JSON
3,T3·名菜高档,T3菜池,驴肉火烧,kaleidoscope_cookery:donkey_burger,12.0,饱腹代偿 45秒,27,2.45,1.35,1.0,89.3,90,1,3,90,270,是,原料合计27 × T3×2.45 × 强增益×1.35 = 89.30 → ceil → 90；明细: #c:crops/chilipepper=7(猜想) + #c:dough=8(猜想(模糊)) + kaleidoscope_cookery:raw_cut_small_meats=12(缺省猜想),辣椒(#c:crops/chilipepper) + 面团(#c:dough) + 生切制小肉(kaleidoscope_cookery:raw_cut_small_meats),万花筒烹饪,food_t3_objs,与悬赏池一致,bounty_pools JSON
3,T3·名菜高档,T3菜池,面条汤,farmersdelight:noodle_soup,14.0,营养 5分,31,2.45,1.15,1.0,87.34,88,1,3,88,264,是,原料合计31 × T3×2.45 × 轻度×1.15 = 87.34 → ceil → 88；明细: #c:foods/pasta=8(缺省猜想(默认8)) + #c:eggs=5(已定义) + minecraft:dried_kelp=3(猜想) + #c:foods/raw_pork=15(已定义),意面(#c:foods/pasta) + 蛋(#c:eggs) + 干海带(minecraft:dried_kelp) + 生猪排(#c:foods/raw_pork),农夫乐事,food_t3_objs,与悬赏池一致,bounty_pools JSON
3,T3·名菜高档,T3菜池,肉丸意面,farmersdelight:pasta_with_meatballs,12.0,营养 3分,29,2.45,1.15,1.0,81.71,82,1,3,82,246,是,原料合计29 × T3×2.45 × 轻度×1.15 = 81.71 → ceil → 82；明细: farmersdelight:minced_beef=11(猜想) + #c:foods/pasta=8(缺省猜想(默认8)) + farmersdelight:tomato_sauce=10(猜想),牛肉馅(farmersdelight:minced_beef) + 意面(#c:foods/pasta) + 番茄酱(farmersdelight:tomato_sauce),农夫乐事,food_t3_objs,与悬赏池一致,bounty_pools JSON
3,T3·名菜高档,T3菜池,蔬菜面,farmersdelight:vegetable_noodles,14.0,营养 5分,29,2.45,1.15,1.0,81.71,82,1,3,82,246,是,原料合计29 × T3×2.45 × 轻度×1.15 = 81.71 → ceil → 82；明细: #c:crops/carrot=4(猜想) + #c:mushrooms=5(猜想) + #c:foods/pasta=8(缺省猜想(默认8)) + #c:foods/leafy_green=4(猜想) + #c:foods/vegetable=8(缺省猜想(默认8)),胡萝卜(#c:crops/carrot) + 蘑菇(#c:mushrooms) + 意面(#c:foods/pasta) + 绿叶菜(#c:foods/leafy_green) + 蔬菜(#c:foods/vegetable)(除西瓜片(minecraft:melon_slice)),农夫乐事,food_t3_objs,与悬赏池一致,bounty_pools JSON
3,T3·名菜高档,T3菜池,鱿鱼墨面,farmersdelight:squid_ink_pasta,14.0,营养 5分,28,2.45,1.15,1.0,78.89,79,1,3,79,237,是,原料合计28 × T3×2.45 × 轻度×1.15 = 78.89 → ceil → 79；明细: 不含河豚=8(缺省猜想(默认8)) + #c:foods/pasta=8(缺省猜想(默认8)) + #c:crops/tomato=6(已定义) + minecraft:ink_sac=6(猜想),安全生鱼(不含河豚)(#c:foods/safe_raw_fish) + 意面(#c:foods/pasta) + 番茄(#c:crops/tomato) + 墨囊(minecraft:ink_sac),农夫乐事,food_t3_objs,与悬赏池一致,bounty_pools JSON
3,T3·名菜高档,T3菜池,烘焙鳕鱼炖,farmersdelight:baked_cod_stew,14.0,营养 5分,27,2.45,1.15,1.0,76.07,77,1,3,77,231,是,原料合计27 × T3×2.45 × 轻度×1.15 = 76.07 → ceil → 77；明细: #c:foods/raw_cod=12(缺省猜想) + #c:crops/potato=4(猜想) + #c:eggs=5(已定义) + #c:crops/tomato=6(已定义),生鳕鱼(#c:foods/raw_cod) + 马铃薯(#c:crops/potato) + 蛋(#c:eggs) + 番茄(#c:crops/tomato),农夫乐事,food_t3_objs,与悬赏池一致,bounty_pools JSON
3,T3·名菜高档,T3菜池,香煎骑士牛排,kaleidoscope_cookery:pan_seared_knight_steak,13.0,饱腹代偿 1分30秒,19,2.45,1.35,1.0,62.84,63,1,3,63,189,是,原料合计19 × T3×2.45 × 强增益×1.35 = 62.84 → ceil → 63；明细: minecraft:sweet_berries=6(已定义) + #c:foods/raw_beef=10(已定义) + minecraft:bone=3(猜想),甜浆果(minecraft:sweet_berries) + 生牛肉(#c:foods/raw_beef) + 骨头(minecraft:bone),万花筒烹饪,food_t3_objs,与悬赏池一致,bounty_pools JSON
3,T3·名菜高档,T3菜池,东坡肉,kaleidoscope_cookery:dongpo_pork,20.0,饱腹代偿 1分20秒,17,2.45,1.35,1.0,56.23,57,1,4,57,228,否,原料合计17 × T3×2.45 × 强增益×1.35 = 56.23 → ceil → 57；明细: #c:foods/raw_pork=15(已定义) + minecraft:bamboo=2(已定义),生猪排(#c:foods/raw_pork) + 竹子(minecraft:bamboo),万花筒烹饪,food_t3_objs,与悬赏池一致,bounty_pools JSON
3,T3·名菜高档,T3菜池,荷包紫颂烧,kaleidoscope_cookery:chorus_fried_egg,9.0,胀气 35秒,25,2.45,0.85,1.0,52.06,53,1,4,53,212,是,原料合计25 × T3×2.45 × 负面×0.85 = 52.06 → ceil → 53；明细: #c:eggs=5(已定义) + minecraft:chorus_fruit=20(猜想),蛋(#c:eggs) + 紫颂果(minecraft:chorus_fruit),万花筒烹饪,food_t3_objs,与悬赏池一致,bounty_pools JSON
3,T3·名菜高档,T3菜池,辣子鸡,kaleidoscope_cookery:spicy_chicken,20.0,饱腹代偿 1分20秒,14,2.45,1.35,1.0,46.31,47,1,4,47,188,是,原料合计14 × T3×2.45 × 强增益×1.35 = 46.31 → ceil → 47；明细: #c:foods/raw_chicken=7(已定义) + #c:crops/chilipepper=7(猜想),生鸡肉(#c:foods/raw_chicken) + 辣椒(#c:crops/chilipepper),万花筒烹饪,food_t3_objs,与悬赏池一致,bounty_pools JSON
3,T3·名菜高档,T3菜池,绯红菌瓦罐汤,kaleidoscope_cookery:crimson_fungus_pot_soup,18.0,抗火 2分,8,2.45,1.35,1.0,26.46,27,1,4,27,108,是,原料合计8 × T3×2.45 × 强增益×1.35 = 26.46 → ceil → 27；明细: minecraft:crimson_fungus=8(猜想),绯红菌(minecraft:crimson_fungus),万花筒烹饪,food_t3_objs,与悬赏池一致,bounty_pools JSON
3,T3·名菜高档,T3菜池,诡异菌瓦罐汤,kaleidoscope_cookery:warped_fungus_pot_soup,18.0,抗火 2分,8,2.45,1.35,1.0,26.46,27,1,4,27,108,是,原料合计8 × T3×2.45 × 强增益×1.35 = 26.46 → ceil → 27；明细: minecraft:warped_fungus=8(猜想),诡异菌(minecraft:warped_fungus),万花筒烹饪,food_t3_objs,与悬赏池一致,bounty_pools JSON
