等级,等级名,悬赏池,入池说明,产物显示名,产物ID,饥饿值,饱和度,效果buff,原料种类数,原料槽位总数,稀有原料数,中间产物原料数,代表机器,代表配方ID,代表配方原料,综合分,分级依据,配方条数,模组,建议难度系数,建议悬赏价值备注,悬赏池文件,悬赏unitWorth
1,T1·简餐基础,通用池,非通用烤熟类,疙瘩汤,kaleidoscope_cookery:dough_drop_soup,8.0,16.0,温暖 1分20秒,2,2,0,1,汤锅(灵活),flex_stockpot/dough_drop_soup.json,生菜(#c:crops/lettuce) + 面粉(#c:flour),19.7,少原料基础菜,2,万花筒烹饪,1.0,原料成本×1.0～1.2，铜币档,food_common_objs,15
1,T1·简餐基础,T2菜池,非通用烤熟类,仰望星空派,kaleidoscope_cookery:stargazy_pie,13.0,16.0,胀气 30秒、霉运 3分,2,2,0,1,炒锅(灵活),flex_pot/stargazy_pie.json,生鱼(#c:raw_fishes) + 南瓜派(minecraft:pumpkin_pie),19.7,负面趣味菜,2,万花筒烹饪,1.0,原料成本×1.0～1.2，铜币档,food_t2_objs,35
1,T1·简餐基础,通用池,非通用烤熟类,鳕鱼寿司,farmersdelight:cod_roll,7.0,8.4,,2,3,0,2,工作台,cod_roll.json,生鳕鱼片(farmersdelight:cod_slice) + 生鳕鱼片(farmersdelight:cod_slice) + 米饭(kaleidoscope_cookery:cooked_rice),18.18,少原料基础菜,1,农夫乐事,1.0,原料成本×1.0～1.2，铜币档,food_common_objs,20
1,T1·简餐基础,通用池,非通用烤熟类,鲑鱼寿司,farmersdelight:salmon_roll,7.0,8.4,,2,3,0,2,工作台,salmon_roll.json,生鲑鱼片(farmersdelight:salmon_slice) + 生鲑鱼片(farmersdelight:salmon_slice) + 米饭(kaleidoscope_cookery:cooked_rice),18.18,少原料基础菜,1,农夫乐事,1.0,原料成本×1.0～1.2，铜币档,food_common_objs,22
1,T1·简餐基础,通用池,非通用烤熟类,牛丸汤,kaleidoscope_cookery:beef_meatball_soup,6.0,8.0,温暖 8分,2,2,0,1,汤锅(灵活),flex_stockpot/beef_meatball_soup.json,生丸子(kaleidoscope_cookery:raw_meatball) + 生菜(#c:crops/lettuce),17.1,少原料基础菜,2,万花筒烹饪,1.0,原料成本×1.0～1.2，铜币档,food_common_objs,23
1,T1·简餐基础,通用池,非通用烤熟类,饺子,kaleidoscope_cookery:dumpling,8.0,16.0,温暖 1分20秒,1,1,0,1,汤锅(盖盖煮制),stockpot/dumpling_count_1.json,裹馅面食(kaleidoscope_cookery:stuffed_dough_food),16.7,少原料基础菜,9,万花筒烹饪,1.0,原料成本×1.0～1.2，铜币档,food_common_objs,11
1,T1·简餐基础,通用池,非通用烤熟类,馅饼,kaleidoscope_cookery:meat_pie,8.0,16.0,温暖 1分20秒,1,1,0,1,炒锅(置于炉灶上),pot/stuffed_dough_food_to_meat_pie_1.json,裹馅面食(kaleidoscope_cookery:stuffed_dough_food),16.7,少原料基础菜,9,万花筒烹饪,1.0,原料成本×1.0～1.2，铜币档,food_common_objs,11
1,T1·简餐基础,通用池,分档菜池,蛋炒饭,kaleidoscope_cookery:egg_fried_rice,8.0,14.0,,2,2,0,1,炒锅(灵活),flex_pot/egg_fried_rice.json,蛋(#c:eggs) + 熟米饭(#c:foods/cooked_rice),16.3,少原料基础菜,2,万花筒烹饪,1.0,原料成本×1.0～1.2，铜币档,food_common_objs,12
1,T1·简餐基础,通用池,分档菜池,夹蛋三明治,farmersdelight:egg_sandwich,8.0,12.8,,2,3,0,1,工作台,egg_sandwich.json,面包(#c:foods/bread) + 熟蛋(#c:foods/cooked_egg) + 熟蛋(#c:foods/cooked_egg),16.06,少原料基础菜,1,农夫乐事,1.0,原料成本×1.0～1.2，铜币档,food_common_objs,33
1,T1·简餐基础,通用池,非通用烤熟类,大骨汤,farmersdelight:bone_broth,8.0,11.2,营养 1分,2,2,0,0,"厨锅(烹饪锅,置于炉灶上)",cooking/bone_broth.json,骨头(#c:bones) + 任选其一:[发光浆果(minecraft:glow_berries) | 蘑菇(#c:mushrooms) | 垂根(minecraft:hanging_roots) | 发光地衣(minecraft:glow_lichen)],15.24,少原料基础菜,1,农夫乐事,1.0,原料成本×1.0～1.2，铜币档,food_common_objs,23
1,T1·简餐基础,通用池,分档菜池,土豆炖牛肉,kaleidoscope_cookery:braised_beef_with_potatoes,6.0,8.0,温暖 8分,2,2,0,0,汤锅(灵活),flex_stockpot/braised_beef_with_potatoes.json,生牛肉(#c:foods/raw_beef) + 马铃薯(minecraft:potato),13.6,少原料基础菜,2,万花筒烹饪,1.0,原料成本×1.0～1.2，铜币档,food_common_objs,19
1,T1·简餐基础,通用池,分档菜池,小鸡炖蘑菇,kaleidoscope_cookery:chicken_and_mushroom_stew,6.0,8.0,温暖 8分,2,2,0,0,汤锅(灵活),flex_stockpot/chicken_and_mushroom_stew.json,生鸡肉(#c:foods/raw_chicken) + 蘑菇(#c:mushrooms),13.6,少原料基础菜,2,万花筒烹饪,1.0,原料成本×1.0～1.2，铜币档,food_common_objs,16
1,T1·简餐基础,通用池,非通用烤熟类,萝卜羊肉汤,kaleidoscope_cookery:lamb_and_radish_soup,6.0,8.0,寒带疾行 5分,2,2,0,0,汤锅(灵活),flex_stockpot/lamb_and_radish_soup.json,生羊肉(#c:foods/raw_mutton) + 胡萝卜(minecraft:carrot),13.6,少原料基础菜,2,万花筒烹饪,1.0,原料成本×1.0～1.2，铜币档,food_common_objs,26
1,T1·简餐基础,通用池,非通用烤熟类,海鲜味噌汤,kaleidoscope_cookery:seafood_miso_soup,6.0,8.0,水下呼吸 8分,2,2,0,0,汤锅(灵活),flex_stockpot/seafood_miso_soup.json,生鱼(#c:raw_fishes) + 生菜(#c:crops/lettuce),13.6,少原料基础菜,8,万花筒烹饪,1.0,原料成本×1.0～1.2，铜币档,food_common_objs,15
1,T1·简餐基础,通用池,非通用烤熟类,野菌兔肉汤,kaleidoscope_cookery:wild_mushroom_rabbit_soup,6.0,8.0,速度 8分,2,2,0,0,汤锅(灵活),flex_stockpot/wild_mushroom_rabbit_soup.json,生兔肉(minecraft:rabbit) + 蘑菇(#c:mushrooms),13.6,少原料基础菜,2,万花筒烹饪,1.0,原料成本×1.0～1.2，铜币档,food_common_objs,23
1,T1·简餐基础,通用池,简单烤熟/一步加工,油炸猪儿虫,kaleidoscope_cookery:fried_caterpillar,12.0,19.2,胀气 10秒,1,1,0,0,炒锅(灵活),flex_pot/fried_caterpillar.json,毛虫(#kaleidoscope_cookery:caterpillars),13.34,负面趣味菜,2,万花筒烹饪,1.0,原料成本×1.0～1.2，铜币档,food_common_objs,4
1,T1·简餐基础,通用池,分档菜池,糍粑,kaleidoscope_cookery:sticky_rice_cake,8.0,14.0,,1,1,0,1,炒锅(置于炉灶上),pot/cooked_rice_to_sticky_rice_cake_1.json,米饭(kaleidoscope_cookery:cooked_rice),13.3,少原料基础菜,9,万花筒烹饪,1.0,原料成本×1.0～1.2，铜币档,food_common_objs,9
1,T1·简餐基础,通用池,简单烤熟/一步加工,熟丸子,kaleidoscope_cookery:cooked_meatball,8.0,12.8,,1,1,0,1,炒锅(置于炉灶上),pot/raw_meatball_to_cooked_meatball_1.json,生丸子(kaleidoscope_cookery:raw_meatball),13.06,少原料基础菜,9,万花筒烹饪,1.0,原料成本×1.0～1.2，铜币档,food_common_objs,14
1,T1·简餐基础,通用池,分档菜池,冷切火腿片,kaleidoscope_cookery:cold_cut_ham_slices,4.0,6.4,,2,9,0,1,工作台,cold_cut_ham_slices.json,熟五花肉(kaleidoscope_cookery:cooked_pork_belly) + 熟五花肉(kaleidoscope_cookery:cooked_pork_belly) + 熟五花肉(kaleidoscope_cookery:cooked_pork_belly) + 熟五花肉(kaleidoscope_cookery:cooked_pork_belly) + 熟五花肉(kaleidoscope_cookery:cooked_pork_belly) + 熟五花肉(kaleidoscope_cookery:cooked_pork_belly) + 熟五花肉(kaleidoscope_cookery:cooked_pork_belly) + 熟五花肉(kaleidoscope_cookery:cooked_pork_belly) + 碗(minecraft:bowl),12.78,低饱食简餐,1,万花筒烹饪,1.0,原料成本×1.0～1.2，铜币档,food_common_objs,90
1,T1·简餐基础,通用池,简单烤熟/一步加工,馒头,kaleidoscope_cookery:mantou,6.0,10.8,,1,1,0,1,蒸笼,steamer/mantou.json,面团(#c:dough),11.66,低饱食简餐,1,万花筒烹饪,1.0,原料成本×1.0～1.2，铜币档,food_common_objs,10
1,T1·简餐基础,通用池,分档菜池,牛皮糖,kaleidoscope_cookery:sticky_candy,6.0,12.0,,2,2,0,0,炒锅(灵活),flex_pot/sticky_candy.json,皮革(minecraft:leather) + 糖(minecraft:sugar),11.4,低饱食简餐,2,万花筒烹饪,1.0,原料成本×1.0～1.2，铜币档,food_common_objs,14
1,T1·简餐基础,通用池,包子链重算 unitWorth=25,水煎包,kaleidoscope_cookery:shengjian_mantou,2.0,4.0,温暖 5分,1,1,0,1,汤锅(盖盖煮制),stockpot/shengjian_mantou_count_1.json,裹馅面食(kaleidoscope_cookery:stuffed_dough_food),11.3,少原料基础菜,9,万花筒烹饪,1.0,原料成本×1.0～1.2，铜币档,food_common_objs,25
1,T1·简餐基础,通用池,非通用烤熟类,罗宋汤,kaleidoscope_cookery:borscht,6.0,8.0,胀气 3分,2,2,0,0,汤锅(灵活),flex_stockpot/borscht.json,生牛肉(#c:foods/raw_beef) + 番茄(#c:crops/tomato),11.1,低饱食简餐,2,万花筒烹饪,1.0,原料成本×1.0～1.2，铜币档,food_common_objs,16
1,T1·简餐基础,通用池,分档菜池,珍珠咕噜肉,kaleidoscope_cookery:sweet_and_sour_ender_pearls,9.0,,胀气 35秒,2,2,0,0,炒锅(灵活),flex_pot/sweet_and_sour_ender_pearls.json,末影珍珠(minecraft:ender_pearl) + 末影之眼(minecraft:ender_eye),11.0,负面趣味菜,2,万花筒烹饪,1.0,原料成本×1.0～1.2，铜币档,food_common_objs,61
1,T1·简餐基础,T1菜池,非通用烤熟类,闪亮沙拉,farmersdelight:gleaming_salad_block,,,,7,9,0,0,工作台,gleaming_salad_block.json,发光浆果(minecraft:glow_berries) + 蜜瓶(minecraft:honey_bottle) + 发光浆果(minecraft:glow_berries) + 番茄(#c:crops/tomato) + 金胡萝卜(minecraft:golden_carrot) + 甜菜根(#c:crops/beetroot) + 卷心菜(farmersdelight:cabbage) + 碗(minecraft:bowl) + 卷心菜(farmersdelight:cabbage),10.5,简单加工/无食物数据,1,农夫乐事,1.0,原料成本×1.0～1.2，铜币档,,
1,T1·简餐基础,通用池,分档菜池,烤鸡,farmersdelight:roast_chicken_block,,,,7,9,0,1,工作台,roast_chicken_block.json,洋葱(#c:crops/onion) + 蛋(#c:eggs) + 面包(#c:foods/bread) + 胡萝卜(#c:crops/carrot) + 熟鸡肉(minecraft:cooked_chicken) + 烤马铃薯(minecraft:baked_potato) + 胡萝卜(#c:crops/carrot) + 碗(minecraft:bowl) + 烤马铃薯(minecraft:baked_potato),10.5,简单加工/无食物数据,1,农夫乐事,1.0,原料成本×1.0～1.2，铜币档,food_common_objs,60
1,T1·简餐基础,通用池,分档菜池,翻糖蛛眼,kaleidoscope_cookery:fondant_spider_eye,8.0,,胀气 35秒,2,2,0,0,炒锅(灵活),flex_pot/fondant_spider_eye.json,糖(minecraft:sugar) + 蜘蛛眼(minecraft:spider_eye),10.5,少原料基础菜,2,万花筒烹饪,1.0,原料成本×1.0～1.2，铜币档,food_common_objs,10
1,T1·简餐基础,通用池,分档菜池,熟竹筒饭,kaleidoscope_cookery:bamboo_tube_rice,10.0,10.0,,1,1,0,0,蒸笼,steamer/bamboo_tube_rice.json,生竹筒饭(kaleidoscope_cookery:raw_bamboo_tube_rice),10.0,综合分基础,1,万花筒烹饪,1.0,原料成本×1.0～1.2，铜币档,food_common_objs,18
1,T1·简餐基础,通用池,简单烤熟/一步加工,米饭,farmersdelight:cooked_rice,6.0,4.8,营养 30秒,1,1,0,0,"厨锅(烹饪锅,置于炉灶上)",cooking/cooked_rice.json,稻米(#c:crops/rice),9.96,少原料基础菜,1,农夫乐事,1.0,原料成本×1.0～1.2，铜币档,food_common_objs,7
1,T1·简餐基础,通用池,简单烤熟/一步加工,牛肉饼,farmersdelight:beef_patty,4.0,6.4,,1,1,0,1,炒锅(置于炉灶上),pot/add/beef_patty.json,牛肉馅(farmersdelight:minced_beef),9.78,低饱食简餐,4,农夫乐事(万花筒机器),1.0,原料成本×1.0～1.2，铜币档,food_common_objs,13
1,T1·简餐基础,通用池,简单烤熟/一步加工,熟培根,farmersdelight:cooked_bacon,4.0,6.4,,1,1,0,1,炒锅(置于炉灶上),pot/add/cooked_bacon.json,生培根(farmersdelight:bacon),9.78,低饱食简餐,4,农夫乐事(万花筒机器),1.0,原料成本×1.0～1.2，铜币档,food_common_objs,9
1,T1·简餐基础,通用池,分档菜池,卷心菜卷,farmersdelight:cabbage_rolls,5.0,5.0,,2,2,0,0,"厨锅(烹饪锅,置于炉灶上)",cooking/cabbage_rolls.json,卷心菜(#c:crops/cabbage) + 任选其一:[生肉(#c:foods/raw_meat) | 安全生鱼(不含河豚)(#c:foods/safe_raw_fish) | 蔬菜(#c:foods/vegetable) | 蘑菇(#c:mushrooms)],9.5,低饱食简餐,1,农夫乐事,1.0,原料成本×1.0～1.2，铜币档,food_common_objs,21
1,T1·简餐基础,通用池,非通用烤熟类,河豚汤,kaleidoscope_cookery:pufferfish_soup,4.0,,芥末 10分,2,2,0,0,汤锅(灵活),flex_stockpot/pufferfish_soup.json,河豚(minecraft:pufferfish) + 生菜(#c:crops/lettuce),9.5,低饱食简餐,4,万花筒烹饪,1.0,原料成本×1.0～1.2，铜币档,food_common_objs,19
1,T1·简餐基础,通用池,非通用烤熟类,大骨汤,kaleidoscope_cookery:pork_bone_soup,6.0,8.0,活力 5分,1,1,0,0,汤锅(灵活),flex_stockpot/pork_bone_soup.json,骨头(minecraft:bone),9.1,低饱食简餐,2,万花筒烹饪,1.0,原料成本×1.0～1.2，铜币档,food_common_objs,4
1,T1·简餐基础,T1菜池,分档菜池,填馅南瓜,farmersdelight:stuffed_pumpkin_block,,,,6,6,0,0,"厨锅(烹饪锅,置于炉灶上)",cooking/stuffed_pumpkin_block.json,稻米(#c:crops/rice) + 洋葱(#c:crops/onion) + 棕色蘑菇(minecraft:brown_mushroom) + 马铃薯(#c:crops/potato) + 浆果(#c:foods/berry) + 蔬菜(#c:foods/vegetable)(除西瓜片(minecraft:melon_slice)),9.0,简单加工/无食物数据,1,农夫乐事,1.0,原料成本×1.0～1.2，铜币档,,
1,T1·简餐基础,通用池,简单烤熟/一步加工,熟鲑鱼片,farmersdelight:cooked_salmon_slice,3.0,4.8,,1,1,0,1,炒锅(置于炉灶上),pot/add/cooked_salmon_slice.json,生鲑鱼片(farmersdelight:salmon_slice),8.96,低饱食简餐,4,农夫乐事(万花筒机器),1.0,原料成本×1.0～1.2，铜币档,food_common_objs,5
1,T1·简餐基础,通用池,简单烤熟/一步加工,熟鳕鱼片,farmersdelight:cooked_cod_slice,3.0,3.0,,1,1,0,1,炒锅(置于炉灶上),pot/add/cooked_cod_slice.json,生鳕鱼片(farmersdelight:cod_slice),8.6,低饱食简餐,4,农夫乐事(万花筒机器),1.0,原料成本×1.0～1.2，铜币档,food_common_objs,5
1,T1·简餐基础,T1菜池,非通用烤熟类,生丸子,kaleidoscope_cookery:raw_meatball,4.0,2.4,,2,3,0,0,工作台,raw_meatball.json,生肉(#c:raw_meats) + 生肉(#c:raw_meats) + 蔬菜(#c:vegetables),8.48,低饱食简餐,1,万花筒烹饪,1.0,原料成本×1.0～1.2，铜币档,,
1,T1·简餐基础,通用池,简单烤熟/一步加工,米饭,kaleidoscope_cookery:cooked_rice,6.0,12.0,,1,1,0,0,汤锅(盖盖煮制),stockpot/rice_1.json,稻米(#c:grain/rice),8.4,低饱食简餐,9,万花筒烹饪,1.0,原料成本×1.0～1.2，铜币档,food_common_objs,6
1,T1·简餐基础,T1菜池,非通用烤熟类,生意面,farmersdelight:raw_pasta,2.0,1.2,饥饿 30秒(30%),1,1,0,1,砧板,cutting/tag_dough.json,面团(#c:dough),8.24,低饱食简餐,1,农夫乐事,1.0,原料成本×1.0～1.2，铜币档,,
1,T1·简餐基础,通用池,分档菜池,黏液饭,kaleidoscope_cookery:slime_ball_meal,9.0,,胀气 35秒,1,1,0,0,炒锅(灵活),flex_pot/slime_ball_meal.json,粘液球(minecraft:slime_ball),8.0,负面趣味菜,2,万花筒烹饪,1.0,原料成本×1.0～1.2，铜币档,food_common_objs,8
1,T1·简餐基础,T1菜池,分档菜池,蜜汁火腿,farmersdelight:honey_glazed_ham_block,,,,5,9,0,2,工作台,honey_glazed_ham_block.json,甜浆果(minecraft:sweet_berries) + 蜜瓶(minecraft:honey_bottle) + 甜浆果(minecraft:sweet_berries) + 甜浆果(minecraft:sweet_berries) + 烟熏火腿(farmersdelight:smoked_ham) + 甜浆果(minecraft:sweet_berries) + 米饭(kaleidoscope_cookery:cooked_rice) + 碗(minecraft:bowl) + 米饭(kaleidoscope_cookery:cooked_rice),7.5,简单加工/无食物数据,1,农夫乐事,1.0,原料成本×1.0～1.2，铜币档,,
1,T1·简餐基础,T1菜池,非通用烤熟类,牧羊人派,farmersdelight:shepherds_pie_block,,,,5,9,0,0,工作台,shepherds_pie_block.json,烤马铃薯(minecraft:baked_potato) + 奶(#c:drinks/milk) + 烤马铃薯(minecraft:baked_potato) + 熟羊肉(#c:foods/cooked_mutton) + 熟羊肉(#c:foods/cooked_mutton) + 熟羊肉(#c:foods/cooked_mutton) + 洋葱(#c:crops/onion) + 碗(minecraft:bowl) + 洋葱(#c:crops/onion),7.5,简单加工/无食物数据,1,农夫乐事,1.0,原料成本×1.0～1.2，铜币档,,
1,T1·简餐基础,通用池,非通用烤熟类,海带寿司,farmersdelight:kelp_roll_slice,6.0,6.0,,1,1,0,0,菜板,chopping_board/add/kelp_roll_slice.json,海带寿司卷(farmersdelight:kelp_roll),7.2,低饱食简餐,2,农夫乐事(万花筒机器),1.0,原料成本×1.0～1.2，铜币档,food_common_objs,5
1,T1·简餐基础,T1菜池,非通用烤熟类,馅饼酥皮,farmersdelight:pie_crust,2.0,0.8,,2,2,0,0,工作台,pie_crust.json,小麦(#c:crops/wheat)×3 + 奶(#c:drinks/milk),7.16,低饱食简餐,2,农夫乐事,1.0,原料成本×1.0～1.2，铜币档,,
1,T1·简餐基础,通用池,简单烤熟/一步加工,蛋糕切片,farmersdelight:cake_slice,2.0,0.4,速度 20秒,1,1,0,0,菜板,chopping_board/add/cake_slice.json,蛋糕(minecraft:cake),7.08,少原料基础菜,2,农夫乐事(万花筒机器),1.0,原料成本×1.0～1.2，铜币档,food_common_objs,8
1,T1·简餐基础,通用池,分档菜池,青团,kaleidoscope_cookery:qingtuan,5.0,6.0,,1,1,0,0,蒸笼,steamer/qingtuan.json,粘液球(minecraft:slime_ball),6.7,低饱食简餐,1,万花筒烹饪,1.0,原料成本×1.0～1.2，铜币档,food_common_objs,10
1,T1·简餐基础,通用池,简单烤熟/一步加工,熟牛杂,kaleidoscope_cookery:cooked_cow_offal,4.0,6.4,,1,1,0,0,炒锅(置于炉灶上),pot/raw_cow_offal_to_cooked_cow_offal_1.json,生牛杂(kaleidoscope_cookery:raw_cow_offal),6.28,低饱食简餐,10,万花筒烹饪,1.0,原料成本×1.0～1.2，铜币档,food_common_objs,7
1,T1·简餐基础,通用池,简单烤熟/一步加工,熟切制小肉,kaleidoscope_cookery:cooked_cut_small_meats,4.0,6.4,,1,1,0,0,炒锅(置于炉灶上),pot/raw_cut_small_meats_to_cooked_cut_small_meats_1.json,生切制小肉(kaleidoscope_cookery:raw_cut_small_meats),6.28,低饱食简餐,11,万花筒烹饪,1.0,原料成本×1.0～1.2，铜币档,food_common_objs,5
1,T1·简餐基础,通用池,简单烤熟/一步加工,熟五花肉,kaleidoscope_cookery:cooked_pork_belly,4.0,6.4,,1,1,0,0,炒锅(置于炉灶上),pot/raw_pork_belly_to_cooked_pork_belly_1.json,生五花肉(kaleidoscope_cookery:raw_pork_belly),6.28,低饱食简餐,10,万花筒烹饪,1.0,原料成本×1.0～1.2，铜币档,food_common_objs,10
1,T1·简餐基础,T1菜池,非通用烤熟类,苹果派,farmersdelight:apple_pie,,,,4,4,0,0,工作台,apple_pie.json,小麦(#c:crops/wheat)×3 + 苹果(minecraft:apple)×3 + 糖(minecraft:sugar)×2 + 馅饼酥皮(farmersdelight:pie_crust),6.0,简单加工/无食物数据,2,农夫乐事,1.0,原料成本×1.0～1.2，铜币档,,
1,T1·简餐基础,T1菜池,非通用烤熟类,巧克力派,farmersdelight:chocolate_pie,,,,4,4,0,0,工作台,chocolate_pie.json,可可豆(minecraft:cocoa_beans)×3 + 奶(#c:drinks/milk)×3 + 糖(minecraft:sugar)×2 + 馅饼酥皮(farmersdelight:pie_crust),6.0,简单加工/无食物数据,3,农夫乐事,1.0,原料成本×1.0～1.2，铜币档,,
1,T1·简餐基础,T1菜池,分档菜池,厨锅,farmersdelight:cooking_pot,,,,4,4,0,0,工作台,cooking_pot.json,红砖(minecraft:brick)×2 + 木锹(minecraft:wooden_shovel) + 铁锭(#c:ingots/iron)×5 + 水桶(#c:buckets/water),6.0,简单加工/无食物数据,1,农夫乐事,1.0,原料成本×1.0～1.2，铜币档,,
1,T1·简餐基础,T1菜池,分档菜池,有机堆肥,farmersdelight:organic_compost,,,,4,9,0,0,工作台,organic_compost_from_rotten_flesh.json,泥土(minecraft:dirt) + 腐肉(minecraft:rotten_flesh) + 腐肉(minecraft:rotten_flesh) + 草秆(farmersdelight:straw) + 草秆(farmersdelight:straw) + 骨粉(minecraft:bone_meal) + 骨粉(minecraft:bone_meal) + 骨粉(minecraft:bone_meal) + 骨粉(minecraft:bone_meal),6.0,简单加工/无食物数据,2,农夫乐事,1.0,原料成本×1.0～1.2，铜币档,,
1,T1·简餐基础,T1菜池,非通用烤熟类,寿司拼盘,farmersdelight:rice_roll_medley_block,,,,4,9,0,1,工作台,rice_roll_medley_block.json,海带寿司(farmersdelight:kelp_roll_slice) + 海带寿司(farmersdelight:kelp_roll_slice) + 海带寿司(farmersdelight:kelp_roll_slice) + 鲑鱼寿司(farmersdelight:salmon_roll) + 鲑鱼寿司(farmersdelight:salmon_roll) + 鲑鱼寿司(farmersdelight:salmon_roll) + 鳕鱼寿司(farmersdelight:cod_roll) + 碗(minecraft:bowl) + 鳕鱼寿司(farmersdelight:cod_roll),6.0,简单加工/无食物数据,1,农夫乐事,1.0,原料成本×1.0～1.2，铜币档,,
1,T1·简餐基础,T1菜池,分档菜池,石磨,kaleidoscope_cookery:millstone,,,,4,4,0,0,工作台,millstone.json,木栅栏(#c:fences/wooden) + 木棍(minecraft:stick) + 砂轮(minecraft:grindstone) + 平滑石头(minecraft:smooth_stone)×3,6.0,简单加工/无食物数据,1,万花筒烹饪,1.0,原料成本×1.0～1.2，铜币档,,
1,T1·简餐基础,T1菜池,分档菜池,稻草人,kaleidoscope_cookery:scarecrow,,,,4,4,0,0,工作台,scarecrow.json,草帽(#kaleidoscope_cookery:straw_hat) + 木棍(minecraft:stick)×2 + 南瓜(minecraft:pumpkin) + 稻草捆(#kaleidoscope_cookery:straw_bale),6.0,简单加工/无食物数据,1,万花筒烹饪,1.0,原料成本×1.0～1.2，铜币档,,
1,T1·简餐基础,T1菜池,分档菜池,蛋糕,minecraft:cake,,,,4,4,0,0,工作台,cake_from_milk_bottle.json,奶(#c:drinks/milk)×3 + 糖(minecraft:sugar)×2 + 蛋(#c:eggs) + 小麦(#c:crops/wheat)×3,6.0,简单加工/无食物数据,2,农夫乐事,1.0,原料成本×1.0～1.2，铜币档,,
1,T1·简餐基础,T1菜池,非通用烤熟类,南瓜派,minecraft:pumpkin_pie,,,,4,4,0,1,工作台,pumpkin_pie_from_pie_crust.json,南瓜片(farmersdelight:pumpkin_slice)×4 + 蛋(#c:eggs) + 糖(minecraft:sugar) + 馅饼酥皮(farmersdelight:pie_crust),6.0,简单加工/无食物数据,2,农夫乐事,1.0,原料成本×1.0～1.2，铜币档,,
1,T1·简餐基础,通用池,分档菜池,兔肉煲,minecraft:rabbit_stew,,,,4,4,0,0,"厨锅(烹饪锅,置于炉灶上)",cooking/rabbit_stew.json,马铃薯(#c:crops/potato) + 生兔肉(minecraft:rabbit) + 胡萝卜(#c:crops/carrot) + 任选其一:[棕色蘑菇(minecraft:brown_mushroom) | 红色蘑菇(minecraft:red_mushroom)],6.0,简单加工/无食物数据,1,农夫乐事,1.0,原料成本×1.0～1.2，铜币档,food_common_objs,29
1,T1·简餐基础,通用池,简单烤熟/一步加工,煎蛋,kaleidoscope_cookery:fried_egg,4.0,4.0,,1,1,0,0,炒锅(置于炉灶上),pot/egg_to_fried_egg_1.json,蛋(#c:eggs),5.8,低饱食简餐,12,万花筒烹饪,1.0,原料成本×1.0～1.2，铜币档,food_common_objs,6
1,T1·简餐基础,排除,非食用,番茄酱,farmersdelight:tomato_sauce,4.0,3.2,,1,1,0,0,动力搅拌(Create),integration/create/mixing/tomato_sauce_from_mixing.json,番茄(#c:crops/tomato),5.64,低饱食简餐,2,农夫乐事,1.0,原料成本×1.0～1.2，铜币档,,
1,T1·简餐基础,通用池,简单烤熟/一步加工,熟羊排,kaleidoscope_cookery:cooked_lamb_chops,3.0,4.8,,1,1,0,0,炒锅(置于炉灶上),pot/raw_lamb_chops_to_cooked_lamb_chops_1.json,生羊排(kaleidoscope_cookery:raw_lamb_chops),5.46,低饱食简餐,10,万花筒烹饪,1.0,原料成本×1.0～1.2，铜币档,food_common_objs,10
1,T1·简餐基础,通用池,简单烤熟/一步加工,熟鸡肉丁,farmersdelight:cooked_chicken_cuts,3.0,3.6,,1,1,0,0,炒锅(置于炉灶上),pot/add/cooked_chicken_cuts.json,生鸡肉丁(farmersdelight:chicken_cuts),5.22,低饱食简餐,4,农夫乐事(万花筒机器),1.0,原料成本×1.0～1.2，铜币档,food_common_objs,5
1,T1·简餐基础,通用池,简单烤熟/一步加工,南瓜片,farmersdelight:pumpkin_slice,3.0,1.8,,1,1,0,0,菜板,chopping_board/add/pumpkin_slice.json,南瓜(minecraft:pumpkin),4.86,低饱食简餐,2,农夫乐事(万花筒机器),1.0,原料成本×1.0～1.2，铜币档,food_common_objs,5
1,T1·简餐基础,排除,非食用,粗布告示牌,farmersdelight:canvas_sign,,,,3,3,0,0,工作台,canvas_sign.json,木板(#minecraft:planks)×4 + 粗布(farmersdelight:canvas)×2 + 木棍(minecraft:stick),4.5,简单加工/无食物数据,1,农夫乐事,1.0,原料成本×1.0～1.2，铜币档,,
1,T1·简餐基础,排除,非食用,悬挂式粗布告示牌,farmersdelight:hanging_canvas_sign,,,,3,3,0,0,工作台,hanging_canvas_sign.json,锁链(minecraft:chain)×2 + 原木(#minecraft:logs)×4 + 粗布(farmersdelight:canvas)×2,4.5,简单加工/无食物数据,1,农夫乐事,1.0,原料成本×1.0～1.2，铜币档,,
1,T1·简餐基础,T1菜池,分档菜池,马食,farmersdelight:horse_feed,,,,3,4,0,0,工作台,horse_feed.json,任选其一:[干草块(minecraft:hay_block) | 稻穗捆(farmersdelight:rice_bale)] + 苹果(minecraft:apple) + 苹果(minecraft:apple) + 金胡萝卜(minecraft:golden_carrot),4.5,简单加工/无食物数据,1,农夫乐事,1.0,原料成本×1.0～1.2，铜币档,,
1,T1·简餐基础,T1菜池,分档菜池,热可可,farmersdelight:hot_cocoa,,,,3,4,0,0,"厨锅(烹饪锅,置于炉灶上)",cooking/hot_cocoa.json,奶(#c:drinks/milk) + 糖(minecraft:sugar) + 可可豆(minecraft:cocoa_beans) + 可可豆(minecraft:cocoa_beans),4.5,简单加工/无食物数据,1,农夫乐事,1.0,原料成本×1.0～1.2，铜币档,,
1,T1·简餐基础,T1菜池,分档菜池,西瓜汁,farmersdelight:melon_juice,,,,3,6,0,0,工作台,melon_juice.json,西瓜片(minecraft:melon_slice) + 西瓜片(minecraft:melon_slice) + 糖(minecraft:sugar) + 西瓜片(minecraft:melon_slice) + 西瓜片(minecraft:melon_slice) + 玻璃瓶(minecraft:glass_bottle),4.5,简单加工/无食物数据,1,农夫乐事,1.0,原料成本×1.0～1.2，铜币档,,
1,T1·简餐基础,T1菜池,分档菜池,西瓜冰棍,farmersdelight:melon_popsicle,,,,3,3,0,0,工作台,melon_popsicle.json,西瓜片(minecraft:melon_slice)×4 + 冰(minecraft:ice)×2 + 木棍(minecraft:stick),4.5,简单加工/无食物数据,1,农夫乐事,1.0,原料成本×1.0～1.2，铜币档,,
1,T1·简餐基础,T1菜池,分档菜池,炉灶,farmersdelight:stove,,,,3,3,0,0,工作台,stove.json,铁锭(#c:ingots/iron)×3 + 红砖块(minecraft:bricks)×4 + 营火(minecraft:campfire),4.5,简单加工/无食物数据,1,农夫乐事,1.0,原料成本×1.0～1.2，铜币档,,
1,T1·简餐基础,T1菜池,非通用烤熟类,甜浆果芝士派,farmersdelight:sweet_berry_cheesecake,,,,3,3,0,0,工作台,sweet_berry_cheesecake.json,甜浆果(minecraft:sweet_berries)×6 + 奶(#c:drinks/milk)×2 + 馅饼酥皮(farmersdelight:pie_crust),4.5,简单加工/无食物数据,2,农夫乐事,1.0,原料成本×1.0～1.2，铜币档,,
1,T1·简餐基础,通用池,分档菜池,浆果拼盘,kaleidoscope_cookery:berry_platter,,,,3,9,0,0,工作台,berry_platter.json,甜浆果(minecraft:sweet_berries) + 甜浆果(minecraft:sweet_berries) + 甜浆果(minecraft:sweet_berries) + 甜浆果(minecraft:sweet_berries) + 发光浆果(minecraft:glow_berries) + 发光浆果(minecraft:glow_berries) + 发光浆果(minecraft:glow_berries) + 发光浆果(minecraft:glow_berries) + 碗(minecraft:bowl),4.5,简单加工/无食物数据,1,万花筒烹饪,1.0,原料成本×1.0～1.2，铜币档,food_common_objs,66
1,T1·简餐基础,T1菜池,分档菜池,搪瓷盆子,kaleidoscope_cookery:enamel_basin,,,,3,3,0,0,工作台,enamel_basin.json,石按钮(minecraft:stone_button) + 重型测重压力板(minecraft:heavy_weighted_pressure_plate) + 桶(minecraft:bucket),4.5,简单加工/无食物数据,1,万花筒烹饪,1.0,原料成本×1.0～1.2，铜币档,,
1,T1·简餐基础,排除,非食用,果篮,kaleidoscope_cookery:fruit_basket,,,,3,3,0,0,工作台,fruit_basket.json,木棍(minecraft:stick) + 木板(#minecraft:planks)×5 + 箱子(minecraft:chest),4.5,简单加工/无食物数据,1,万花筒烹饪,1.0,原料成本×1.0～1.2，铜币档,,
1,T1·简餐基础,排除,非食用,厨具架,kaleidoscope_cookery:kitchenware_racks,,,,3,3,0,0,工作台,kitchenware_racks.json,木棍(minecraft:stick)×3 + 铁锭(#c:ingots/iron)×2 + 铁粒(#c:nuggets/iron),4.5,简单加工/无食物数据,1,万花筒烹饪,1.0,原料成本×1.0～1.2，铜币档,,
1,T1·简餐基础,T1菜池,分档菜池,油壶,kaleidoscope_cookery:oil_pot,,,,3,3,0,0,工作台,oil_pot.json,重型测重压力板(minecraft:heavy_weighted_pressure_plate) + 桶(minecraft:bucket) + 木棍(minecraft:stick),4.5,简单加工/无食物数据,1,万花筒烹饪,1.0,原料成本×1.0～1.2，铜币档,,
1,T1·简餐基础,T1菜池,非通用烤熟类,镰刀,kaleidoscope_cookery:sickle,,,,3,3,0,0,工作台,sickle.json,燧石(minecraft:flint)×3 + 线(minecraft:string) + 木棍(minecraft:stick)×2,4.5,简单加工/无食物数据,1,万花筒烹饪,1.0,原料成本×1.0～1.2，铜币档,,
1,T1·简餐基础,T1菜池,分档菜池,裹馅面食,kaleidoscope_cookery:stuffed_dough_food,,,,3,3,0,1,工作台,stuffed_dough_food.json,生肉(#c:raw_meats) + 蔬菜(#c:vegetables) + 面团(#c:dough),4.5,简单加工/无食物数据,1,万花筒烹饪,1.0,原料成本×1.0～1.2，铜币档,,
1,T1·简餐基础,排除,非食用,番茄,kaleidoscope_cookery:tomato,2.0,2.0,,1,1,0,0,工作台,tomato.json,箱装番茄(farmersdelight:tomato_crate),4.4,低饱食简餐,1,农夫乐事,1.0,原料成本×1.0～1.2，铜币档,,
1,T1·简餐基础,T1菜池,非通用烤熟类,卷心菜,farmersdelight:cabbage,2.0,1.6,,1,1,0,0,工作台,cabbage.json,箱装卷心菜(farmersdelight:cabbage_crate),4.32,低饱食简餐,2,农夫乐事,1.0,原料成本×1.0～1.2，铜币档,,
1,T1·简餐基础,T1菜池,非通用烤熟类,洋葱,farmersdelight:onion,2.0,1.6,,1,1,0,0,工作台,onion.json,箱装洋葱(farmersdelight:onion_crate),4.32,低饱食简餐,1,农夫乐事,1.0,原料成本×1.0～1.2，铜币档,,
1,T1·简餐基础,T1菜池,非通用烤熟类,生培根,farmersdelight:bacon,2.0,1.2,,1,1,0,0,砧板,cutting/porkchop.json,生猪排(minecraft:porkchop),4.24,低饱食简餐,1,农夫乐事,1.0,原料成本×1.0～1.2，铜币档,,
1,T1·简餐基础,T1菜池,分档菜池,牛肉馅,farmersdelight:minced_beef,2.0,1.2,,1,1,0,0,砧板,cutting/beef.json,生牛肉(minecraft:beef),4.24,低饱食简餐,1,农夫乐事,1.0,原料成本×1.0～1.2，铜币档,,
1,T1·简餐基础,T1菜池,非通用烤熟类,生牛杂,kaleidoscope_cookery:raw_cow_offal,2.0,1.2,,1,1,0,0,菜板,chopping_board/raw_cow_offal.json,生牛肉(minecraft:beef),4.24,低饱食简餐,1,万花筒烹饪,1.0,原料成本×1.0～1.2，铜币档,,
1,T1·简餐基础,T1菜池,非通用烤熟类,生切制小肉,kaleidoscope_cookery:raw_cut_small_meats,2.0,1.2,,1,1,0,0,菜板,chopping_board/raw_cut_small_meats_from_chicken.json,生鸡肉(minecraft:chicken),4.24,低饱食简餐,2,万花筒烹饪,1.0,原料成本×1.0～1.2，铜币档,,
1,T1·简餐基础,T1菜池,非通用烤熟类,生五花肉,kaleidoscope_cookery:raw_pork_belly,2.0,1.2,,1,1,0,0,菜板,chopping_board/raw_pork_belly.json,生猪排(minecraft:porkchop),4.24,低饱食简餐,1,万花筒烹饪,1.0,原料成本×1.0～1.2，铜币档,,
1,T1·简餐基础,T1菜池,非通用烤熟类,生羊排,kaleidoscope_cookery:raw_lamb_chops,1.0,1.0,,1,1,0,0,菜板,chopping_board/raw_lamb_chops.json,生羊肉(minecraft:mutton),3.7,低饱食简餐,1,万花筒烹饪,1.0,原料成本×1.0～1.2，铜币档,,
1,T1·简餐基础,通用池,分档菜池,刺身,kaleidoscope_cookery:sashimi,1.0,1.0,,1,1,0,0,菜板,chopping_board/sashimi_from_cod.json,生鳕鱼(minecraft:cod),3.7,低饱食简餐,3,万花筒烹饪,1.0,原料成本×1.0～1.2，铜币档,food_common_objs,9
1,T1·简餐基础,T1菜池,非通用烤熟类,卷心菜叶,farmersdelight:cabbage_leaf,1.0,0.8,,1,1,0,0,菜板,chopping_board/add/cabbage_leaf.json,卷心菜(farmersdelight:cabbage),3.66,低饱食简餐,3,农夫乐事(万花筒机器),1.0,原料成本×1.0～1.2，铜币档,,
1,T1·简餐基础,排除,非食用,金合欢木橱柜,farmersdelight:acacia_cabinet,,,,2,2,0,0,工作台,acacia_cabinet.json,金合欢木台阶(minecraft:acacia_slab)×6 + 金合欢木活板门(minecraft:acacia_trapdoor)×2,3.0,简单加工/无食物数据,1,农夫乐事,1.0,原料成本×1.0～1.2，铜币档,,
1,T1·简餐基础,排除,非食用,竹篮,farmersdelight:bamboo_basket,,,,2,2,0,0,工作台,bamboo_basket.json,竹子(minecraft:bamboo)×4 + 粗布(farmersdelight:canvas)×3,3.0,简单加工/无食物数据,1,农夫乐事,1.0,原料成本×1.0～1.2，铜币档,,
1,T1·简餐基础,排除,非食用,竹橱柜,farmersdelight:bamboo_cabinet,,,,2,2,0,0,工作台,bamboo_cabinet.json,竹台阶(minecraft:bamboo_slab)×6 + 竹活板门(minecraft:bamboo_trapdoor)×2,3.0,简单加工/无食物数据,1,农夫乐事,1.0,原料成本×1.0～1.2，铜币档,,
1,T1·简餐基础,排除,非食用,白桦木橱柜,farmersdelight:birch_cabinet,,,,2,2,0,0,工作台,birch_cabinet.json,白桦木台阶(minecraft:birch_slab)×6 + 白桦木活板门(minecraft:birch_trapdoor)×2,3.0,简单加工/无食物数据,1,农夫乐事,1.0,原料成本×1.0～1.2，铜币档,,
1,T1·简餐基础,排除,非食用,黑色粗布告示牌,farmersdelight:black_canvas_sign,,,,2,2,0,0,工作台,black_canvas_sign.json,帆布告示牌(#farmersdelight:canvas_signs) + 黑色染料(#c:dyes/black),3.0,简单加工/无食物数据,1,农夫乐事,1.0,原料成本×1.0～1.2，铜币档,,
1,T1·简餐基础,排除,非食用,悬挂式黑色粗布告示牌,farmersdelight:black_hanging_canvas_sign,,,,2,2,0,0,工作台,black_hanging_canvas_sign.json,悬挂帆布告示牌(#farmersdelight:hanging_canvas_signs) + 黑色染料(#c:dyes/black),3.0,简单加工/无食物数据,1,农夫乐事,1.0,原料成本×1.0～1.2，铜币档,,
1,T1·简餐基础,排除,非食用,蓝色粗布告示牌,farmersdelight:blue_canvas_sign,,,,2,2,0,0,工作台,blue_canvas_sign.json,帆布告示牌(#farmersdelight:canvas_signs) + 蓝色染料(#c:dyes/blue),3.0,简单加工/无食物数据,1,农夫乐事,1.0,原料成本×1.0～1.2，铜币档,,
1,T1·简餐基础,排除,非食用,悬挂式蓝色粗布告示牌,farmersdelight:blue_hanging_canvas_sign,,,,2,2,0,0,工作台,blue_hanging_canvas_sign.json,悬挂帆布告示牌(#farmersdelight:hanging_canvas_signs) + 蓝色染料(#c:dyes/blue),3.0,简单加工/无食物数据,1,农夫乐事,1.0,原料成本×1.0～1.2，铜币档,,
1,T1·简餐基础,排除,非食用,棕色粗布告示牌,farmersdelight:brown_canvas_sign,,,,2,2,0,0,工作台,brown_canvas_sign.json,帆布告示牌(#farmersdelight:canvas_signs) + 棕色染料(#c:dyes/brown),3.0,简单加工/无食物数据,1,农夫乐事,1.0,原料成本×1.0～1.2，铜币档,,
1,T1·简餐基础,排除,非食用,悬挂式棕色粗布告示牌,farmersdelight:brown_hanging_canvas_sign,,,,2,2,0,0,工作台,brown_hanging_canvas_sign.json,悬挂帆布告示牌(#farmersdelight:hanging_canvas_signs) + 棕色染料(#c:dyes/brown),3.0,简单加工/无食物数据,1,农夫乐事,1.0,原料成本×1.0～1.2，铜币档,,
1,T1·简餐基础,排除,非食用,樱花木橱柜,farmersdelight:cherry_cabinet,,,,2,2,0,0,工作台,cherry_cabinet.json,樱花木台阶(minecraft:cherry_slab)×6 + 樱花木活板门(minecraft:cherry_trapdoor)×2,3.0,简单加工/无食物数据,1,农夫乐事,1.0,原料成本×1.0～1.2，铜币档,,
1,T1·简餐基础,排除,非食用,绯红木橱柜,farmersdelight:crimson_cabinet,,,,2,2,0,0,工作台,crimson_cabinet.json,绯红木台阶(minecraft:crimson_slab)×6 + 绯红木活板门(minecraft:crimson_trapdoor)×2,3.0,简单加工/无食物数据,1,农夫乐事,1.0,原料成本×1.0～1.2，铜币档,,
1,T1·简餐基础,排除,非食用,砧板,farmersdelight:cutting_board,,,,2,2,0,0,工作台,cutting_board.json,木棍(minecraft:stick)×2 + 木板(#minecraft:planks)×4,3.0,简单加工/无食物数据,1,农夫乐事,1.0,原料成本×1.0～1.2，铜币档,,
1,T1·简餐基础,排除,非食用,青色粗布告示牌,farmersdelight:cyan_canvas_sign,,,,2,2,0,0,工作台,cyan_canvas_sign.json,帆布告示牌(#farmersdelight:canvas_signs) + 青色染料(#c:dyes/cyan),3.0,简单加工/无食物数据,1,农夫乐事,1.0,原料成本×1.0～1.2，铜币档,,
1,T1·简餐基础,排除,非食用,悬挂式青色粗布告示牌,farmersdelight:cyan_hanging_canvas_sign,,,,2,2,0,0,工作台,cyan_hanging_canvas_sign.json,悬挂帆布告示牌(#farmersdelight:hanging_canvas_signs) + 青色染料(#c:dyes/cyan),3.0,简单加工/无食物数据,1,农夫乐事,1.0,原料成本×1.0～1.2，铜币档,,
1,T1·简餐基础,排除,非食用,深色橡木橱柜,farmersdelight:dark_oak_cabinet,,,,2,2,0,0,工作台,dark_oak_cabinet.json,深色橡木台阶(minecraft:dark_oak_slab)×6 + 深色橡木活板门(minecraft:dark_oak_trapdoor)×2,3.0,简单加工/无食物数据,1,农夫乐事,1.0,原料成本×1.0～1.2，铜币档,,
1,T1·简餐基础,排除,非食用,灰色粗布告示牌,farmersdelight:gray_canvas_sign,,,,2,2,0,0,工作台,gray_canvas_sign.json,帆布告示牌(#farmersdelight:canvas_signs) + 灰色染料(#c:dyes/gray),3.0,简单加工/无食物数据,1,农夫乐事,1.0,原料成本×1.0～1.2，铜币档,,
1,T1·简餐基础,排除,非食用,悬挂式灰色粗布告示牌,farmersdelight:gray_hanging_canvas_sign,,,,2,2,0,0,工作台,gray_hanging_canvas_sign.json,悬挂帆布告示牌(#farmersdelight:hanging_canvas_signs) + 灰色染料(#c:dyes/gray),3.0,简单加工/无食物数据,1,农夫乐事,1.0,原料成本×1.0～1.2，铜币档,,
1,T1·简餐基础,排除,非食用,绿色粗布告示牌,farmersdelight:green_canvas_sign,,,,2,2,0,0,工作台,green_canvas_sign.json,帆布告示牌(#farmersdelight:canvas_signs) + 绿色染料(#c:dyes/green),3.0,简单加工/无食物数据,1,农夫乐事,1.0,原料成本×1.0～1.2，铜币档,,
1,T1·简餐基础,排除,非食用,悬挂式绿色粗布告示牌,farmersdelight:green_hanging_canvas_sign,,,,2,2,0,0,工作台,green_hanging_canvas_sign.json,悬挂帆布告示牌(#farmersdelight:hanging_canvas_signs) + 绿色染料(#c:dyes/green),3.0,简单加工/无食物数据,1,农夫乐事,1.0,原料成本×1.0～1.2，铜币档,,
1,T1·简餐基础,T1菜池,分档菜池,蜂蜜曲奇,farmersdelight:honey_cookie,,,,2,3,0,0,工作台,honey_cookie.json,蜜瓶(minecraft:honey_bottle) + 小麦(#c:crops/wheat) + 小麦(#c:crops/wheat),3.0,简单加工/无食物数据,1,农夫乐事,1.0,原料成本×1.0～1.2，铜币档,,
1,T1·简餐基础,排除,非食用,丛林木橱柜,farmersdelight:jungle_cabinet,,,,2,2,0,0,工作台,jungle_cabinet.json,丛林木台阶(minecraft:jungle_slab)×6 + 丛林木活板门(minecraft:jungle_trapdoor)×2,3.0,简单加工/无食物数据,1,农夫乐事,1.0,原料成本×1.0～1.2，铜币档,,
1,T1·简餐基础,排除,非食用,淡蓝色粗布告示牌,farmersdelight:light_blue_canvas_sign,,,,2,2,0,0,工作台,light_blue_canvas_sign.json,帆布告示牌(#farmersdelight:canvas_signs) + 淡蓝色染料(#c:dyes/light_blue),3.0,简单加工/无食物数据,1,农夫乐事,1.0,原料成本×1.0～1.2，铜币档,,
1,T1·简餐基础,排除,非食用,悬挂式淡蓝色粗布告示牌,farmersdelight:light_blue_hanging_canvas_sign,,,,2,2,0,0,工作台,light_blue_hanging_canvas_sign.json,悬挂帆布告示牌(#farmersdelight:hanging_canvas_signs) + 淡蓝色染料(#c:dyes/light_blue),3.0,简单加工/无食物数据,1,农夫乐事,1.0,原料成本×1.0～1.2，铜币档,,
1,T1·简餐基础,排除,非食用,淡灰色粗布告示牌,farmersdelight:light_gray_canvas_sign,,,,2,2,0,0,工作台,light_gray_canvas_sign.json,帆布告示牌(#farmersdelight:canvas_signs) + 淡灰色染料(#c:dyes/light_gray),3.0,简单加工/无食物数据,1,农夫乐事,1.0,原料成本×1.0～1.2，铜币档,,
1,T1·简餐基础,排除,非食用,悬挂式淡灰色粗布告示牌,farmersdelight:light_gray_hanging_canvas_sign,,,,2,2,0,0,工作台,light_gray_hanging_canvas_sign.json,悬挂帆布告示牌(#farmersdelight:hanging_canvas_signs) + 淡灰色染料(#c:dyes/light_gray),3.0,简单加工/无食物数据,1,农夫乐事,1.0,原料成本×1.0～1.2，铜币档,,
1,T1·简餐基础,排除,非食用,黄绿色粗布告示牌,farmersdelight:lime_canvas_sign,,,,2,2,0,0,工作台,lime_canvas_sign.json,帆布告示牌(#farmersdelight:canvas_signs) + 黄绿色染料(#c:dyes/lime),3.0,简单加工/无食物数据,1,农夫乐事,1.0,原料成本×1.0～1.2，铜币档,,
1,T1·简餐基础,排除,非食用,悬挂式黄绿色粗布告示牌,farmersdelight:lime_hanging_canvas_sign,,,,2,2,0,0,工作台,lime_hanging_canvas_sign.json,悬挂帆布告示牌(#farmersdelight:hanging_canvas_signs) + 黄绿色染料(#c:dyes/lime),3.0,简单加工/无食物数据,1,农夫乐事,1.0,原料成本×1.0～1.2，铜币档,,
1,T1·简餐基础,排除,非食用,品红色粗布告示牌,farmersdelight:magenta_canvas_sign,,,,2,2,0,0,工作台,magenta_canvas_sign.json,帆布告示牌(#farmersdelight:canvas_signs) + 品红色染料(#c:dyes/magenta),3.0,简单加工/无食物数据,1,农夫乐事,1.0,原料成本×1.0～1.2，铜币档,,
1,T1·简餐基础,排除,非食用,悬挂式品红色粗布告示牌,farmersdelight:magenta_hanging_canvas_sign,,,,2,2,0,0,工作台,magenta_hanging_canvas_sign.json,悬挂帆布告示牌(#farmersdelight:hanging_canvas_signs) + 品红色染料(#c:dyes/magenta),3.0,简单加工/无食物数据,1,农夫乐事,1.0,原料成本×1.0～1.2，铜币档,,
1,T1·简餐基础,排除,非食用,红树木橱柜,farmersdelight:mangrove_cabinet,,,,2,2,0,0,工作台,mangrove_cabinet.json,红树木台阶(minecraft:mangrove_slab)×6 + 红树木活板门(minecraft:mangrove_trapdoor)×2,3.0,简单加工/无食物数据,1,农夫乐事,1.0,原料成本×1.0～1.2，铜币档,,
1,T1·简餐基础,T1菜池,分档菜池,奶瓶,farmersdelight:milk_bottle,,,,2,5,0,0,工作台,milk_bottle.json,奶桶(minecraft:milk_bucket) + 玻璃瓶(minecraft:glass_bottle) + 玻璃瓶(minecraft:glass_bottle) + 玻璃瓶(minecraft:glass_bottle) + 玻璃瓶(minecraft:glass_bottle),3.0,简单加工/无食物数据,1,农夫乐事,1.0,原料成本×1.0～1.2，铜币档,,
1,T1·简餐基础,排除,非食用,橡木橱柜,farmersdelight:oak_cabinet,,,,2,2,0,0,工作台,oak_cabinet.json,橡木台阶(minecraft:oak_slab)×6 + 橡木活板门(minecraft:oak_trapdoor)×2,3.0,简单加工/无食物数据,1,农夫乐事,1.0,原料成本×1.0～1.2，铜币档,,
1,T1·简餐基础,排除,非食用,橙色粗布告示牌,farmersdelight:orange_canvas_sign,,,,2,2,0,0,工作台,orange_canvas_sign.json,帆布告示牌(#farmersdelight:canvas_signs) + 橙色染料(#c:dyes/orange),3.0,简单加工/无食物数据,1,农夫乐事,1.0,原料成本×1.0～1.2，铜币档,,
1,T1·简餐基础,排除,非食用,悬挂式橙色粗布告示牌,farmersdelight:orange_hanging_canvas_sign,,,,2,2,0,0,工作台,orange_hanging_canvas_sign.json,悬挂帆布告示牌(#farmersdelight:hanging_canvas_signs) + 橙色染料(#c:dyes/orange),3.0,简单加工/无食物数据,1,农夫乐事,1.0,原料成本×1.0～1.2，铜币档,,
1,T1·简餐基础,排除,非食用,粉红色粗布告示牌,farmersdelight:pink_canvas_sign,,,,2,2,0,0,工作台,pink_canvas_sign.json,帆布告示牌(#farmersdelight:canvas_signs) + 粉红色染料(#c:dyes/pink),3.0,简单加工/无食物数据,1,农夫乐事,1.0,原料成本×1.0～1.2，铜币档,,
1,T1·简餐基础,排除,非食用,悬挂式粉红色粗布告示牌,farmersdelight:pink_hanging_canvas_sign,,,,2,2,0,0,工作台,pink_hanging_canvas_sign.json,悬挂帆布告示牌(#farmersdelight:hanging_canvas_signs) + 粉红色染料(#c:dyes/pink),3.0,简单加工/无食物数据,1,农夫乐事,1.0,原料成本×1.0～1.2，铜币档,,
1,T1·简餐基础,排除,非食用,紫色粗布告示牌,farmersdelight:purple_canvas_sign,,,,2,2,0,0,工作台,purple_canvas_sign.json,帆布告示牌(#farmersdelight:canvas_signs) + 紫色染料(#c:dyes/purple),3.0,简单加工/无食物数据,1,农夫乐事,1.0,原料成本×1.0～1.2，铜币档,,
1,T1·简餐基础,排除,非食用,悬挂式紫色粗布告示牌,farmersdelight:purple_hanging_canvas_sign,,,,2,2,0,0,工作台,purple_hanging_canvas_sign.json,悬挂帆布告示牌(#farmersdelight:hanging_canvas_signs) + 紫色染料(#c:dyes/purple),3.0,简单加工/无食物数据,1,农夫乐事,1.0,原料成本×1.0～1.2，铜币档,,
1,T1·简餐基础,排除,非食用,红色粗布告示牌,farmersdelight:red_canvas_sign,,,,2,2,0,0,工作台,red_canvas_sign.json,帆布告示牌(#farmersdelight:canvas_signs) + 红色染料(#c:dyes/red),3.0,简单加工/无食物数据,1,农夫乐事,1.0,原料成本×1.0～1.2，铜币档,,
1,T1·简餐基础,排除,非食用,悬挂式红色粗布告示牌,farmersdelight:red_hanging_canvas_sign,,,,2,2,0,0,工作台,red_hanging_canvas_sign.json,悬挂帆布告示牌(#farmersdelight:hanging_canvas_signs) + 红色染料(#c:dyes/red),3.0,简单加工/无食物数据,1,农夫乐事,1.0,原料成本×1.0～1.2，铜币档,,
1,T1·简餐基础,排除,非食用,绳栅栏,farmersdelight:rope_fence,,,,2,2,0,0,工作台,rope_fence.json,绳子(farmersdelight:rope)×4 + 木棍(minecraft:stick)×2,3.0,简单加工/无食物数据,1,农夫乐事,1.0,原料成本×1.0～1.2，铜币档,,
1,T1·简餐基础,排除,非食用,绳栅栏门,farmersdelight:rope_fence_gate,,,,2,2,0,0,工作台,rope_fence_gate.json,木棍(minecraft:stick)×4 + 绳子(farmersdelight:rope)×2,3.0,简单加工/无食物数据,1,农夫乐事,1.0,原料成本×1.0～1.2，铜币档,,
1,T1·简餐基础,T1菜池,分档菜池,煎锅,farmersdelight:skillet,,,,2,2,0,0,工作台,skillet.json,铁锭(#c:ingots/iron)×4 + 红砖(minecraft:brick),3.0,简单加工/无食物数据,1,农夫乐事,1.0,原料成本×1.0～1.2，铜币档,,
1,T1·简餐基础,排除,非食用,云杉木橱柜,farmersdelight:spruce_cabinet,,,,2,2,0,0,工作台,spruce_cabinet.json,云杉木台阶(minecraft:spruce_slab)×6 + 云杉木活板门(minecraft:spruce_trapdoor)×2,3.0,简单加工/无食物数据,1,农夫乐事,1.0,原料成本×1.0～1.2，铜币档,,
1,T1·简餐基础,T1菜池,分档菜池,甜浆果曲奇,farmersdelight:sweet_berry_cookie,,,,2,3,0,0,工作台,sweet_berry_cookie.json,甜浆果(minecraft:sweet_berries) + 小麦(#c:crops/wheat) + 小麦(#c:crops/wheat),3.0,简单加工/无食物数据,1,农夫乐事,1.0,原料成本×1.0～1.2，铜币档,,
1,T1·简餐基础,排除,非食用,榻榻米方块,farmersdelight:tatami,,,,2,2,0,0,工作台,tatami.json,粗布(farmersdelight:canvas)×2 + 草秆(farmersdelight:straw)×2,3.0,简单加工/无食物数据,2,农夫乐事,1.0,原料成本×1.0～1.2，铜币档,,
1,T1·简餐基础,排除,非食用,诡异木橱柜,farmersdelight:warped_cabinet,,,,2,2,0,0,工作台,warped_cabinet.json,诡异木台阶(minecraft:warped_slab)×6 + 诡异木活板门(minecraft:warped_trapdoor)×2,3.0,简单加工/无食物数据,1,农夫乐事,1.0,原料成本×1.0～1.2，铜币档,,
1,T1·简餐基础,排除,非食用,白色粗布告示牌,farmersdelight:white_canvas_sign,,,,2,2,0,0,工作台,white_canvas_sign.json,帆布告示牌(#farmersdelight:canvas_signs) + 白色染料(#c:dyes/white),3.0,简单加工/无食物数据,1,农夫乐事,1.0,原料成本×1.0～1.2，铜币档,,
1,T1·简餐基础,排除,非食用,悬挂式白色粗布告示牌,farmersdelight:white_hanging_canvas_sign,,,,2,2,0,0,工作台,white_hanging_canvas_sign.json,悬挂帆布告示牌(#farmersdelight:hanging_canvas_signs) + 白色染料(#c:dyes/white),3.0,简单加工/无食物数据,1,农夫乐事,1.0,原料成本×1.0～1.2，铜币档,,
1,T1·简餐基础,排除,非食用,木篮,farmersdelight:wooden_basket,,,,2,2,0,0,工作台,wooden_basket.json,木棍(minecraft:stick)×4 + 粗布(farmersdelight:canvas)×3,3.0,简单加工/无食物数据,1,农夫乐事,1.0,原料成本×1.0～1.2，铜币档,,
1,T1·简餐基础,排除,非食用,黄色粗布告示牌,farmersdelight:yellow_canvas_sign,,,,2,2,0,0,工作台,yellow_canvas_sign.json,帆布告示牌(#farmersdelight:canvas_signs) + 黄色染料(#c:dyes/yellow),3.0,简单加工/无食物数据,1,农夫乐事,1.0,原料成本×1.0～1.2，铜币档,,
1,T1·简餐基础,排除,非食用,悬挂式黄色粗布告示牌,farmersdelight:yellow_hanging_canvas_sign,,,,2,2,0,0,工作台,yellow_hanging_canvas_sign.json,悬挂帆布告示牌(#farmersdelight:hanging_canvas_signs) + 黄色染料(#c:dyes/yellow),3.0,简单加工/无食物数据,1,农夫乐事,1.0,原料成本×1.0～1.2，铜币档,,
1,T1·简餐基础,通用池,分档菜池,苹果拼盘,kaleidoscope_cookery:apple_platter,,,,2,5,0,0,工作台,apple_platter.json,苹果(minecraft:apple) + 苹果(minecraft:apple) + 苹果(minecraft:apple) + 苹果(minecraft:apple) + 碗(minecraft:bowl),3.0,简单加工/无食物数据,1,万花筒烹饪,1.0,原料成本×1.0～1.2，铜币档,food_common_objs,28
1,T1·简餐基础,T2菜池,包子链重算 unitWorth=134,一盘包子,kaleidoscope_cookery:baozi_plate,,,,2,6,0,0,工作台,baozi_plate.json,包子(kaleidoscope_cookery:baozi) + 包子(kaleidoscope_cookery:baozi) + 包子(kaleidoscope_cookery:baozi) + 包子(kaleidoscope_cookery:baozi) + 包子(kaleidoscope_cookery:baozi) + 碗(minecraft:bowl),3.0,简单加工/无食物数据,1,万花筒烹饪,1.0,原料成本×1.0～1.2，铜币档,food_t2_objs,134
1,T1·简餐基础,排除,非食用,金合欢木椅子,kaleidoscope_cookery:chair_acacia,,,,2,2,0,0,工作台,chair_acacia.json,金合欢木栅栏(minecraft:acacia_fence)×3 + 金合欢木台阶(minecraft:acacia_slab)×3,3.0,简单加工/无食物数据,1,万花筒烹饪,1.0,原料成本×1.0～1.2，铜币档,,
1,T1·简餐基础,排除,非食用,竹椅子,kaleidoscope_cookery:chair_bamboo,,,,2,2,0,0,工作台,chair_bamboo.json,竹块(minecraft:bamboo_block)×3 + 竹台阶(minecraft:bamboo_slab)×3,3.0,简单加工/无食物数据,1,万花筒烹饪,1.0,原料成本×1.0～1.2，铜币档,,
1,T1·简餐基础,排除,非食用,白桦木椅子,kaleidoscope_cookery:chair_birch,,,,2,2,0,0,工作台,chair_birch.json,白桦木栅栏(minecraft:birch_fence)×3 + 白桦木台阶(minecraft:birch_slab)×3,3.0,简单加工/无食物数据,1,万花筒烹饪,1.0,原料成本×1.0～1.2，铜币档,,
1,T1·简餐基础,排除,非食用,樱花木椅子,kaleidoscope_cookery:chair_cherry,,,,2,2,0,0,工作台,chair_cherry.json,樱花木栅栏(minecraft:cherry_fence)×3 + 樱花木台阶(minecraft:cherry_slab)×3,3.0,简单加工/无食物数据,1,万花筒烹饪,1.0,原料成本×1.0～1.2，铜币档,,
1,T1·简餐基础,排除,非食用,绯红木椅子,kaleidoscope_cookery:chair_crimson,,,,2,2,0,0,工作台,chair_crimson.json,绯红木栅栏(minecraft:crimson_fence)×3 + 绯红木台阶(minecraft:crimson_slab)×3,3.0,简单加工/无食物数据,1,万花筒烹饪,1.0,原料成本×1.0～1.2，铜币档,,
1,T1·简餐基础,排除,非食用,深色橡木椅子,kaleidoscope_cookery:chair_dark_oak,,,,2,2,0,0,工作台,chair_dark_oak.json,深色橡木栅栏(minecraft:dark_oak_fence)×3 + 深色橡木台阶(minecraft:dark_oak_slab)×3,3.0,简单加工/无食物数据,1,万花筒烹饪,1.0,原料成本×1.0～1.2，铜币档,,
1,T1·简餐基础,排除,非食用,丛林木椅子,kaleidoscope_cookery:chair_jungle,,,,2,2,0,0,工作台,chair_jungle.json,丛林木栅栏(minecraft:jungle_fence)×3 + 丛林木台阶(minecraft:jungle_slab)×3,3.0,简单加工/无食物数据,1,万花筒烹饪,1.0,原料成本×1.0～1.2，铜币档,,
1,T1·简餐基础,排除,非食用,红树木椅子,kaleidoscope_cookery:chair_mangrove,,,,2,2,0,0,工作台,chair_mangrove.json,红树木栅栏(minecraft:mangrove_fence)×3 + 红树木台阶(minecraft:mangrove_slab)×3,3.0,简单加工/无食物数据,1,万花筒烹饪,1.0,原料成本×1.0～1.2，铜币档,,
1,T1·简餐基础,排除,非食用,橡木椅子,kaleidoscope_cookery:chair_oak,,,,2,2,0,0,工作台,chair_oak.json,橡木栅栏(minecraft:oak_fence)×3 + 橡木台阶(minecraft:oak_slab)×3,3.0,简单加工/无食物数据,1,万花筒烹饪,1.0,原料成本×1.0～1.2，铜币档,,
1,T1·简餐基础,排除,非食用,云杉木椅子,kaleidoscope_cookery:chair_spruce,,,,2,2,0,0,工作台,chair_spruce.json,云杉木栅栏(minecraft:spruce_fence)×3 + 云杉木台阶(minecraft:spruce_slab)×3,3.0,简单加工/无食物数据,1,万花筒烹饪,1.0,原料成本×1.0～1.2，铜币档,,
1,T1·简餐基础,排除,非食用,诡异木椅子,kaleidoscope_cookery:chair_warped,,,,2,2,0,0,工作台,chair_warped.json,诡异木栅栏(minecraft:warped_fence)×3 + 诡异木台阶(minecraft:warped_slab)×3,3.0,简单加工/无食物数据,1,万花筒烹饪,1.0,原料成本×1.0～1.2，铜币档,,
1,T1·简餐基础,T1菜池,分档菜池,农夫皮靴,kaleidoscope_cookery:farmer_boots,,,,2,2,0,0,工作台,farmer_boots.json,铁锭(#c:ingots/iron)×2 + 皮革(minecraft:leather)×2,3.0,简单加工/无食物数据,1,万花筒烹饪,1.0,原料成本×1.0～1.2，铜币档,,
1,T1·简餐基础,T1菜池,分档菜池,农夫围裙,kaleidoscope_cookery:farmer_chest_plate,,,,2,2,0,0,工作台,farmer_chest_plate.json,铁锭(#c:ingots/iron)×2 + 皮革(minecraft:leather)×6,3.0,简单加工/无食物数据,1,万花筒烹饪,1.0,原料成本×1.0～1.2，铜币档,,
1,T1·简餐基础,T1菜池,分档菜池,农夫长裤,kaleidoscope_cookery:farmer_leggings,,,,2,2,0,0,工作台,farmer_leggings.json,皮革(minecraft:leather)×6 + 铁锭(#c:ingots/iron),3.0,简单加工/无食物数据,1,万花筒烹饪,1.0,原料成本×1.0～1.2，铜币档,,
1,T1·简餐基础,T2菜池,非通用烤熟类,一盘青团,kaleidoscope_cookery:qingtuan_plate,,,,2,5,0,0,工作台,qingtuan_plate.json,青团(kaleidoscope_cookery:qingtuan) + 青团(kaleidoscope_cookery:qingtuan) + 青团(kaleidoscope_cookery:qingtuan) + 青团(kaleidoscope_cookery:qingtuan) + 碗(minecraft:bowl),3.0,简单加工/无食物数据,1,万花筒烹饪,1.0,原料成本×1.0～1.2，铜币档,food_t2_objs,45
1,T1·简餐基础,T1菜池,非通用烤熟类,生面团,kaleidoscope_cookery:raw_dough,,,,2,4,0,1,工作台,wheat_dough_from_egg.json,面粉(kaleidoscope_cookery:flour) + 面粉(kaleidoscope_cookery:flour) + 面粉(kaleidoscope_cookery:flour) + 蛋(#c:eggs),3.0,简单加工/无食物数据,1,农夫乐事,1.0,原料成本×1.0～1.2，铜币档,,
1,T1·简餐基础,T1菜池,非通用烤熟类,生粽子,kaleidoscope_cookery:raw_zongzi,,,,2,2,0,0,工作台,raw_zongzi.json,稻米(kaleidoscope_cookery:rice) + 睡莲(minecraft:lily_pad),3.0,简单加工/无食物数据,1,万花筒烹饪,1.0,原料成本×1.0～1.2，铜币档,,
1,T1·简餐基础,通用池,非通用烤熟类,旋风烤肉塔,kaleidoscope_cookery:shawarma_spit,,,,2,2,0,0,工作台,shawarma_spit.json,锁链(minecraft:chain)×4 + 营火(minecraft:campfire)×2,3.0,简单加工/无食物数据,1,万花筒烹饪,1.0,原料成本×1.0～1.2，铜币档,food_common_objs,19
1,T1·简餐基础,T2菜池,包子链重算 unitWorth=134,一盘水煎包,kaleidoscope_cookery:shengjian_mantou_plate,,,,2,6,0,0,工作台,shengjian_mantou_plate.json,水煎包(kaleidoscope_cookery:shengjian_mantou) + 水煎包(kaleidoscope_cookery:shengjian_mantou) + 水煎包(kaleidoscope_cookery:shengjian_mantou) + 水煎包(kaleidoscope_cookery:shengjian_mantou) + 水煎包(kaleidoscope_cookery:shengjian_mantou) + 碗(minecraft:bowl),3.0,简单加工/无食物数据,1,万花筒烹饪,1.0,原料成本×1.0～1.2，铜币档,food_t2_objs,134
1,T1·简餐基础,T1菜池,分档菜池,蒸笼,kaleidoscope_cookery:steamer,,,,2,2,0,0,工作台,steamer.json,竹活板门(minecraft:bamboo_trapdoor)×3 + 竹块(minecraft:bamboo_block)×3,3.0,简单加工/无食物数据,3,万花筒烹饪,1.0,原料成本×1.0～1.2，铜币档,,
1,T1·简餐基础,T2菜池,非通用烤熟类,一盘牛皮糖,kaleidoscope_cookery:sticky_candy_plate,,,,2,5,0,0,工作台,sticky_candy_plate.json,牛皮糖(kaleidoscope_cookery:sticky_candy) + 牛皮糖(kaleidoscope_cookery:sticky_candy) + 牛皮糖(kaleidoscope_cookery:sticky_candy) + 牛皮糖(kaleidoscope_cookery:sticky_candy) + 碗(minecraft:bowl),3.0,简单加工/无食物数据,1,万花筒烹饪,1.0,原料成本×1.0～1.2，铜币档,food_t2_objs,61
1,T1·简餐基础,T2菜池,非通用烤熟类,一盘糍粑,kaleidoscope_cookery:sticky_rice_cake_plate,,,,2,6,0,0,工作台,sticky_rice_cake_plate.json,糍粑(kaleidoscope_cookery:sticky_rice_cake) + 糍粑(kaleidoscope_cookery:sticky_rice_cake) + 糍粑(kaleidoscope_cookery:sticky_rice_cake) + 糍粑(kaleidoscope_cookery:sticky_rice_cake) + 糍粑(kaleidoscope_cookery:sticky_rice_cake) + 碗(minecraft:bowl),3.0,简单加工/无食物数据,1,万花筒烹饪,1.0,原料成本×1.0～1.2，铜币档,food_t2_objs,50
1,T1·简餐基础,T1菜池,非通用烤熟类,汤锅,kaleidoscope_cookery:stockpot,,,,2,2,0,0,工作台,stockpot.json,红砖(minecraft:brick)×2 + 铁锭(#c:ingots/iron)×5,3.0,简单加工/无食物数据,1,万花筒烹饪,1.0,原料成本×1.0～1.2，铜币档,,
1,T1·简餐基础,T1菜池,非通用烤熟类,汤锅盖,kaleidoscope_cookery:stockpot_lid,,,,2,2,0,0,工作台,stockpot_lid.json,红砖(minecraft:brick) + 铁锭(#c:ingots/iron)×3,3.0,简单加工/无食物数据,1,万花筒烹饪,1.0,原料成本×1.0～1.2，铜币档,,
1,T1·简餐基础,T1菜池,分档菜池,炉灶,kaleidoscope_cookery:stove,,,,2,2,0,0,工作台,stove_campfire.json,圆石(#c:cobblestones)×8 + 营火(minecraft:campfire),3.0,简单加工/无食物数据,2,万花筒烹饪,1.0,原料成本×1.0～1.2，铜币档,,
1,T1·简餐基础,T1菜池,分档菜池,草帽,kaleidoscope_cookery:straw_hat,,,,2,2,0,0,工作台,straw_hat.json,小麦(minecraft:wheat)×4 + 线(minecraft:string),3.0,简单加工/无食物数据,1,万花筒烹饪,1.0,原料成本×1.0～1.2，铜币档,,
1,T1·简餐基础,T1菜池,分档菜池,缀花草帽,kaleidoscope_cookery:straw_hat_flower,,,,2,2,0,0,工作台,straw_hat_flower.json,花(#minecraft:flowers)×8 + 草帽(kaleidoscope_cookery:straw_hat),3.0,简单加工/无食物数据,1,万花筒烹饪,1.0,原料成本×1.0～1.2，铜币档,,
1,T1·简餐基础,T1菜池,分档菜池,金合欢木餐桌,kaleidoscope_cookery:table_acacia,,,,2,2,0,0,工作台,table_acacia.json,金合欢木台阶(minecraft:acacia_slab)×3 + 金合欢木栅栏(minecraft:acacia_fence)×2,3.0,简单加工/无食物数据,1,万花筒烹饪,1.0,原料成本×1.0～1.2，铜币档,,
1,T1·简餐基础,T1菜池,分档菜池,竹餐桌,kaleidoscope_cookery:table_bamboo,,,,2,2,0,0,工作台,table_bamboo.json,竹台阶(minecraft:bamboo_slab)×3 + 竹块(minecraft:bamboo_block)×2,3.0,简单加工/无食物数据,1,万花筒烹饪,1.0,原料成本×1.0～1.2，铜币档,,
1,T1·简餐基础,T1菜池,分档菜池,白桦木餐桌,kaleidoscope_cookery:table_birch,,,,2,2,0,0,工作台,table_birch.json,白桦木台阶(minecraft:birch_slab)×3 + 白桦木栅栏(minecraft:birch_fence)×2,3.0,简单加工/无食物数据,1,万花筒烹饪,1.0,原料成本×1.0～1.2，铜币档,,
1,T1·简餐基础,T1菜池,分档菜池,樱花木餐桌,kaleidoscope_cookery:table_cherry,,,,2,2,0,0,工作台,table_cherry.json,樱花木台阶(minecraft:cherry_slab)×3 + 樱花木栅栏(minecraft:cherry_fence)×2,3.0,简单加工/无食物数据,1,万花筒烹饪,1.0,原料成本×1.0～1.2，铜币档,,
1,T1·简餐基础,T1菜池,分档菜池,绯红木餐桌,kaleidoscope_cookery:table_crimson,,,,2,2,0,0,工作台,table_crimson.json,绯红木台阶(minecraft:crimson_slab)×3 + 绯红木栅栏(minecraft:crimson_fence)×2,3.0,简单加工/无食物数据,1,万花筒烹饪,1.0,原料成本×1.0～1.2，铜币档,,
1,T1·简餐基础,T1菜池,分档菜池,深色橡木餐桌,kaleidoscope_cookery:table_dark_oak,,,,2,2,0,0,工作台,table_dark_oak.json,深色橡木台阶(minecraft:dark_oak_slab)×3 + 深色橡木栅栏(minecraft:dark_oak_fence)×2,3.0,简单加工/无食物数据,1,万花筒烹饪,1.0,原料成本×1.0～1.2，铜币档,,
1,T1·简餐基础,T1菜池,分档菜池,丛林木餐桌,kaleidoscope_cookery:table_jungle,,,,2,2,0,0,工作台,table_jungle.json,丛林木台阶(minecraft:jungle_slab)×3 + 丛林木栅栏(minecraft:jungle_fence)×2,3.0,简单加工/无食物数据,1,万花筒烹饪,1.0,原料成本×1.0～1.2，铜币档,,
1,T1·简餐基础,T1菜池,分档菜池,红树木餐桌,kaleidoscope_cookery:table_mangrove,,,,2,2,0,0,工作台,table_mangrove.json,红树木台阶(minecraft:mangrove_slab)×3 + 红树木栅栏(minecraft:mangrove_fence)×2,3.0,简单加工/无食物数据,1,万花筒烹饪,1.0,原料成本×1.0～1.2，铜币档,,
1,T1·简餐基础,T1菜池,分档菜池,橡木餐桌,kaleidoscope_cookery:table_oak,,,,2,2,0,0,工作台,table_oak.json,橡木台阶(minecraft:oak_slab)×3 + 橡木栅栏(minecraft:oak_fence)×2,3.0,简单加工/无食物数据,1,万花筒烹饪,1.0,原料成本×1.0～1.2，铜币档,,
1,T1·简餐基础,T1菜池,分档菜池,云杉木餐桌,kaleidoscope_cookery:table_spruce,,,,2,2,0,0,工作台,table_spruce.json,云杉木台阶(minecraft:spruce_slab)×3 + 云杉木栅栏(minecraft:spruce_fence)×2,3.0,简单加工/无食物数据,1,万花筒烹饪,1.0,原料成本×1.0～1.2，铜币档,,
1,T1·简餐基础,T1菜池,分档菜池,诡异木餐桌,kaleidoscope_cookery:table_warped,,,,2,2,0,0,工作台,table_warped.json,诡异木台阶(minecraft:warped_slab)×3 + 诡异木栅栏(minecraft:warped_fence)×2,3.0,简单加工/无食物数据,1,万花筒烹饪,1.0,原料成本×1.0～1.2，铜币档,,
1,T1·简餐基础,T1菜池,非通用烤熟类,茶壶,kaleidoscope_cookery:teapot,,,,2,2,0,0,工作台,teapot.json,铜锭(#c:ingots/copper)×6 + 桶(minecraft:bucket),3.0,简单加工/无食物数据,1,万花筒烹饪,1.0,原料成本×1.0～1.2，铜币档,,
1,T1·简餐基础,通用池,非食用,番茄拼盘,kaleidoscope_cookery:tomato_platter,,,,2,6,0,0,工作台,tomato_platter.json,番茄(kaleidoscope_cookery:tomato) + 番茄(kaleidoscope_cookery:tomato) + 番茄(kaleidoscope_cookery:tomato) + 番茄(kaleidoscope_cookery:tomato) + 番茄(kaleidoscope_cookery:tomato) + 碗(minecraft:bowl),3.0,简单加工/无食物数据,1,万花筒烹饪,1.0,原料成本×1.0～1.2，铜币档,food_common_objs,34
1,T1·简餐基础,T1菜池,分档菜池,垃圾桶,kaleidoscope_cookery:trash_can,,,,2,2,0,0,工作台,trash_can.json,铁锭(#c:ingots/iron)×8 + 堆肥桶(minecraft:composter),3.0,简单加工/无食物数据,1,万花筒烹饪,1.0,原料成本×1.0～1.2，铜币档,,
1,T1·简餐基础,通用池,分档菜池,西瓜拼盘,kaleidoscope_cookery:watermelon_platter,,,,2,4,0,0,工作台,watermelon_platter.json,西瓜片(minecraft:melon_slice) + 西瓜片(minecraft:melon_slice) + 西瓜片(minecraft:melon_slice) + 碗(minecraft:bowl),3.0,简单加工/无食物数据,1,万花筒烹饪,1.0,原料成本×1.0～1.2，铜币档,food_common_objs,12
1,T1·简餐基础,T2菜池,非通用烤熟类,一盘粽子,kaleidoscope_cookery:zongzi_plate,,,,2,5,0,0,工作台,zongzi_plate.json,熟粽子(kaleidoscope_cookery:zongzi) + 熟粽子(kaleidoscope_cookery:zongzi) + 熟粽子(kaleidoscope_cookery:zongzi) + 熟粽子(kaleidoscope_cookery:zongzi) + 碗(minecraft:bowl),3.0,简单加工/无食物数据,1,万花筒烹饪,1.0,原料成本×1.0～1.2，铜币档,food_t2_objs,66
1,T1·简餐基础,T1菜池,分档菜池,书,minecraft:book,,,,2,4,0,0,工作台,book_from_canvas.json,纸(minecraft:paper) + 纸(minecraft:paper) + 纸(minecraft:paper) + 粗布(farmersdelight:canvas),3.0,简单加工/无食物数据,1,农夫乐事,1.0,原料成本×1.0～1.2，铜币档,,
1,T1·简餐基础,T1菜池,分档菜池,奶桶,minecraft:milk_bucket,,,,2,5,0,0,工作台,milk_bucket_from_bottles.json,桶(minecraft:bucket) + 奶瓶(farmersdelight:milk_bottle) + 奶瓶(farmersdelight:milk_bottle) + 奶瓶(farmersdelight:milk_bottle) + 奶瓶(farmersdelight:milk_bottle),3.0,简单加工/无食物数据,1,农夫乐事,1.0,原料成本×1.0～1.2，铜币档,,
1,T1·简餐基础,T1菜池,分档菜池,蘑菇煲,minecraft:mushroom_stew,,,,2,2,0,0,"厨锅(烹饪锅,置于炉灶上)",cooking/mushroom_stew.json,棕色蘑菇(minecraft:brown_mushroom) + 红色蘑菇(minecraft:red_mushroom),3.0,简单加工/无食物数据,1,农夫乐事,1.0,原料成本×1.0～1.2，铜币档,,
1,T1·简餐基础,T1菜池,分档菜池,泥坯,minecraft:packed_mud,,,,2,3,0,0,工作台,packed_mud_from_straw.json,草秆(farmersdelight:straw) + 泥巴(minecraft:mud) + 泥巴(minecraft:mud),3.0,简单加工/无食物数据,1,农夫乐事,1.0,原料成本×1.0～1.2，铜币档,,
1,T1·简餐基础,T1菜池,分档菜池,画,minecraft:painting,,,,2,2,0,0,工作台,painting_from_canvas.json,木棍(minecraft:stick)×8 + 粗布(farmersdelight:canvas),3.0,简单加工/无食物数据,1,农夫乐事,1.0,原料成本×1.0～1.2，铜币档,,
1,T1·简餐基础,T1菜池,分档菜池,脚手架,minecraft:scaffolding,,,,2,2,0,0,工作台,scaffolding_from_canvas.json,竹子(minecraft:bamboo)×6 + 粗布(farmersdelight:canvas),3.0,简单加工/无食物数据,1,农夫乐事,1.0,原料成本×1.0～1.2，铜币档,,
1,T1·简餐基础,通用池,非通用烤熟类,苹果派切片,farmersdelight:apple_pie_slice,,,,1,1,0,0,菜板,chopping_board/add/apple_pie_slice.json,苹果派(farmersdelight:apple_pie),1.5,简单加工/无食物数据,2,农夫乐事(万花筒机器),1.0,原料成本×1.0～1.2，铜币档,food_common_objs,9
1,T1·简餐基础,排除,非食用,箱装甜菜根,farmersdelight:beetroot_crate,,,,1,1,0,0,工作台,beetroot_crate.json,甜菜根(minecraft:beetroot)×9,1.5,简单加工/无食物数据,1,农夫乐事,1.0,原料成本×1.0～1.2，铜币档,,
1,T1·简餐基础,排除,非食用,箱装卷心菜,farmersdelight:cabbage_crate,,,,1,1,0,0,工作台,cabbage_crate.json,卷心菜(farmersdelight:cabbage)×9,1.5,简单加工/无食物数据,1,农夫乐事,1.0,原料成本×1.0～1.2，铜币档,,
1,T1·简餐基础,排除,非食用,粗布,farmersdelight:canvas,,,,1,1,0,0,工作台,canvas.json,草秆(farmersdelight:straw)×4,1.5,简单加工/无食物数据,2,农夫乐事,1.0,原料成本×1.0～1.2，铜币档,,
1,T1·简餐基础,排除,非食用,粗布毯,farmersdelight:canvas_rug,,,,1,1,0,0,工作台,canvas_rug.json,粗布(farmersdelight:canvas),1.5,简单加工/无食物数据,1,农夫乐事,1.0,原料成本×1.0～1.2，铜币档,,
1,T1·简餐基础,排除,非食用,箱装胡萝卜,farmersdelight:carrot_crate,,,,1,1,0,0,工作台,carrot_crate.json,胡萝卜(minecraft:carrot)×9,1.5,简单加工/无食物数据,1,农夫乐事,1.0,原料成本×1.0～1.2，铜币档,,
1,T1·简餐基础,通用池,非通用烤熟类,巧克力派切片,farmersdelight:chocolate_pie_slice,,,,1,1,0,0,菜板,chopping_board/add/chocolate_pie_slice.json,巧克力派(farmersdelight:chocolate_pie),1.5,简单加工/无食物数据,2,农夫乐事(万花筒机器),1.0,原料成本×1.0～1.2，铜币档,food_common_objs,10
1,T1·简餐基础,排除,非食用,长榻榻米垫,farmersdelight:full_tatami_mat,,,,1,1,0,0,工作台,full_tatami_mat.json,榻榻米方块(farmersdelight:tatami),1.5,简单加工/无食物数据,2,农夫乐事,1.0,原料成本×1.0～1.2，铜币档,,
1,T1·简餐基础,排除,非食用,短榻榻米垫,farmersdelight:half_tatami_mat,,,,1,1,0,0,工作台,half_tatami_mat.json,长榻榻米垫(farmersdelight:full_tatami_mat),1.5,简单加工/无食物数据,1,农夫乐事,1.0,原料成本×1.0～1.2，铜币档,,
1,T1·简餐基础,排除,非食用,箱装洋葱,farmersdelight:onion_crate,,,,1,1,0,0,工作台,onion_crate.json,洋葱(farmersdelight:onion)×9,1.5,简单加工/无食物数据,1,农夫乐事,1.0,原料成本×1.0～1.2，铜币档,,
1,T1·简餐基础,排除,非食用,箱装马铃薯,farmersdelight:potato_crate,,,,1,1,0,0,工作台,potato_crate.json,马铃薯(minecraft:potato)×9,1.5,简单加工/无食物数据,1,农夫乐事,1.0,原料成本×1.0～1.2，铜币档,,
1,T1·简餐基础,通用池,非通用烤熟类,南瓜派切片,farmersdelight:pumpkin_pie_slice,,,,1,1,0,1,砧板,cutting/pumpkin_pie.json,南瓜派(minecraft:pumpkin_pie),1.5,简单加工/无食物数据,1,农夫乐事,1.0,原料成本×1.0～1.2，铜币档,food_common_objs,9
1,T1·简餐基础,T1菜池,非通用烤熟类,袋装稻米,farmersdelight:rice_bag,,,,1,1,0,0,工作台,rice_bag.json,稻米(kaleidoscope_cookery:rice)×9,1.5,简单加工/无食物数据,1,农夫乐事,1.0,原料成本×1.0～1.2，铜币档,,
1,T1·简餐基础,T1菜池,非通用烤熟类,稻穗捆,farmersdelight:rice_bale,,,,1,1,0,0,工作台,rice_bale.json,稻穗(kaleidoscope_cookery:rice_panicle)×9,1.5,简单加工/无食物数据,1,农夫乐事,1.0,原料成本×1.0～1.2，铜币档,,
1,T1·简餐基础,排除,非食用,绳子,farmersdelight:rope,,,,1,1,0,0,工作台,rope.json,草秆(farmersdelight:straw)×2,1.5,简单加工/无食物数据,2,农夫乐事,1.0,原料成本×1.0～1.2，铜币档,,
1,T1·简餐基础,排除,非食用,安全网,farmersdelight:safety_net,,,,1,1,0,0,工作台,safety_net.json,绳子(farmersdelight:rope)×4,1.5,简单加工/无食物数据,1,农夫乐事,1.0,原料成本×1.0～1.2，铜币档,,
1,T1·简餐基础,T1菜池,分档菜池,草秆,farmersdelight:straw,,,,1,1,0,0,工作台,straw.json,草捆(farmersdelight:straw_bale),1.5,简单加工/无食物数据,6,农夫乐事,1.0,原料成本×1.0～1.2，铜币档,,
1,T1·简餐基础,T1菜池,非通用烤熟类,草捆,farmersdelight:straw_bale,,,,1,1,0,0,工作台,straw_bale.json,草秆(farmersdelight:straw)×9,1.5,简单加工/无食物数据,1,农夫乐事,1.0,原料成本×1.0～1.2，铜币档,,
1,T1·简餐基础,通用池,非通用烤熟类,甜浆果芝士派切片,farmersdelight:sweet_berry_cheesecake_slice,,,,1,1,0,1,菜板,chopping_board/add/sweet_berry_cheesecake_slice.json,甜浆果芝士派(farmersdelight:sweet_berry_cheesecake),1.5,简单加工/无食物数据,2,农夫乐事(万花筒机器),1.0,原料成本×1.0～1.2，铜币档,food_common_objs,10
1,T1·简餐基础,排除,非食用,箱装番茄,farmersdelight:tomato_crate,,,,1,1,0,0,工作台,tomato_crate.json,番茄(kaleidoscope_cookery:tomato)×9,1.5,简单加工/无食物数据,1,农夫乐事,1.0,原料成本×1.0～1.2，铜币档,,
1,T1·简餐基础,排除,非食用,去皮丛林木,farmersdelight:tree_bark,,,,1,1,0,0,砧板,cutting/jungle_wood.json,丛林木(minecraft:jungle_wood),1.5,简单加工/无食物数据,20,农夫乐事,1.0,原料成本×1.0～1.2，铜币档,,
1,T1·简餐基础,通用池,非通用烤熟类,大麦茶,kaleidoscope_cookery:barley_tea,,,,1,1,0,0,茶壶,teapot/barley_tea.json,小麦种子(minecraft:wheat_seeds),1.5,简单加工/无食物数据,1,万花筒烹饪,1.0,原料成本×1.0～1.2，铜币档,food_common_objs,10
1,T1·简餐基础,T1菜池,分档菜池,碧螺春,kaleidoscope_cookery:biluochun,,,,1,1,0,0,茶壶,teapot/biluochun.json,鹦鹉螺壳(minecraft:nautilus_shell),1.5,简单加工/无食物数据,1,万花筒烹饪,1.0,原料成本×1.0～1.2，铜币档,,
1,T1·简餐基础,T1菜池,非通用烤熟类,辣椒串串,kaleidoscope_cookery:chili_ristra,,,,1,1,0,0,工作台,chili_ristra.json,红辣椒(kaleidoscope_cookery:red_chili)×6,1.5,简单加工/无食物数据,1,万花筒烹饪,1.0,原料成本×1.0～1.2，铜币档,,
1,T1·简餐基础,T1菜池,分档菜池,菜板,kaleidoscope_cookery:chopping_board,,,,1,1,0,0,工作台,chopping_board.json,木压力板(#minecraft:wooden_pressure_plates)×6,1.5,简单加工/无食物数据,1,万花筒烹饪,1.0,原料成本×1.0～1.2，铜币档,,
1,T1·简餐基础,T1菜池,非通用烤熟类,空茶杯,kaleidoscope_cookery:empty_cup,,,,1,1,0,0,工作台,empty_cup.json,花盆(minecraft:flower_pot),1.5,简单加工/无食物数据,1,万花筒烹饪,1.0,原料成本×1.0～1.2，铜币档,,
1,T1·简餐基础,T1菜池,分档菜池,面粉,kaleidoscope_cookery:flour,,,,1,1,0,0,石磨,millstone/flour_from_wheat.json,小麦(minecraft:wheat),1.5,简单加工/无食物数据,1,万花筒烹饪,1.0,原料成本×1.0～1.2，铜币档,,
1,T1·简餐基础,通用池,非通用烤熟类,花茶,kaleidoscope_cookery:flower_tea,,,,1,1,0,0,茶壶,teapot/flower_tea.json,小花(#minecraft:small_flowers),1.5,简单加工/无食物数据,1,万花筒烹饪,1.0,原料成本×1.0～1.2，铜币档,food_common_objs,12
1,T1·简餐基础,T1菜池,分档菜池,油脂,kaleidoscope_cookery:oil,,,,1,1,0,0,石磨,millstone/oil_from_seeds.json,种子(#c:seeds),1.5,简单加工/无食物数据,2,万花筒烹饪,1.0,原料成本×1.0～1.2，铜币档,,
1,T1·简餐基础,T1菜池,分档菜池,油脂块,kaleidoscope_cookery:oil_block,,,,1,1,0,1,工作台,oil_block.json,油脂(kaleidoscope_cookery:oil)×9,1.5,简单加工/无食物数据,1,万花筒烹饪,1.0,原料成本×1.0～1.2，铜币档,,
1,T1·简餐基础,T1菜池,分档菜池,炒锅,kaleidoscope_cookery:pot,,,,1,1,0,0,工作台,pot.json,铁锭(#c:ingots/iron)×7,1.5,简单加工/无食物数据,1,万花筒烹饪,1.0,原料成本×1.0～1.2，铜币档,,
1,T1·简餐基础,T1菜池,非通用烤熟类,生面条,kaleidoscope_cookery:raw_noodles,,,,1,1,0,1,菜板,chopping_board/raw_noodles_from_raw_dough.json,面团(#c:dough),1.5,简单加工/无食物数据,1,万花筒烹饪,1.0,原料成本×1.0～1.2，铜币档,,
1,T1·简餐基础,T1菜池,分档菜池,模组占位物品,kaleidoscope_cookery:recipe_item,,,,1,1,0,0,工作台,recipe_item.json,纸(minecraft:paper)×4,1.5,简单加工/无食物数据,1,万花筒烹饪,1.0,原料成本×1.0～1.2，铜币档,,
1,T1·简餐基础,T1菜池,分档菜池,稻米,kaleidoscope_cookery:rice,,,,1,1,0,0,石磨,millstone/rice_from_rice_panicle.json,稻穗(kaleidoscope_cookery:rice_panicle),1.5,简单加工/无食物数据,2,万花筒烹饪,1.0,原料成本×1.0～1.2，铜币档,,
1,T1·简餐基础,T1菜池,分档菜池,稻穗,kaleidoscope_cookery:rice_panicle,,,,1,1,0,0,工作台,rice_panicle.json,稻穗捆(farmersdelight:rice_bale),1.5,简单加工/无食物数据,2,农夫乐事,1.0,原料成本×1.0～1.2，铜币档,,
1,T1·简餐基础,T1菜池,分档菜池,樱吹雪,kaleidoscope_cookery:sakura_fubuki,,,,1,1,0,0,茶壶,teapot/sakura_fubuki.json,粉红色花瓣(minecraft:pink_petals),1.5,简单加工/无食物数据,1,万花筒烹饪,1.0,原料成本×1.0～1.2，铜币档,,
1,T1·简餐基础,T1菜池,非通用烤熟类,稻草捆,kaleidoscope_cookery:straw_block,,,,1,1,0,0,工作台,straw_block.json,稻穗(kaleidoscope_cookery:rice_panicle)×9,1.5,简单加工/无食物数据,1,万花筒烹饪,1.0,原料成本×1.0～1.2，铜币档,,
1,T1·简餐基础,T1菜池,非通用烤熟类,蘑菇串串,kaleidoscope_cookery:strung_mushrooms,,,,1,1,0,0,工作台,strung_mushrooms.json,棕色蘑菇(minecraft:brown_mushroom)×6,1.5,简单加工/无食物数据,1,万花筒烹饪,1.0,原料成本×1.0～1.2，铜币档,,
1,T1·简餐基础,T1菜池,分档菜池,铁观音,kaleidoscope_cookery:tieguanyin,,,,1,1,0,0,茶壶,teapot/tieguanyin.json,铁粒(minecraft:iron_nugget),1.5,简单加工/无食物数据,1,万花筒烹饪,1.0,原料成本×1.0～1.2，铜币档,,
1,T1·简餐基础,排除,非食用,番茄种子,kaleidoscope_cookery:tomato_seed,,,,1,1,0,0,工作台,tomato_seeds.json,烂番茄(farmersdelight:rotten_tomato),1.5,简单加工/无食物数据,2,农夫乐事,1.0,原料成本×1.0～1.2，铜币档,,
1,T1·简餐基础,T1菜池,分档菜池,金合欢木板,minecraft:acacia_planks,,,,1,1,0,0,砧板,salvaging/acacia_furniture.json,任选其一:[金合欢木门(minecraft:acacia_door) | 金合欢木活板门(minecraft:acacia_trapdoor) | 金合欢木告示牌(minecraft:acacia_sign) | 金合欢木悬挂牌(minecraft:acacia_hanging_sign) | 金合欢木栅栏(minecraft:acacia_fence) | 金合欢木栅栏门(minecraft:acacia_fence_gate) | 金合欢木压力板(minecraft:acacia_pressure_plate) | 金合欢木按钮(minecraft:acacia_button) | 金合欢木船(minecraft:acacia_boat) | 金合欢木橱柜(farmersdelight:acacia_cabinet)],1.5,简单加工/无食物数据,1,农夫乐事,1.0,原料成本×1.0～1.2，铜币档,,
1,T1·简餐基础,通用池,简单烤熟/一步加工,烤马铃薯,minecraft:baked_potato,,,,1,1,0,0,炒锅(置于炉灶上),pot/potato_to_baked_potato_1.json,马铃薯(minecraft:potato),1.5,简单加工/无食物数据,9,万花筒烹饪,1.0,原料成本×1.0～1.2，铜币档,food_common_objs,5
1,T1·简餐基础,T1菜池,分档菜池,粗布,minecraft:bamboo,,,,1,1,0,0,砧板,cutting/bamboo_basket.json,竹篮(farmersdelight:bamboo_basket),1.5,简单加工/无食物数据,1,农夫乐事,1.0,原料成本×1.0～1.2，铜币档,,
1,T1·简餐基础,T1菜池,分档菜池,竹板,minecraft:bamboo_planks,,,,1,1,0,0,砧板,salvaging/bamboo_furniture.json,任选其一:[竹门(minecraft:bamboo_door) | 竹活板门(minecraft:bamboo_trapdoor) | 竹告示牌(minecraft:bamboo_sign) | 竹悬挂牌(minecraft:bamboo_hanging_sign) | 竹栅栏(minecraft:bamboo_fence) | 竹栅栏门(minecraft:bamboo_fence_gate) | 竹压力板(minecraft:bamboo_pressure_plate) | 竹按钮(minecraft:bamboo_button) | 竹竹筏(minecraft:bamboo_raft) | 竹橱柜(farmersdelight:bamboo_cabinet)],1.5,简单加工/无食物数据,1,农夫乐事,1.0,原料成本×1.0～1.2，铜币档,,
1,T1·简餐基础,T1菜池,分档菜池,甜菜根,minecraft:beetroot,,,,1,1,0,0,工作台,beetroot_from_crate.json,箱装甜菜根(farmersdelight:beetroot_crate),1.5,简单加工/无食物数据,1,农夫乐事,1.0,原料成本×1.0～1.2，铜币档,,
1,T1·简餐基础,T1菜池,非通用烤熟类,甜菜汤,minecraft:beetroot_soup,,,,1,3,0,0,"厨锅(烹饪锅,置于炉灶上)",cooking/beetroot_soup.json,甜菜根(#c:crops/beetroot) + 甜菜根(#c:crops/beetroot) + 甜菜根(#c:crops/beetroot),1.5,简单加工/无食物数据,1,农夫乐事,1.0,原料成本×1.0～1.2，铜币档,,
1,T1·简餐基础,T1菜池,分档菜池,白桦木板,minecraft:birch_planks,,,,1,1,0,0,砧板,salvaging/birch_furniture.json,任选其一:[白桦木门(minecraft:birch_door) | 白桦木活板门(minecraft:birch_trapdoor) | 白桦木告示牌(minecraft:birch_sign) | 白桦木悬挂牌(minecraft:birch_hanging_sign) | 白桦木栅栏(minecraft:birch_fence) | 白桦木栅栏门(minecraft:birch_fence_gate) | 白桦木压力板(minecraft:birch_pressure_plate) | 白桦木按钮(minecraft:birch_button) | 白桦木船(minecraft:birch_boat) | 白桦木橱柜(farmersdelight:birch_cabinet)],1.5,简单加工/无食物数据,1,农夫乐事,1.0,原料成本×1.0～1.2，铜币档,,
1,T1·简餐基础,T1菜池,分档菜池,蓝色染料,minecraft:blue_dye,,,,1,1,0,0,石磨,millstone/blue_dye_from_cornflower.json,矢车菊(minecraft:cornflower),1.5,简单加工/无食物数据,2,万花筒烹饪,1.0,原料成本×1.0～1.2，铜币档,,
1,T1·简餐基础,T1菜池,分档菜池,骨头,minecraft:bone,,,,1,1,0,0,菜板,chopping_board/bone_from_cod.json,熟鳕鱼(minecraft:cooked_cod),1.5,简单加工/无食物数据,4,万花筒烹饪,1.0,原料成本×1.0～1.2，铜币档,,
1,T1·简餐基础,T1菜池,分档菜池,骨粉,minecraft:bone_meal,,,,1,1,0,0,石磨,millstone/bone_meal_from_bone.json,骨头(minecraft:bone),1.5,简单加工/无食物数据,7,万花筒烹饪,1.0,原料成本×1.0～1.2，铜币档,,
1,T1·简餐基础,T1菜池,分档菜池,红砖,minecraft:brick,,,,1,1,0,0,砧板,salvaging/bricks.json,红砖块(minecraft:bricks),1.5,简单加工/无食物数据,1,农夫乐事,1.0,原料成本×1.0～1.2，铜币档,,
1,T1·简餐基础,T1菜池,分档菜池,棕色蘑菇,minecraft:brown_mushroom,,,,1,1,0,0,砧板,cutting/brown_mushroom_colony.json,棕色蘑菇菌落(farmersdelight:brown_mushroom_colony),1.5,简单加工/无食物数据,1,农夫乐事,1.0,原料成本×1.0～1.2，铜币档,,
1,T1·简餐基础,T1菜池,非通用烤熟类,胡萝卜,minecraft:carrot,,,,1,1,0,0,工作台,carrot_from_crate.json,箱装胡萝卜(farmersdelight:carrot_crate),1.5,简单加工/无食物数据,1,农夫乐事,1.0,原料成本×1.0～1.2，铜币档,,
1,T1·简餐基础,T1菜池,分档菜池,樱花木板,minecraft:cherry_planks,,,,1,1,0,0,砧板,salvaging/cherry_furniture.json,任选其一:[樱花木门(minecraft:cherry_door) | 樱花木活板门(minecraft:cherry_trapdoor) | 樱花木告示牌(minecraft:cherry_sign) | 樱花木悬挂牌(minecraft:cherry_hanging_sign) | 樱花木栅栏(minecraft:cherry_fence) | 樱花木栅栏门(minecraft:cherry_fence_gate) | 樱花木压力板(minecraft:cherry_pressure_plate) | 樱花木按钮(minecraft:cherry_button) | 樱花木船(minecraft:cherry_boat) | 樱花木橱柜(farmersdelight:cherry_cabinet)],1.5,简单加工/无食物数据,1,农夫乐事,1.0,原料成本×1.0～1.2，铜币档,,
1,T1·简餐基础,T1菜池,分档菜池,丛林木船,minecraft:chest,,,,1,1,0,0,砧板,salvaging/jungle_chest_boat.json,丛林木储物船(minecraft:jungle_chest_boat),1.5,简单加工/无食物数据,10,农夫乐事,1.0,原料成本×1.0～1.2，铜币档,,
1,T1·简餐基础,T1菜池,分档菜池,黏土球,minecraft:clay_ball,,,,1,1,0,0,砧板,cutting/clay.json,黏土块(minecraft:clay),1.5,简单加工/无食物数据,1,农夫乐事,1.0,原料成本×1.0～1.2，铜币档,,
1,T1·简餐基础,T1菜池,分档菜池,煤炭,minecraft:coal,,,,1,1,0,0,石磨,millstone/coal_from_coal_ore.json,煤矿石(minecraft:coal_ore),1.5,简单加工/无食物数据,2,万花筒烹饪,1.0,原料成本×1.0～1.2，铜币档,,
1,T1·简餐基础,T1菜池,分档菜池,深板岩圆石,minecraft:cobbled_deepslate,,,,1,1,0,0,砧板,salvaging/deepslate.json,深板岩(minecraft:deepslate),1.5,简单加工/无食物数据,1,农夫乐事,1.0,原料成本×1.0～1.2，铜币档,,
1,T1·简餐基础,T1菜池,分档菜池,圆石,minecraft:cobblestone,,,,1,1,0,0,石磨,millstone/cobblestone_from_stone.json,石头(minecraft:stone),1.5,简单加工/无食物数据,2,万花筒烹饪,1.0,原料成本×1.0～1.2，铜币档,,
1,T1·简餐基础,通用池,简单烤熟/一步加工,牛排,minecraft:cooked_beef,,,,1,1,0,0,炒锅(置于炉灶上),pot/beef_to_cooked_beef_1.json,生牛肉(minecraft:beef),1.5,简单加工/无食物数据,9,万花筒烹饪,1.0,原料成本×1.0～1.2，铜币档,food_common_objs,11
1,T1·简餐基础,通用池,简单烤熟/一步加工,熟鸡肉,minecraft:cooked_chicken,,,,1,1,0,0,炒锅(置于炉灶上),pot/chicken_to_cooked_chicken_1.json,生鸡肉(minecraft:chicken),1.5,简单加工/无食物数据,9,万花筒烹饪,1.0,原料成本×1.0～1.2，铜币档,food_common_objs,8
1,T1·简餐基础,通用池,简单烤熟/一步加工,熟鳕鱼,minecraft:cooked_cod,,,,1,1,0,0,炒锅(置于炉灶上),pot/cod_to_cooked_cod_1.json,生鳕鱼(minecraft:cod),1.5,简单加工/无食物数据,9,万花筒烹饪,1.0,原料成本×1.0～1.2，铜币档,food_common_objs,8
1,T1·简餐基础,通用池,简单烤熟/一步加工,熟羊肉,minecraft:cooked_mutton,,,,1,1,0,0,炒锅(置于炉灶上),pot/mutton_to_cooked_mutton_1.json,生羊肉(minecraft:mutton),1.5,简单加工/无食物数据,9,万花筒烹饪,1.0,原料成本×1.0～1.2，铜币档,food_common_objs,17
1,T1·简餐基础,通用池,简单烤熟/一步加工,熟猪排,minecraft:cooked_porkchop,,,,1,1,0,0,炒锅(置于炉灶上),pot/porkchop_to_cooked_porkchop_1.json,生猪排(minecraft:porkchop),1.5,简单加工/无食物数据,9,万花筒烹饪,1.0,原料成本×1.0～1.2，铜币档,food_common_objs,17
1,T1·简餐基础,通用池,简单烤熟/一步加工,熟兔肉,minecraft:cooked_rabbit,,,,1,1,0,0,炒锅(置于炉灶上),pot/rabbit_to_cooked_rabbit_1.json,生兔肉(minecraft:rabbit),1.5,简单加工/无食物数据,9,万花筒烹饪,1.0,原料成本×1.0～1.2，铜币档,food_common_objs,14
1,T1·简餐基础,通用池,简单烤熟/一步加工,熟鲑鱼,minecraft:cooked_salmon,,,,1,1,0,0,炒锅(置于炉灶上),pot/salmon_to_cooked_salmon_1.json,生鲑鱼(minecraft:salmon),1.5,简单加工/无食物数据,9,万花筒烹饪,1.0,原料成本×1.0～1.2，铜币档,food_common_objs,9
1,T1·简餐基础,T1菜池,分档菜池,绯红木板,minecraft:crimson_planks,,,,1,1,0,0,砧板,salvaging/crimson_furniture.json,任选其一:[绯红木门(minecraft:crimson_door) | 绯红木活板门(minecraft:crimson_trapdoor) | 绯红木告示牌(minecraft:crimson_sign) | 绯红木悬挂牌(minecraft:crimson_hanging_sign) | 绯红木栅栏(minecraft:crimson_fence) | 绯红木栅栏门(minecraft:crimson_fence_gate) | 绯红木压力板(minecraft:crimson_pressure_plate) | 绯红木按钮(minecraft:crimson_button) | 绯红木橱柜(farmersdelight:crimson_cabinet)],1.5,简单加工/无食物数据,1,农夫乐事,1.0,原料成本×1.0～1.2，铜币档,,
1,T1·简餐基础,T1菜池,分档菜池,青色染料,minecraft:cyan_dye,,,,1,1,0,0,石磨,millstone/cyan_dye_from_pitcher_plant.json,瓶子草(minecraft:pitcher_plant),1.5,简单加工/无食物数据,1,万花筒烹饪,1.0,原料成本×1.0～1.2，铜币档,,
1,T1·简餐基础,T1菜池,分档菜池,深色橡木木板,minecraft:dark_oak_planks,,,,1,1,0,0,砧板,salvaging/dark_oak_furniture.json,任选其一:[深色橡木门(minecraft:dark_oak_door) | 深色橡木活板门(minecraft:dark_oak_trapdoor) | 深色橡木告示牌(minecraft:dark_oak_sign) | 深色橡木悬挂牌(minecraft:dark_oak_hanging_sign) | 深色橡木栅栏(minecraft:dark_oak_fence) | 深色橡木栅栏门(minecraft:dark_oak_fence_gate) | 深色橡木压力板(minecraft:dark_oak_pressure_plate) | 深色橡木按钮(minecraft:dark_oak_button) | 深色橡木船(minecraft:dark_oak_boat) | 深色橡木橱柜(farmersdelight:dark_oak_cabinet)],1.5,简单加工/无食物数据,1,农夫乐事,1.0,原料成本×1.0～1.2，铜币档,,
1,T1·简餐基础,通用池,简单烤熟/一步加工,干海带,minecraft:dried_kelp,,,,1,1,0,0,炒锅(置于炉灶上),pot/kelp_to_dried_kelp_1.json,海带(minecraft:kelp),1.5,简单加工/无食物数据,9,万花筒烹饪,1.0,原料成本×1.0～1.2，铜币档,food_common_objs,3
1,T1·简餐基础,T1菜池,分档菜池,绿宝石,minecraft:emerald,,,,1,1,0,0,石磨,millstone/emerald_from_deepslate_emerald_ore.json,深层绿宝石矿石(minecraft:deepslate_emerald_ore),1.5,简单加工/无食物数据,2,万花筒烹饪,1.0,原料成本×1.0～1.2，铜币档,,
1,T1·简餐基础,T1菜池,分档菜池,砂砾,minecraft:flint,,,,1,1,0,0,砧板,cutting/gravel.json,砂砾(minecraft:gravel),1.5,简单加工/无食物数据,1,农夫乐事,1.0,原料成本×1.0～1.2，铜币档,,
1,T1·简餐基础,T1菜池,分档菜池,矿车,minecraft:furnace,,,,1,1,0,0,砧板,salvaging/furnace_minecart.json,动力矿车(minecraft:furnace_minecart),1.5,简单加工/无食物数据,1,农夫乐事,1.0,原料成本×1.0～1.2，铜币档,,
1,T1·简餐基础,T1菜池,分档菜池,金粒,minecraft:gold_nugget,,,,1,1,0,0,石磨,millstone/gold_nugget_from_gilded_blackstone.json,镶金黑石(minecraft:gilded_blackstone),1.5,简单加工/无食物数据,4,万花筒烹饪,1.0,原料成本×1.0～1.2，铜币档,,
1,T1·简餐基础,T1菜池,分档菜池,绿色染料,minecraft:green_dye,,,,1,1,0,0,石磨,millstone/green_dye_from_cactus.json,仙人掌(minecraft:cactus),1.5,简单加工/无食物数据,5,万花筒烹饪,1.0,原料成本×1.0～1.2，铜币档,,
1,T1·简餐基础,T1菜池,分档菜池,火药,minecraft:gunpowder,,,,1,1,0,0,石磨,millstone/gunpowder_from_flint.json,燧石(minecraft:flint),1.5,简单加工/无食物数据,1,万花筒烹饪,1.0,原料成本×1.0～1.2，铜币档,,
1,T1·简餐基础,T1菜池,分档菜池,矿车,minecraft:hopper,,,,1,1,0,0,砧板,salvaging/hopper_minecart.json,漏斗矿车(minecraft:hopper_minecart),1.5,简单加工/无食物数据,1,农夫乐事,1.0,原料成本×1.0～1.2，铜币档,,
1,T1·简餐基础,T1菜池,分档菜池,皮革,minecraft:iron_nugget,,,,1,1,0,0,砧板,salvaging/saddle.json,鞍(minecraft:saddle),1.5,简单加工/无食物数据,3,农夫乐事,1.0,原料成本×1.0～1.2，铜币档,,
1,T1·简餐基础,T1菜池,分档菜池,丛林木板,minecraft:jungle_planks,,,,1,1,0,0,砧板,salvaging/jungle_furniture.json,任选其一:[丛林木门(minecraft:jungle_door) | 丛林木活板门(minecraft:jungle_trapdoor) | 丛林木告示牌(minecraft:jungle_sign) | 丛林木悬挂牌(minecraft:jungle_hanging_sign) | 丛林木栅栏(minecraft:jungle_fence) | 丛林木栅栏门(minecraft:jungle_fence_gate) | 丛林木压力板(minecraft:jungle_pressure_plate) | 丛林木按钮(minecraft:jungle_button) | 丛林木船(minecraft:jungle_boat) | 丛林木橱柜(farmersdelight:jungle_cabinet)],1.5,简单加工/无食物数据,1,农夫乐事,1.0,原料成本×1.0～1.2，铜币档,,
1,T1·简餐基础,T1菜池,分档菜池,青金石,minecraft:lapis_lazuli,,,,1,1,0,0,石磨,millstone/lapis_lazuli_from_deepslate_lapis_ore.json,深层青金石矿石(minecraft:deepslate_lapis_ore),1.5,简单加工/无食物数据,2,万花筒烹饪,1.0,原料成本×1.0～1.2，铜币档,,
1,T1·简餐基础,T1菜池,分档菜池,拴绳,minecraft:lead,,,,1,1,0,0,工作台,lead_from_straw.json,草秆(farmersdelight:straw)×5,1.5,简单加工/无食物数据,1,农夫乐事,1.0,原料成本×1.0～1.2，铜币档,,
1,T1·简餐基础,T1菜池,分档菜池,皮革,minecraft:leather,,,,1,1,0,0,砧板,salvaging/leather_armor.json,任选其一:[皮革头盔(minecraft:leather_helmet) | 皮革胸甲(minecraft:leather_chestplate) | 皮革护腿(minecraft:leather_leggings) | 皮革靴(minecraft:leather_boots)],1.5,简单加工/无食物数据,2,农夫乐事,1.0,原料成本×1.0～1.2，铜币档,,
1,T1·简餐基础,T1菜池,分档菜池,淡蓝色染料,minecraft:light_blue_dye,,,,1,1,0,0,石磨,millstone/light_blue_dye_from_blue_orchid.json,兰花(minecraft:blue_orchid),1.5,简单加工/无食物数据,2,万花筒烹饪,1.0,原料成本×1.0～1.2，铜币档,,
1,T1·简餐基础,T1菜池,分档菜池,淡灰色染料,minecraft:light_gray_dye,,,,1,1,0,0,石磨,millstone/light_gray_dye_from_azure_bluet.json,蓝花美耳草(minecraft:azure_bluet),1.5,简单加工/无食物数据,6,万花筒烹饪,1.0,原料成本×1.0～1.2，铜币档,,
1,T1·简餐基础,T1菜池,非通用烤熟类,洋葱,minecraft:lime_dye,,,,1,1,0,0,砧板,cutting/wild_onions.json,野生洋葱(farmersdelight:wild_onions),1.5,简单加工/无食物数据,4,农夫乐事,1.0,原料成本×1.0～1.2，铜币档,,
1,T1·简餐基础,T1菜池,分档菜池,品红色染料,minecraft:magenta_dye,,,,1,1,0,0,石磨,millstone/magenta_dye_from_allium.json,绒球葱(minecraft:allium),1.5,简单加工/无食物数据,3,万花筒烹饪,1.0,原料成本×1.0～1.2，铜币档,,
1,T1·简餐基础,T1菜池,分档菜池,红树木板,minecraft:mangrove_planks,,,,1,1,0,0,砧板,salvaging/mangrove_furniture.json,任选其一:[红树木门(minecraft:mangrove_door) | 红树木活板门(minecraft:mangrove_trapdoor) | 红树木告示牌(minecraft:mangrove_sign) | 红树木悬挂牌(minecraft:mangrove_hanging_sign) | 红树木栅栏(minecraft:mangrove_fence) | 红树木栅栏门(minecraft:mangrove_fence_gate) | 红树木压力板(minecraft:mangrove_pressure_plate) | 红树木按钮(minecraft:mangrove_button) | 红树木船(minecraft:mangrove_boat) | 红树木橱柜(farmersdelight:mangrove_cabinet)],1.5,简单加工/无食物数据,1,农夫乐事,1.0,原料成本×1.0～1.2，铜币档,,
1,T1·简餐基础,T1菜池,分档菜池,西瓜片,minecraft:melon_slice,,,,1,1,0,0,砧板,cutting/melon.json,西瓜(minecraft:melon),1.5,简单加工/无食物数据,1,农夫乐事,1.0,原料成本×1.0～1.2，铜币档,,
1,T1·简餐基础,排除,非食用,下界砖,minecraft:nether_brick,,,,1,1,0,0,砧板,salvaging/nether_bricks.json,下界砖块(minecraft:nether_bricks),1.5,简单加工/无食物数据,1,农夫乐事,1.0,原料成本×1.0～1.2，铜币档,,
1,T1·简餐基础,T1菜池,分档菜池,橡木木板,minecraft:oak_planks,,,,1,1,0,0,砧板,salvaging/oak_furniture.json,任选其一:[橡木门(minecraft:oak_door) | 橡木活板门(minecraft:oak_trapdoor) | 橡木告示牌(minecraft:oak_sign) | 橡木悬挂牌(minecraft:oak_hanging_sign) | 橡木栅栏(minecraft:oak_fence) | 橡木栅栏门(minecraft:oak_fence_gate) | 橡木压力板(minecraft:oak_pressure_plate) | 橡木按钮(minecraft:oak_button) | 橡木船(minecraft:oak_boat) | 橡木橱柜(farmersdelight:oak_cabinet)],1.5,简单加工/无食物数据,1,农夫乐事,1.0,原料成本×1.0～1.2，铜币档,,
1,T1·简餐基础,T1菜池,分档菜池,橙色染料,minecraft:orange_dye,,,,1,1,0,0,石磨,millstone/orange_dye_from_orange_tulip.json,橙色郁金香(minecraft:orange_tulip),1.5,简单加工/无食物数据,4,万花筒烹饪,1.0,原料成本×1.0～1.2，铜币档,,
1,T1·简餐基础,T1菜池,分档菜池,纸,minecraft:paper,,,,1,3,0,0,工作台,paper_from_tree_bark.json,树皮(farmersdelight:tree_bark) + 树皮(farmersdelight:tree_bark) + 树皮(farmersdelight:tree_bark),1.5,简单加工/无食物数据,1,农夫乐事,1.0,原料成本×1.0～1.2，铜币档,,
1,T1·简餐基础,T1菜池,分档菜池,粉红色染料,minecraft:pink_dye,,,,1,1,0,0,石磨,millstone/pink_dye_from_peony.json,牡丹(minecraft:peony),1.5,简单加工/无食物数据,4,万花筒烹饪,1.0,原料成本×1.0～1.2，铜币档,,
1,T1·简餐基础,T1菜池,分档菜池,磨制安山岩,minecraft:polished_andesite,,,,1,1,0,0,石磨,millstone/polished_andesite_from_andesite.json,安山岩(minecraft:andesite),1.5,简单加工/无食物数据,1,万花筒烹饪,1.0,原料成本×1.0～1.2，铜币档,,
1,T1·简餐基础,T1菜池,分档菜池,磨制玄武岩,minecraft:polished_basalt,,,,1,1,0,0,石磨,millstone/polished_basalt_from_basalt.json,玄武岩(minecraft:basalt),1.5,简单加工/无食物数据,2,万花筒烹饪,1.0,原料成本×1.0～1.2，铜币档,,
1,T1·简餐基础,T1菜池,分档菜池,磨制黑石,minecraft:polished_blackstone,,,,1,1,0,0,石磨,millstone/polished_blackstone_from_blackstone.json,黑石(minecraft:blackstone),1.5,简单加工/无食物数据,1,万花筒烹饪,1.0,原料成本×1.0～1.2，铜币档,,
1,T1·简餐基础,T1菜池,分档菜池,磨制深板岩,minecraft:polished_deepslate,,,,1,1,0,0,石磨,millstone/polished_deepslate_from_cobbled_deepslate.json,深板岩圆石(minecraft:cobbled_deepslate),1.5,简单加工/无食物数据,2,万花筒烹饪,1.0,原料成本×1.0～1.2，铜币档,,
1,T1·简餐基础,T1菜池,分档菜池,磨制闪长岩,minecraft:polished_diorite,,,,1,1,0,0,石磨,millstone/polished_diorite_from_diorite.json,闪长岩(minecraft:diorite),1.5,简单加工/无食物数据,1,万花筒烹饪,1.0,原料成本×1.0～1.2，铜币档,,
1,T1·简餐基础,T1菜池,分档菜池,磨制花岗岩,minecraft:polished_granite,,,,1,1,0,0,石磨,millstone/polished_granite_from_granite.json,花岗岩(minecraft:granite),1.5,简单加工/无食物数据,1,万花筒烹饪,1.0,原料成本×1.0～1.2，铜币档,,
1,T1·简餐基础,T1菜池,非通用烤熟类,马铃薯,minecraft:potato,,,,1,1,0,0,工作台,potato_from_crate.json,箱装马铃薯(farmersdelight:potato_crate),1.5,简单加工/无食物数据,1,农夫乐事,1.0,原料成本×1.0～1.2，铜币档,,
1,T1·简餐基础,T1菜池,分档菜池,南瓜,minecraft:pumpkin,,,,1,1,0,1,工作台,pumpkin_from_slices.json,南瓜片(farmersdelight:pumpkin_slice)×4,1.5,简单加工/无食物数据,1,农夫乐事,1.0,原料成本×1.0～1.2，铜币档,,
1,T1·简餐基础,T1菜池,分档菜池,南瓜种子,minecraft:pumpkin_seeds,,,,1,1,0,1,工作台,pumpkin_seeds_from_slice.json,南瓜片(farmersdelight:pumpkin_slice),1.5,简单加工/无食物数据,1,农夫乐事,1.0,原料成本×1.0～1.2，铜币档,,
1,T1·简餐基础,T1菜池,非通用烤熟类,马铃薯,minecraft:purple_dye,,,,1,1,0,0,砧板,cutting/wild_potatoes.json,野生马铃薯(farmersdelight:wild_potatoes),1.5,简单加工/无食物数据,1,农夫乐事,1.0,原料成本×1.0～1.2，铜币档,,
1,T1·简餐基础,T1菜池,分档菜池,下界石英,minecraft:quartz,,,,1,1,0,0,石磨,millstone/quartz_from_chiseled_quartz_block.json,錾制石英块(minecraft:chiseled_quartz_block),1.5,简单加工/无食物数据,7,万花筒烹饪,1.0,原料成本×1.0～1.2，铜币档,,
1,T1·简餐基础,T1菜池,分档菜池,粗铜,minecraft:raw_copper,,,,1,1,0,0,石磨,millstone/raw_copper_from_copper_ore.json,铜矿石(minecraft:copper_ore),1.5,简单加工/无食物数据,2,万花筒烹饪,1.0,原料成本×1.0～1.2，铜币档,,
1,T1·简餐基础,T1菜池,分档菜池,粗金,minecraft:raw_gold,,,,1,1,0,0,石磨,millstone/raw_gold_from_deepslate_gold_ore.json,深层金矿石(minecraft:deepslate_gold_ore),1.5,简单加工/无食物数据,2,万花筒烹饪,1.0,原料成本×1.0～1.2，铜币档,,
1,T1·简餐基础,T1菜池,分档菜池,粗铁,minecraft:raw_iron,,,,1,1,0,0,石磨,millstone/raw_iron_from_deepslate_iron_ore.json,深层铁矿石(minecraft:deepslate_iron_ore),1.5,简单加工/无食物数据,2,万花筒烹饪,1.0,原料成本×1.0～1.2，铜币档,,
1,T1·简餐基础,T1菜池,分档菜池,红色染料,minecraft:red_dye,,,,1,1,0,0,石磨,millstone/red_dye_from_beetroot.json,甜菜根(minecraft:beetroot),1.5,简单加工/无食物数据,8,万花筒烹饪,1.0,原料成本×1.0～1.2，铜币档,,
1,T1·简餐基础,T1菜池,分档菜池,红色蘑菇,minecraft:red_mushroom,,,,1,1,0,0,砧板,cutting/red_mushroom_colony.json,红色蘑菇菌落(farmersdelight:red_mushroom_colony),1.5,简单加工/无食物数据,1,农夫乐事,1.0,原料成本×1.0～1.2，铜币档,,
1,T1·简餐基础,T1菜池,分档菜池,红石粉,minecraft:redstone,,,,1,1,0,0,石磨,millstone/redstone_from_deepslate_redstone_ore.json,深层红石矿石(minecraft:deepslate_redstone_ore),1.5,简单加工/无食物数据,2,万花筒烹饪,1.0,原料成本×1.0～1.2，铜币档,,
1,T1·简餐基础,T1菜池,分档菜池,沙子,minecraft:sand,,,,1,1,0,0,石磨,millstone/sand_from_gravel.json,砂砾(#c:gravels),1.5,简单加工/无食物数据,1,万花筒烹饪,1.0,原料成本×1.0～1.2，铜币档,,
1,T1·简餐基础,T1菜池,分档菜池,平滑红砂岩,minecraft:smooth_red_sandstone,,,,1,1,0,0,石磨,millstone/smooth_red_sandstone_from_red_sand.json,红沙(#c:sands/red),1.5,简单加工/无食物数据,2,万花筒烹饪,1.0,原料成本×1.0～1.2，铜币档,,
1,T1·简餐基础,T1菜池,分档菜池,平滑砂岩,minecraft:smooth_sandstone,,,,1,1,0,0,石磨,millstone/smooth_sandstone_from_sand.json,沙子(#c:sands/colorless),1.5,简单加工/无食物数据,2,万花筒烹饪,1.0,原料成本×1.0～1.2，铜币档,,
1,T1·简餐基础,T1菜池,分档菜池,平滑石头,minecraft:smooth_stone,,,,1,1,0,0,石磨,millstone/smooth_stone_from_cobblestone.json,圆石(minecraft:cobblestone),1.5,简单加工/无食物数据,1,万花筒烹饪,1.0,原料成本×1.0～1.2，铜币档,,
1,T1·简餐基础,T1菜池,分档菜池,云杉木板,minecraft:spruce_planks,,,,1,1,0,0,砧板,salvaging/spruce_furniture.json,任选其一:[云杉木门(minecraft:spruce_door) | 云杉木活板门(minecraft:spruce_trapdoor) | 云杉木告示牌(minecraft:spruce_sign) | 云杉木悬挂牌(minecraft:spruce_hanging_sign) | 云杉木栅栏(minecraft:spruce_fence) | 云杉木栅栏门(minecraft:spruce_fence_gate) | 云杉木压力板(minecraft:spruce_pressure_plate) | 云杉木按钮(minecraft:spruce_button) | 云杉木船(minecraft:spruce_boat) | 云杉木橱柜(farmersdelight:spruce_cabinet)],1.5,简单加工/无食物数据,1,农夫乐事,1.0,原料成本×1.0～1.2，铜币档,,
1,T1·简餐基础,T1菜池,分档菜池,粗布,minecraft:stick,,,,1,1,0,0,砧板,cutting/wooden_basket.json,木篮(farmersdelight:wooden_basket),1.5,简单加工/无食物数据,1,农夫乐事,1.0,原料成本×1.0～1.2，铜币档,,
1,T1·简餐基础,T1菜池,分档菜池,线,minecraft:string,,,,1,1,0,0,石磨,millstone/string_from_black_wool.json,黑色羊毛(minecraft:black_wool),1.5,简单加工/无食物数据,16,万花筒烹饪,1.0,原料成本×1.0～1.2，铜币档,,
1,T1·简餐基础,T1菜池,分档菜池,矿车,minecraft:tnt,,,,1,1,0,0,砧板,salvaging/tnt_minecart.json,TNT 矿车(minecraft:tnt_minecart),1.5,简单加工/无食物数据,1,农夫乐事,1.0,原料成本×1.0～1.2，铜币档,,
1,T1·简餐基础,T1菜池,分档菜池,诡异木板,minecraft:warped_planks,,,,1,1,0,0,砧板,salvaging/warped_furniture.json,任选其一:[诡异木门(minecraft:warped_door) | 诡异木活板门(minecraft:warped_trapdoor) | 诡异木告示牌(minecraft:warped_sign) | 诡异木悬挂牌(minecraft:warped_hanging_sign) | 诡异木栅栏(minecraft:warped_fence) | 诡异木栅栏门(minecraft:warped_fence_gate) | 诡异木压力板(minecraft:warped_pressure_plate) | 诡异木按钮(minecraft:warped_button) | 诡异木橱柜(farmersdelight:warped_cabinet)],1.5,简单加工/无食物数据,1,农夫乐事,1.0,原料成本×1.0～1.2，铜币档,,
1,T1·简餐基础,T1菜池,分档菜池,白色染料,minecraft:white_dye,,,,1,1,0,0,石磨,millstone/white_dye_from_lily_of_the_valley.json,铃兰(minecraft:lily_of_the_valley),1.5,简单加工/无食物数据,3,万花筒烹饪,1.0,原料成本×1.0～1.2，铜币档,,
1,T1·简餐基础,T1菜池,分档菜池,黄色染料,minecraft:yellow_dye,,,,1,1,0,0,石磨,millstone/yellow_dye_from_dandelion.json,蒲公英(minecraft:dandelion),1.5,简单加工/无食物数据,5,万花筒烹饪,1.0,原料成本×1.0～1.2，铜币档,,
1,T1·简餐基础,T1菜池,分档菜池,{},{},,,,1,1,0,0,厨锅(分装机制),food_serving.json,{},1.5,简单加工/无食物数据,1,农夫乐事,1.0,原料成本×1.0～1.2，铜币档,,
2,T2·家常中档,T2菜池,分档菜池,牛排配马铃薯,farmersdelight:steak_and_potatoes,12.0,19.2,营养 3分,5,5,0,1,工作台,steak_and_potatoes.json,烤马铃薯(minecraft:baked_potato) + 牛排(minecraft:cooked_beef) + 碗(minecraft:bowl) + 洋葱(#c:crops/onion) + 米饭(kaleidoscope_cookery:cooked_rice),31.34,家常中档,1,农夫乐事,1.6,原料成本×1.5～1.8，铜/铁币,food_t2_objs,61
2,T2·家常中档,T2菜池,非通用烤熟类,汉堡包,farmersdelight:hamburger,11.0,17.6,,5,5,0,2,工作台,hamburger.json,面包(#c:foods/bread) + 牛肉饼(farmersdelight:beef_patty) + 绿叶菜(#c:foods/leafy_green) + 番茄(#c:crops/tomato) + 洋葱(#c:crops/onion),31.02,家常中档,1,农夫乐事,1.6,原料成本×1.5～1.8，铜/铁币,food_t2_objs,68
2,T2·家常中档,T2菜池,非通用烤熟类,水果沙拉,farmersdelight:fruit_salad,6.0,7.2,生命恢复 5秒,5,7,0,1,工作台,fruit_salad.json,苹果(minecraft:apple) + 西瓜片(minecraft:melon_slice) + 西瓜片(minecraft:melon_slice) + 浆果(#c:foods/berry) + 浆果(#c:foods/berry) + 南瓜片(farmersdelight:pumpkin_slice) + 碗(minecraft:bowl),29.94,家常中档,1,农夫乐事,1.6,原料成本×1.5～1.8，铜/铁币,food_t2_objs,70
2,T2·家常中档,T2菜池,分档菜池,羊排意面,farmersdelight:pasta_with_mutton_chop,12.0,19.2,营养 3分,3,3,0,2,"厨锅(烹饪锅,置于炉灶上)",cooking/pasta_with_mutton_chop.json,生羊肉(#c:foods/raw_mutton) + 意面(#c:foods/pasta) + 番茄酱(farmersdelight:tomato_sauce),28.84,家常中档,1,农夫乐事,1.6,原料成本×1.5～1.8，铜/铁币,food_t2_objs,63
2,T2·家常中档,T2菜池,分档菜池,培根三明治,farmersdelight:bacon_sandwich,10.0,16.0,,4,4,0,2,工作台,bacon_sandwich.json,面包(#c:foods/bread) + 熟培根(#c:foods/cooked_bacon) + 绿叶菜(#c:foods/leafy_green) + 番茄(#c:crops/tomato),27.2,家常中档,1,农夫乐事,1.6,原料成本×1.5～1.8，铜/铁币,food_t2_objs,57
2,T2·家常中档,T2菜池,分档菜池,鱼肉炖,farmersdelight:fish_stew,12.0,19.2,营养 3分,3,3,0,1,"厨锅(烹饪锅,置于炉灶上)",cooking/fish_stew.json,安全生鱼(不含河豚)(#c:foods/safe_raw_fish) + 番茄酱(farmersdelight:tomato_sauce) + 洋葱(#c:crops/onion),25.34,家常中档,1,农夫乐事,1.6,原料成本×1.5～1.8，铜/铁币,food_t2_objs,46
2,T2·家常中档,T2菜池,非通用烤熟类,洋葱汤,farmersdelight:onion_soup,12.0,19.2,营养 3分,3,4,0,1,"厨锅(烹饪锅,置于炉灶上)",cooking/onion_soup.json,洋葱(#c:crops/onion) + 洋葱(#c:crops/onion) + 面包(#c:foods/bread) + 奶(#c:drinks/milk),25.34,家常中档,1,农夫乐事,1.6,原料成本×1.5～1.8，铜/铁币,food_t2_objs,57
2,T2·家常中档,T2菜池,非通用烤熟类,鸡肉汤,farmersdelight:chicken_soup,12.0,19.2,营养 3分,4,4,0,0,"厨锅(烹饪锅,置于炉灶上)",cooking/chicken_soup.json,生鸡肉(#c:foods/raw_chicken) + 胡萝卜(#c:crops/carrot) + 绿叶菜(#c:foods/leafy_green) + 蔬菜(#c:foods/vegetable)(除西瓜片(minecraft:melon_slice)),24.84,家常中档,1,农夫乐事,1.6,原料成本×1.5～1.8，铜/铁币,food_t2_objs,44
2,T2·家常中档,T2菜池,分档菜池,炒饭,farmersdelight:fried_rice,12.0,19.2,营养 3分,4,4,0,0,炒锅(置于炉灶上),pot/modify/fried_rice.json,稻米(#c:crops/rice) + 蛋(#c:eggs) + 胡萝卜(#c:crops/carrot) + 洋葱(#c:crops/onion),24.84,家常中档,2,农夫乐事(万花筒机器),1.6,原料成本×1.5～1.8，铜/铁币,food_t2_objs,38
2,T2·家常中档,T2菜池,分档菜池,蘑菇饭,farmersdelight:mushroom_rice,12.0,19.2,营养 3分,4,4,0,0,"厨锅(烹饪锅,置于炉灶上)",cooking/mushroom_rice.json,棕色蘑菇(minecraft:brown_mushroom) + 红色蘑菇(minecraft:red_mushroom) + 稻米(#c:crops/rice) + 任选其一:[胡萝卜(minecraft:carrot) | 马铃薯(minecraft:potato)],24.84,家常中档,1,农夫乐事,1.6,原料成本×1.5～1.8，铜/铁币,food_t2_objs,37
2,T2·家常中档,T2菜池,非通用烤熟类,蔬菜汤,farmersdelight:vegetable_soup,12.0,19.2,营养 3分,4,4,0,0,"厨锅(烹饪锅,置于炉灶上)",cooking/vegetable_soup.json,胡萝卜(#c:crops/carrot) + 马铃薯(#c:crops/potato) + 甜菜根(#c:crops/beetroot) + 绿叶菜(#c:foods/leafy_green),24.84,家常中档,1,农夫乐事,1.6,原料成本×1.5～1.8，铜/铁币,food_t2_objs,37
2,T2·家常中档,T2菜池,分档菜池,乌冬面,kaleidoscope_cookery:udon_noodle,14.0,18.0,生机 8分,3,3,0,1,汤锅(灵活),flex_stockpot/udon_noodle.json,生菜(#c:crops/lettuce) + 蛋(#c:eggs) + 生面条(kaleidoscope_cookery:raw_noodles),24.6,家常中档,2,万花筒烹饪,1.6,原料成本×1.5～1.8，铜/铁币,food_t2_objs,40
2,T2·家常中档,T2菜池,非通用烤熟类,青椒炒肉盖饭,kaleidoscope_cookery:stir_fried_pork_with_peppers_rice_bowl,14.0,18.0,饱腹代偿 3分,1,1,0,1,盖饭(饭碗),stir_fried_pork_with_peppers_rice_bowl.json,青椒炒肉(kaleidoscope_cookery:stir_fried_pork_with_peppers),24.1,家常中档,1,万花筒烹饪,1.6,原料成本×1.5～1.8，铜/铁币,food_t2_objs,27
2,T2·家常中档,T2菜池,分档菜池,鸡肉三明治,farmersdelight:chicken_sandwich,10.0,16.0,,4,4,0,1,工作台,chicken_sandwich.json,面包(#c:foods/bread) + 熟鸡肉(#c:foods/cooked_chicken) + 绿叶菜(#c:foods/leafy_green) + 胡萝卜(#c:crops/carrot),23.7,家常中档,1,农夫乐事,1.6,原料成本×1.5～1.8，铜/铁币,food_t2_objs,48
2,T2·家常中档,T2菜池,分档菜池,羊肉卷饼,farmersdelight:mutton_wrap,10.0,16.0,,4,4,0,1,工作台,mutton_wrap.json,面包(#c:foods/bread) + 熟羊肉(#c:foods/cooked_mutton) + 绿叶菜(#c:foods/leafy_green) + 洋葱(#c:crops/onion),23.7,家常中档,1,农夫乐事,1.6,原料成本×1.5～1.8，铜/铁币,food_t2_objs,65
2,T2·家常中档,T2菜池,非通用烤熟类,混合沙拉,farmersdelight:mixed_salad,6.0,7.2,生命恢复 5秒,4,4,0,0,工作台,mixed_salad.json,绿叶菜(#c:foods/leafy_green) + 番茄(#c:crops/tomato) + 甜菜根(#c:crops/beetroot) + 碗(minecraft:bowl),23.44,家常中档,1,农夫乐事,1.6,原料成本×1.5～1.8，铜/铁币,food_t2_objs,43
2,T2·家常中档,T2菜池,分档菜池,拔丝土豆,kaleidoscope_cookery:candied_potato,20.0,22.0,温暖 1分20秒,2,2,0,0,炒锅(灵活),flex_pot/candied_potato.json,糖(minecraft:sugar) + 马铃薯(minecraft:potato),23.4,家常中档,2,万花筒烹饪,1.6,原料成本×1.5～1.8，铜/铁币,food_t2_objs,16
2,T2·家常中档,T2菜池,非通用烤熟类,海带寿司卷,farmersdelight:kelp_roll,12.0,288.0,,3,3,0,1,工作台,kelp_roll.json,米饭(kaleidoscope_cookery:cooked_rice)×2 + 胡萝卜(minecraft:carrot) + 干海带(minecraft:dried_kelp)×3,23.3,家常中档,1,农夫乐事,1.6,原料成本×1.5～1.8，铜/铁币,food_t2_objs,24
2,T2·家常中档,T2菜池,分档菜池,培根蛋,farmersdelight:bacon_and_eggs,10.0,12.0,营养 1分,3,5,0,1,工作台,bacon_and_eggs.json,熟培根(#c:foods/cooked_bacon) + 熟培根(#c:foods/cooked_bacon) + 碗(minecraft:bowl) + 熟蛋(#c:foods/cooked_egg) + 熟蛋(#c:foods/cooked_egg),22.9,家常中档,2,农夫乐事,1.6,原料成本×1.5～1.8，铜/铁币,food_t2_objs,80
2,T2·家常中档,T3菜池,非食用,下界风味刺身,kaleidoscope_cookery:nether_style_sashimi,16.0,6.0,芥末 5分,4,7,0,0,工作台,nether_style_sashimi.json,绯红菌(minecraft:crimson_fungus) + 诡异菌(minecraft:warped_fungus) + 刺身(kaleidoscope_cookery:sashimi) + 刺身(kaleidoscope_cookery:sashimi) + 刺身(kaleidoscope_cookery:sashimi) + 刺身(kaleidoscope_cookery:sashimi) + 碗(minecraft:bowl),22.7,家常中档,1,万花筒烹饪,1.6,原料成本×1.5～1.8，铜/铁币,food_t3_objs,120
2,T2·家常中档,T2菜池,分档菜池,椒麻鸡,kaleidoscope_cookery:numbing_spicy_chicken,13.0,16.0,抗火 2分,2,2,0,0,汤锅(灵活),flex_stockpot/numbing_spicy_chicken.json,辣椒(#c:crops/chilipepper) + 生鸡肉(#c:foods/raw_chicken),22.7,家常中档,2,万花筒烹饪,1.6,原料成本×1.5～1.8，铜/铁币,food_t2_objs,32
2,T2·家常中档,T2菜池,分档菜池,蔬菜杂烩,farmersdelight:ratatouille,10.0,12.0,营养 1分,4,4,0,0,"厨锅(烹饪锅,置于炉灶上)",cooking/ratatouille.json,番茄(#c:crops/tomato) + 洋葱(#c:crops/onion) + 甜菜根(#c:crops/beetroot) + 蔬菜(#c:foods/vegetable)(除西瓜片(minecraft:melon_slice)),22.4,家常中档,1,农夫乐事,1.6,原料成本×1.5～1.8，铜/铁币,food_t2_objs,52
2,T2·家常中档,T2菜池,非通用烤熟类,饺子,farmersdelight:dumplings,8.0,12.8,,4,4,0,1,"厨锅(烹饪锅,置于炉灶上)",cooking/dumplings.json,面团(#c:dough) + 卷心菜(#c:crops/cabbage) + 洋葱(#c:crops/onion) + 任选其一:[生鸡肉(#c:foods/raw_chicken) | 生猪排(#c:foods/raw_pork) | 生牛肉(#c:foods/raw_beef) | 棕色蘑菇(minecraft:brown_mushroom)],22.06,家常中档,1,农夫乐事,1.6,原料成本×1.5～1.8，铜/铁币,food_t2_objs,45
2,T2·家常中档,T2菜池,分档菜池,牛肉炖,farmersdelight:beef_stew,12.0,19.2,营养 3分,3,3,0,0,"厨锅(烹饪锅,置于炉灶上)",cooking/beef_stew.json,生牛肉(#c:foods/raw_beef) + 胡萝卜(#c:crops/carrot) + 马铃薯(#c:crops/potato),21.84,家常中档,1,农夫乐事,1.6,原料成本×1.5～1.8，铜/铁币,food_t2_objs,35
2,T2·家常中档,T2菜池,分档菜池,红烧排骨,kaleidoscope_cookery:braised_pork_ribs,16.0,25.6,温暖 1分20秒,2,2,0,0,炒锅(灵活),flex_pot/braised_pork_ribs.json,骨头(minecraft:bone) + 生猪排(#c:foods/raw_pork),21.8,家常中档,2,万花筒烹饪,1.6,原料成本×1.5～1.8，铜/铁币,food_t2_objs,35
2,T2·家常中档,T2菜池,分档菜池,牛肉面,kaleidoscope_cookery:beef_noodle,14.0,18.0,生机 8分,2,2,0,1,汤锅(灵活),flex_stockpot/beef_noodle.json,生牛肉(#c:foods/raw_beef) + 生面条(kaleidoscope_cookery:raw_noodles),21.6,家常中档,2,万花筒烹饪,1.6,原料成本×1.5～1.8，铜/铁币,food_t2_objs,40
2,T2·家常中档,T2菜池,分档菜池,热干面,kaleidoscope_cookery:hot_dry_noodles,14.0,18.0,生机 8分,2,2,0,1,汤锅(灵活),flex_stockpot/hot_dry_noodles.json,辣椒(#c:crops/chilipepper) + 生面条(kaleidoscope_cookery:raw_noodles),21.6,家常中档,2,万花筒烹饪,1.6,原料成本×1.5～1.8，铜/铁币,food_t2_objs,34
2,T2·家常中档,T2菜池,分档菜池,羊肉烩面,kaleidoscope_cookery:hui_noodle,14.0,18.0,生机 8分,2,2,0,1,汤锅(灵活),flex_stockpot/hui_noodle.json,生羊肉(#c:foods/raw_mutton) + 生面条(kaleidoscope_cookery:raw_noodles),21.6,家常中档,2,万花筒烹饪,1.6,原料成本×1.5～1.8，铜/铁币,food_t2_objs,49
2,T2·家常中档,T2菜池,包子链重算 unitWorth=25,包子,kaleidoscope_cookery:baozi,8.0,16.0,伤害吸收 1分20秒,1,1,0,1,蒸笼,steamer/baozi.json,裹馅面食(kaleidoscope_cookery:stuffed_dough_food),20.7,家常中档,1,万花筒烹饪,1.6,原料成本×1.5～1.8，铜/铁币,food_t2_objs,25
2,T2·家常中档,T2菜池,非通用烤熟类,红烧牛肉盖饭,kaleidoscope_cookery:braised_beef_rice_bowl,14.0,18.0,饱腹代偿 3分,1,1,0,0,盖饭(饭碗),braised_beef_rice_bowl.json,红烧牛肉(kaleidoscope_cookery:braised_beef),20.6,家常中档,1,万花筒烹饪,1.6,原料成本×1.5～1.8，铜/铁币,food_t2_objs,27
2,T2·家常中档,T2菜池,非通用烤熟类,鱼香肉丝盖饭,kaleidoscope_cookery:fish_flavored_shredded_pork_rice_bowl,14.0,18.0,饱腹代偿 3分,1,1,0,0,盖饭(饭碗),fish_flavored_shredded_pork_rice_bowl.json,鱼香肉丝(kaleidoscope_cookery:fish_flavored_shredded_pork),20.6,家常中档,1,万花筒烹饪,1.6,原料成本×1.5～1.8，铜/铁币,food_t2_objs,27
2,T2·家常中档,T2菜池,非食用,番茄炒蛋盖饭,kaleidoscope_cookery:scramble_egg_with_tomatoes_rice_bowl,14.0,18.0,饱腹代偿 3分,1,1,0,0,盖饭(饭碗),scramble_egg_with_tomatoes_rice_bowl.json,番茄炒蛋(kaleidoscope_cookery:scramble_egg_with_tomatoes),20.6,家常中档,1,万花筒烹饪,1.6,原料成本×1.5～1.8，铜/铁币,food_t2_objs,32
2,T2·家常中档,T2菜池,非通用烤熟类,糖醋里脊盖饭,kaleidoscope_cookery:sweet_and_sour_pork_rice_bowl,14.0,18.0,饱腹代偿 3分,1,1,0,0,盖饭(饭碗),sweet_and_sour_pork_rice_bowl.json,糖醋里脊(kaleidoscope_cookery:sweet_and_sour_pork),20.6,家常中档,1,万花筒烹饪,1.6,原料成本×1.5～1.8，铜/铁币,food_t2_objs,27
2,T2·家常中档,T2菜池,非通用烤熟类,棕蘑菇瓦罐汤,kaleidoscope_cookery:brown_mushroom_pot_soup,18.0,24.0,温暖 5分,1,1,0,0,汤锅(灵活),flex_stockpot/brown_mushroom_pot_soup.json,棕色蘑菇(minecraft:brown_mushroom),19.8,家常中档,2,万花筒烹饪,1.6,原料成本×1.5～1.8，铜/铁币,food_t2_objs,10
2,T2·家常中档,T2菜池,非通用烤熟类,红蘑菇瓦罐汤,kaleidoscope_cookery:red_mushroom_pot_soup,18.0,24.0,温暖 5分,1,1,0,0,汤锅(灵活),flex_stockpot/red_mushroom_pot_soup.json,红色蘑菇(minecraft:red_mushroom),19.8,家常中档,2,万花筒烹饪,1.6,原料成本×1.5～1.8，铜/铁币,food_t2_objs,10
2,T2·家常中档,T3菜池,分档菜池,寒带风味刺身,kaleidoscope_cookery:cold_style_sashimi,16.0,6.0,芥末 5分,3,8,0,0,工作台,cold_style_sashimi.json,雪球(minecraft:snowball) + 雪球(minecraft:snowball) + 雪球(minecraft:snowball) + 刺身(kaleidoscope_cookery:sashimi) + 刺身(kaleidoscope_cookery:sashimi) + 刺身(kaleidoscope_cookery:sashimi) + 刺身(kaleidoscope_cookery:sashimi) + 碗(minecraft:bowl),19.7,家常中档,1,万花筒烹饪,1.6,原料成本×1.5～1.8，铜/铁币,food_t3_objs,147
2,T2·家常中档,T3菜池,分档菜池,沙漠风味刺身,kaleidoscope_cookery:desert_style_sashimi,16.0,6.0,芥末 5分,3,7,0,0,工作台,desert_style_sashimi.json,仙人掌(minecraft:cactus) + 仙人掌(minecraft:cactus) + 刺身(kaleidoscope_cookery:sashimi) + 刺身(kaleidoscope_cookery:sashimi) + 刺身(kaleidoscope_cookery:sashimi) + 刺身(kaleidoscope_cookery:sashimi) + 碗(minecraft:bowl),19.7,家常中档,1,万花筒烹饪,1.6,原料成本×1.5～1.8，铜/铁币,food_t3_objs,118
2,T2·家常中档,T3菜池,分档菜池,苔原风味刺身,kaleidoscope_cookery:tundra_style_sashimi,16.0,6.0,芥末 5分,3,7,0,0,工作台,tundra_style_sashimi.json,花(#minecraft:flowers) + 花(#minecraft:flowers) + 刺身(kaleidoscope_cookery:sashimi) + 刺身(kaleidoscope_cookery:sashimi) + 刺身(kaleidoscope_cookery:sashimi) + 刺身(kaleidoscope_cookery:sashimi) + 碗(minecraft:bowl),19.7,家常中档,1,万花筒烹饪,1.6,原料成本×1.5～1.8，铜/铁币,food_t3_objs,132
2,T2·家常中档,T3菜池,非通用烤熟类,恐惧浓汤,kaleidoscope_cookery:fearsome_thick_soup,4.0,,硫磺 8分,2,2,1,0,汤锅(灵活),flex_stockpot/fearsome_thick_soup.json,腐肉(minecraft:rotten_flesh) + 幽匿块(minecraft:sculk),19.5,家常中档,2,万花筒烹饪,1.6,原料成本×1.5～1.8，铜/铁币,food_t3_objs,54
2,T2·家常中档,T2菜池,非通用烤熟类,四喜丸子汤,kaleidoscope_cookery:four_joy_meatball_soup,13.0,16.0,温暖 1分20秒,1,1,0,1,汤锅(灵活),flex_stockpot/four_joy_meatball_soup.json,生丸子(kaleidoscope_cookery:raw_meatball),19.2,家常中档,2,万花筒烹饪,1.6,原料成本×1.5～1.8，铜/铁币,food_t2_objs,23
2,T2·家常中档,T2菜池,分档菜池,烧烤串,farmersdelight:barbecue_stick,8.0,14.4,,4,4,0,0,工作台,barbecue_stick.json,番茄(#c:crops/tomato) + 洋葱(#c:crops/onion) + 熟肉(#c:foods/cooked_meat) + 木棍(minecraft:stick),18.88,家常中档,1,农夫乐事,1.6,原料成本×1.5～1.8，铜/铁币,food_t2_objs,35
2,T2·家常中档,T2菜池,分档菜池,冷肉炙,kaleidoscope_cookery:cold_roasted_meat,16.0,25.6,,2,4,0,0,工作台,cold_roasted_meat.json,牛排(minecraft:cooked_beef) + 牛排(minecraft:cooked_beef) + 牛排(minecraft:cooked_beef) + 碗(minecraft:bowl),18.8,家常中档,1,万花筒烹饪,1.6,原料成本×1.5～1.8，铜/铁币,food_t2_objs,63
2,T2·家常中档,T2菜池,分档菜池,油泼鱼,kaleidoscope_cookery:oil_splashed_fish,13.0,16.0,温暖 1分20秒,2,2,0,0,炒锅(灵活),flex_pot/oil_splashed_fish.json,生鱼(#c:raw_fishes) + 辣椒(#c:crops/chilipepper),18.7,家常中档,2,万花筒烹饪,1.6,原料成本×1.5～1.8，铜/铁币,food_t2_objs,27
2,T2·家常中档,T2菜池,分档菜池,麻辣兔头,kaleidoscope_cookery:spicy_rabbit_head,13.0,16.0,温暖 1分20秒,2,2,0,0,炒锅(灵活),flex_pot/spicy_rabbit_head.json,生兔肉(minecraft:rabbit) + 辣椒(#c:crops/chilipepper),18.7,家常中档,2,万花筒烹饪,1.6,原料成本×1.5～1.8，铜/铁币,food_t2_objs,37
2,T2·家常中档,T2菜池,分档菜池,虎皮青椒酿肉,kaleidoscope_cookery:stuffed_tiger_skin_pepper,13.0,16.0,温暖 1分20秒,2,2,0,0,炒锅(灵活),flex_pot/stuffed_tiger_skin_pepper.json,青辣椒(kaleidoscope_cookery:green_chili) + 生切制小肉(kaleidoscope_cookery:raw_cut_small_meats),18.7,家常中档,2,万花筒烹饪,1.6,原料成本×1.5～1.8，铜/铁币,food_t2_objs,33
2,T2·家常中档,T2菜池,分档菜池,发光浆果蛋奶沙司,farmersdelight:glow_berry_custard,7.0,8.4,发光 5秒,4,4,0,0,"厨锅(烹饪锅,置于炉灶上)",cooking/glow_berry_custard.json,发光浆果(minecraft:glow_berries) + 奶(#c:drinks/milk) + 蛋(#c:eggs) + 糖(minecraft:sugar),18.68,家常中档,1,农夫乐事,1.6,原料成本×1.5～1.8，铜/铁币,food_t2_objs,43
2,T2·家常中档,T2菜池,分档菜池,腊八粥,kaleidoscope_cookery:laba_congee,12.0,12.0,温暖 5分,2,2,0,0,汤锅(灵活),flex_stockpot/laba_congee.json,种子(#c:seeds) + 糖(minecraft:sugar),17.4,家常中档,2,万花筒烹饪,1.6,原料成本×1.5～1.8，铜/铁币,food_t2_objs,14
2,T2·家常中档,T2菜池,分档菜池,鱼香肉丝,kaleidoscope_cookery:fish_flavored_shredded_pork,9.0,11.0,活力 1分30秒,3,3,0,0,炒锅(灵活),flex_pot/fish_flavored_shredded_pork.json,生猪排(#c:foods/raw_pork) + 辣椒(#c:crops/chilipepper) + 蘑菇(#c:mushrooms),17.2,家常中档,2,万花筒烹饪,1.6,原料成本×1.5～1.8，铜/铁币,food_t2_objs,49
2,T2·家常中档,T2菜池,分档菜池,填馅马铃薯,farmersdelight:stuffed_potato,10.0,14.0,,3,3,0,0,工作台,stuffed_potato.json,烤马铃薯(minecraft:baked_potato) + 熟牛肉(#c:foods/cooked_beef) + 奶(#c:drinks/milk),16.8,家常中档,1,农夫乐事,1.6,原料成本×1.5～1.8，铜/铁币,food_t2_objs,38
2,T2·家常中档,T3菜池,分档菜池,紫颂果拼盘,kaleidoscope_cookery:chorus_fruit_platter,,,,2,6,1,0,工作台,chorus_fruit_platter.json,紫颂果(minecraft:chorus_fruit) + 紫颂果(minecraft:chorus_fruit) + 紫颂果(minecraft:chorus_fruit) + 紫颂果(minecraft:chorus_fruit) + 紫颂果(minecraft:chorus_fruit) + 碗(minecraft:bowl),16.0,家常中档,1,万花筒烹饪,1.6,原料成本×1.5～1.8，铜/铁币,food_t3_objs,108
2,T2·家常中档,T2菜池,非通用烤熟类,生竹筒饭,kaleidoscope_cookery:raw_bamboo_tube_rice,10.0,10.0,,3,3,0,0,工作台,raw_bamboo_tube_rice.json,竹子(minecraft:bamboo) + 稻米(#c:grain/rice) + 生肉(#c:raw_meats),16.0,家常中档,1,万花筒烹饪,1.6,原料成本×1.5～1.8，铜/铁币,,
2,T2·家常中档,T2菜池,分档菜池,嬗变饭袋,kaleidoscope_cookery:transmutation_lunch_bag,,,,2,2,1,0,工作台,transmutation_lunch_bag.json,皮革(minecraft:leather)×6 + 下界之星(minecraft:nether_star),16.0,家常中档,1,万花筒烹饪,1.6,原料成本×1.5～1.8，铜/铁币,,
2,T2·家常中档,T2菜池,分档菜池,熟粽子,kaleidoscope_cookery:zongzi,8.0,10.0,生命恢复 20秒,1,1,0,0,汤锅(盖盖煮制),stockpot/zongzi_count_1.json,生粽子(kaleidoscope_cookery:raw_zongzi),16.0,家常中档,9,万花筒烹饪,1.6,原料成本×1.5～1.8，铜/铁币,food_t2_objs,15
2,T2·家常中档,通用池,简单烤熟/一步加工,烟熏火腿,farmersdelight:smoked_ham,10.0,16.0,,1,1,0,1,烟熏炉,smoked_ham.json,火腿(farmersdelight:ham),14.7,家常中档,1,农夫乐事,1.6,原料成本×1.5～1.8，铜/铁币,food_common_objs,29
2,T2·家常中档,T2菜池,分档菜池,狗粮,farmersdelight:dog_food,4.0,1.6,,4,4,0,0,"厨锅(烹饪锅,置于炉灶上)",cooking/dog_food.json,腐肉(minecraft:rotten_flesh) + 骨粉(minecraft:bone_meal) + 生肉(#c:foods/raw_meat) + 稻米(#c:crops/rice),14.32,家常中档,1,农夫乐事,1.6,原料成本×1.5～1.8，铜/铁币,,
2,T2·家常中档,T2菜池,分档菜池,红烧牛肉,kaleidoscope_cookery:braised_beef,9.0,11.0,活力 1分30秒,2,2,0,0,炒锅(灵活),flex_pot/braised_beef.json,生牛肉(#c:foods/raw_beef) + 辣椒(#c:crops/chilipepper),14.2,家常中档,2,万花筒烹饪,1.6,原料成本×1.5～1.8，铜/铁币,food_t2_objs,31
2,T2·家常中档,T2菜池,非食用,番茄炒蛋,kaleidoscope_cookery:scramble_egg_with_tomatoes,9.0,11.0,活力 1分30秒,2,2,0,0,炒锅(灵活),flex_pot/scramble_egg_with_tomatoes.json,蛋(#c:eggs) + 番茄(#c:crops/tomato),14.2,家常中档,2,万花筒烹饪,1.6,原料成本×1.5～1.8，铜/铁币,food_t2_objs,22
2,T2·家常中档,T2菜池,分档菜池,青椒炒肉,kaleidoscope_cookery:stir_fried_pork_with_peppers,9.0,11.0,活力 1分30秒,2,2,0,0,炒锅(灵活),flex_pot/stir_fried_pork_with_peppers.json,生猪排(#c:foods/raw_pork) + 辣椒(#c:crops/chilipepper),14.2,家常中档,2,万花筒烹饪,1.6,原料成本×1.5～1.8，铜/铁币,food_t2_objs,40
2,T2·家常中档,T2菜池,分档菜池,糖醋里脊,kaleidoscope_cookery:sweet_and_sour_pork,9.0,11.0,活力 1分30秒,2,2,0,0,炒锅(灵活),flex_pot/sweet_and_sour_pork.json,生猪排(#c:foods/raw_pork) + 糖(minecraft:sugar),14.2,家常中档,2,万花筒烹饪,1.6,原料成本×1.5～1.8，铜/铁币,food_t2_objs,34
2,T2·家常中档,排除,非食用,下界沙拉,farmersdelight:nether_salad,5.0,4.0,反胃 12秒(30%),3,3,0,0,工作台,nether_salad.json,绯红菌(minecraft:crimson_fungus) + 诡异菌(minecraft:warped_fungus) + 碗(minecraft:bowl),13.8,家常中档,1,农夫乐事,1.6,原料成本×1.5～1.8，铜/铁币,,
2,T2·家常中档,T2菜池,分档菜池,苹果酒,farmersdelight:apple_cider,,,伤害吸收 1分,2,3,0,0,"厨锅(烹饪锅,置于炉灶上)",cooking/apple_cider.json,苹果(minecraft:apple) + 苹果(minecraft:apple) + 糖(minecraft:sugar),13.0,家常中档,1,农夫乐事,1.6,原料成本×1.5～1.8，铜/铁币,food_t2_objs,36
,排除（稀有探索材料）,排除,龙息价格未稳定，不进常驻收购,乌龙茶,kaleidoscope_cookery:oolong,,,,1,1,1,0,茶壶,teapot/oolong.json,龙息(minecraft:dragon_breath),13.0,家常中档,1,万花筒烹饪,1.6,原料成本×1.5～1.8，铜/铁币,,
2,T2·家常中档,T2菜池,分档菜池,紫水晶碎片,minecraft:amethyst_shard,,,,1,1,1,0,石磨,millstone/amethyst_shard_from_amethyst_block.json,紫水晶块(minecraft:amethyst_block),13.0,家常中档,2,万花筒烹饪,1.6,原料成本×1.5～1.8，铜/铁币,,
2,T2·家常中档,T2菜池,分档菜池,黑色染料,minecraft:black_dye,,,,1,1,1,0,石磨,millstone/black_dye_from_wither_rose.json,凋灵玫瑰(minecraft:wither_rose),13.0,家常中档,3,万花筒烹饪,1.6,原料成本×1.5～1.8，铜/铁币,,
2,T2·家常中档,T2菜池,分档菜池,钻石,minecraft:diamond,,,,1,1,1,0,石磨,millstone/diamond_from_deepslate_diamond_ore.json,深层钻石矿石(minecraft:deepslate_diamond_ore),13.0,家常中档,2,万花筒烹饪,1.6,原料成本×1.5～1.8，铜/铁币,,
2,T2·家常中档,T2菜池,分档菜池,爆裂紫颂果,minecraft:popped_chorus_fruit,,,,1,1,1,0,炒锅(置于炉灶上),pot/chorus_fruit_to_popped_chorus_fruit_1.json,紫颂果(minecraft:chorus_fruit),13.0,家常中档,9,万花筒烹饪,1.6,原料成本×1.5～1.8，铜/铁币,,
3,T3·名菜高档,T3菜池,高档菜,黄金沙拉,kaleidoscope_cookery:golden_salad,20.0,22.0,抗性提升 1分40秒、生命恢复 10秒,4,7,1,0,工作台,golden_salad.json,金苹果(minecraft:golden_apple) + 金苹果(minecraft:golden_apple) + 金胡萝卜(minecraft:golden_carrot) + 金胡萝卜(minecraft:golden_carrot) + 闪烁的西瓜片(minecraft:glistering_melon_slice) + 闪烁的西瓜片(minecraft:glistering_melon_slice) + 碗(minecraft:bowl),43.4,含稀有原料且有饱食,1,万花筒烹饪,2.4,原料成本×2.2～3.0，铁/金币，可绑声望,food_t3_objs,524
3,T3·名菜高档,T3菜池,高档菜,佛跳墙,kaleidoscope_cookery:buddha_jumps_over_the_wall,20.0,22.0,饱腹代偿 3分,3,3,1,0,汤锅(灵活),flex_stockpot/buddha_jumps_over_the_wall.json,蛋(#c:eggs) + 幻翼膜(minecraft:phantom_membrane) + 生菜(#c:crops/lettuce),40.4,含稀有原料且有饱食,2,万花筒烹饪,2.4,原料成本×2.2～3.0，铁/金币，可绑声望,food_t3_objs,133
3,T3·名菜高档,T3菜池,高档菜,烤羊排,farmersdelight:roasted_mutton_chops,14.0,21.0,营养 5分,5,5,0,2,工作台,roasted_mutton_chops.json,熟羊排(kaleidoscope_cookery:cooked_lamb_chops) + 甜菜根(minecraft:beetroot) + 碗(minecraft:bowl) + 米饭(kaleidoscope_cookery:cooked_rice) + 番茄(#c:crops/tomato),36.2,复杂家常顶级,1,农夫乐事,2.4,原料成本×2.2～3.0，铁/金币，可绑声望,food_t3_objs,91
3,T3·名菜高档,T3菜池,高档菜,毛血旺,kaleidoscope_cookery:spicy_blood_stew,13.0,16.0,抗火 1分20秒,3,3,1,0,汤锅(灵活),flex_stockpot/spicy_blood_stew.json,生猪排(#c:foods/raw_pork) + 辣椒(#c:crops/chilipepper) + 烈焰粉(minecraft:blaze_powder),35.7,含稀有原料且有饱食,2,万花筒烹饪,2.4,原料成本×2.2～3.0，铁/金币，可绑声望,food_t3_objs,156
3,T3·名菜高档,T3菜池,高档菜,蔬菜面,farmersdelight:vegetable_noodles,14.0,21.0,营养 5分,5,5,0,1,"厨锅(烹饪锅,置于炉灶上)",cooking/vegetable_noodles.json,胡萝卜(#c:crops/carrot) + 蘑菇(#c:mushrooms) + 意面(#c:foods/pasta) + 绿叶菜(#c:foods/leafy_green) + 蔬菜(#c:foods/vegetable)(除西瓜片(minecraft:melon_slice)),32.7,复杂家常顶级,1,农夫乐事,2.4,原料成本×2.2～3.0，铁/金币，可绑声望,food_t3_objs,82
3,T3·名菜高档,T3菜池,高档菜,烈焰羊排,kaleidoscope_cookery:blaze_lamb_chop,13.0,16.0,抗火 1分20秒,2,2,1,0,炒锅(灵活),flex_pot/blaze_lamb_chop.json,烈焰粉(minecraft:blaze_powder) + 生羊肉(#c:foods/raw_mutton),32.7,含稀有原料且有饱食,2,万花筒烹饪,2.4,原料成本×2.2～3.0，铁/金币，可绑声望,food_t3_objs,133
3,T3·名菜高档,T3菜池,高档菜,水晶羊排,kaleidoscope_cookery:crystal_lamb_chop,13.0,16.0,急迫2 5分,2,2,1,0,炒锅(灵活),flex_pot/crystal_lamb_chop.json,紫水晶碎片(minecraft:amethyst_shard) + 生羊肉(#c:foods/raw_mutton),32.7,含稀有原料且有饱食,2,万花筒烹饪,2.4,原料成本×2.2～3.0，铁/金币，可绑声望,food_t3_objs,110
3,T3·名菜高档,T3菜池,高档菜,肉丸意面,farmersdelight:pasta_with_meatballs,12.0,19.2,营养 3分,3,3,0,3,"厨锅(烹饪锅,置于炉灶上)",cooking/pasta_with_meatballs.json,牛肉馅(farmersdelight:minced_beef) + 意面(#c:foods/pasta) + 番茄酱(farmersdelight:tomato_sauce),32.34,综合分高档,1,农夫乐事,2.4,原料成本×2.2～3.0，铁/金币，可绑声望,food_t3_objs,82
3,T3·名菜高档,T3菜池,高档菜,炸春卷,kaleidoscope_cookery:fried_spring_roll,13.0,16.0,温暖 1分20秒,3,3,1,0,炒锅(灵活),flex_pot/fried_spring_roll.json,幻翼膜(minecraft:phantom_membrane) + 生猪排(#c:foods/raw_pork) + 蘑菇(#c:mushrooms),31.7,含稀有原料且有饱食,2,万花筒烹饪,2.4,原料成本×2.2～3.0，铁/金币，可绑声望,food_t3_objs,141
3,T3·名菜高档,T3菜池,高档菜,翻糖派,kaleidoscope_cookery:fondant_pie,20.0,22.0,饱腹代偿 1分20秒,2,2,0,1,炒锅(灵活),flex_pot/fondant_pie.json,糖(minecraft:sugar) + 南瓜派(minecraft:pumpkin_pie),30.9,强增益+高饱食,2,万花筒烹饪,2.4,原料成本×2.2～3.0，铁/金币，可绑声望,food_t3_objs,113
3,T3·名菜高档,T3菜池,高档菜,面条汤,farmersdelight:noodle_soup,14.0,21.0,营养 5分,4,4,0,1,"厨锅(烹饪锅,置于炉灶上)",cooking/noodle_soup.json,意面(#c:foods/pasta) + 蛋(#c:eggs) + 干海带(minecraft:dried_kelp) + 生猪排(#c:foods/raw_pork),29.7,复杂家常顶级,1,农夫乐事,2.4,原料成本×2.2～3.0，铁/金币，可绑声望,food_t3_objs,88
3,T3·名菜高档,T3菜池,高档菜,南瓜汤,farmersdelight:pumpkin_soup,14.0,21.0,营养 5分,4,4,0,1,"厨锅(烹饪锅,置于炉灶上)",cooking/pumpkin_soup.json,南瓜片(farmersdelight:pumpkin_slice) + 绿叶菜(#c:foods/leafy_green) + 生猪排(#c:foods/raw_pork) + 奶(#c:drinks/milk),29.7,复杂家常顶级,2,农夫乐事,2.4,原料成本×2.2～3.0，铁/金币，可绑声望,food_t3_objs,85
3,T3·名菜高档,T3菜池,高档菜,鱿鱼墨面,farmersdelight:squid_ink_pasta,14.0,21.0,营养 5分,4,4,0,1,"厨锅(烹饪锅,置于炉灶上)",cooking/squid_ink_pasta.json,安全生鱼(不含河豚)(#c:foods/safe_raw_fish) + 意面(#c:foods/pasta) + 番茄(#c:crops/tomato) + 墨囊(minecraft:ink_sac),29.7,复杂家常顶级,1,农夫乐事,2.4,原料成本×2.2～3.0，铁/金币，可绑声望,food_t3_objs,79
3,T3·名菜高档,T3菜池,高档菜,末地风味刺身,kaleidoscope_cookery:end_style_sashimi,16.0,6.0,芥末 5分,3,8,1,0,工作台,end_style_sashimi.json,紫颂果(minecraft:chorus_fruit) + 紫颂果(minecraft:chorus_fruit) + 紫颂果(minecraft:chorus_fruit) + 刺身(kaleidoscope_cookery:sashimi) + 刺身(kaleidoscope_cookery:sashimi) + 刺身(kaleidoscope_cookery:sashimi) + 刺身(kaleidoscope_cookery:sashimi) + 碗(minecraft:bowl),29.7,含稀有原料且有饱食,1,万花筒烹饪,2.4,原料成本×2.2～3.0，铁/金币，可绑声望,food_t3_objs,313
3,T3·名菜高档,T3菜池,高档菜,驴肉火烧,kaleidoscope_cookery:donkey_burger,12.0,19.2,饱腹代偿 45秒,3,3,0,1,炒锅(灵活),flex_pot/donkey_burger.json,辣椒(#c:crops/chilipepper) + 面团(#c:dough) + 生切制小肉(kaleidoscope_cookery:raw_cut_small_meats),29.34,强增益+中高饱食+多原料,2,万花筒烹饪,2.4,原料成本×2.2～3.0，铁/金币，可绑声望,food_t3_objs,90
3,T3·名菜高档,T3菜池,高档菜,香烤鲑鱼,farmersdelight:grilled_salmon,14.0,21.0,营养 3分,5,5,0,0,工作台,grilled_salmon.json,熟鲑鱼(#c:foods/cooked_salmon) + 甜浆果(minecraft:sweet_berries) + 碗(minecraft:bowl) + 卷心菜(#c:crops/cabbage) + 洋葱(#c:crops/onion),29.2,复杂家常顶级,1,农夫乐事,2.4,原料成本×2.2～3.0，铁/金币，可绑声望,food_t3_objs,91
3,T3·名菜高档,T3菜池,高档菜,凛冬羊排,kaleidoscope_cookery:frost_lamb_chop,13.0,16.0,寒带疾行 1分20秒,2,2,1,0,炒锅(灵活),flex_pot/frost_lamb_chop.json,蓝冰(minecraft:blue_ice) + 生羊肉(#c:foods/raw_mutton),28.7,含稀有原料且有饱食,2,万花筒烹饪,2.4,原料成本×2.2～3.0，铁/金币，可绑声望,food_t3_objs,141
3,T3·名菜高档,T3菜池,高档菜,东坡肉,kaleidoscope_cookery:dongpo_pork,20.0,22.0,饱腹代偿 1分20秒,2,2,0,0,炒锅(灵活),flex_pot/dongpo_pork.json,生猪排(#c:foods/raw_pork) + 竹子(minecraft:bamboo),27.4,强增益+高饱食,2,万花筒烹饪,2.4,原料成本×2.2～3.0，铁/金币，可绑声望,food_t3_objs,57
3,T3·名菜高档,T3菜池,高档菜,辣子鸡,kaleidoscope_cookery:spicy_chicken,20.0,22.0,饱腹代偿 1分20秒,2,2,0,0,炒锅(灵活),flex_pot/spicy_chicken.json,生鸡肉(#c:foods/raw_chicken) + 辣椒(#c:crops/chilipepper),27.4,强增益+高饱食,2,万花筒烹饪,2.4,原料成本×2.2～3.0，铁/金币，可绑声望,food_t3_objs,47
3,T3·名菜高档,T3菜池,高档菜,烘焙鳕鱼炖,farmersdelight:baked_cod_stew,14.0,21.0,营养 5分,4,4,0,0,"厨锅(烹饪锅,置于炉灶上)",cooking/baked_cod_stew.json,生鳕鱼(#c:foods/raw_cod) + 马铃薯(#c:crops/potato) + 蛋(#c:eggs) + 番茄(#c:crops/tomato),26.2,复杂家常顶级,1,农夫乐事,2.4,原料成本×2.2～3.0，铁/金币，可绑声望,food_t3_objs,77
3,T3·名菜高档,T3菜池,高档菜,香煎骑士牛排,kaleidoscope_cookery:pan_seared_knight_steak,13.0,16.0,饱腹代偿 1分30秒,3,3,0,0,炒锅(灵活),flex_pot/pan_seared_knight_steak.json,甜浆果(minecraft:sweet_berries) + 生牛肉(#c:foods/raw_beef) + 骨头(minecraft:bone),25.7,强增益+中高饱食+多原料,2,万花筒烹饪,2.4,原料成本×2.2～3.0，铁/金币，可绑声望,food_t3_objs,63
3,T3·名菜高档,T3菜池,高档菜,绯红菌瓦罐汤,kaleidoscope_cookery:crimson_fungus_pot_soup,18.0,24.0,抗火 2分,1,1,0,0,汤锅(灵活),flex_stockpot/crimson_fungus_pot_soup.json,绯红菌(minecraft:crimson_fungus),23.8,强增益+高饱食,2,万花筒烹饪,2.4,原料成本×2.2～3.0，铁/金币，可绑声望,food_t3_objs,27
3,T3·名菜高档,T3菜池,高档菜,诡异菌瓦罐汤,kaleidoscope_cookery:warped_fungus_pot_soup,18.0,24.0,抗火 2分,1,1,0,0,汤锅(灵活),flex_stockpot/warped_fungus_pot_soup.json,诡异菌(minecraft:warped_fungus),23.8,强增益+高饱食,2,万花筒烹饪,2.4,原料成本×2.2～3.0，铁/金币，可绑声望,food_t3_objs,27
3,T3·名菜高档,T3菜池,高档菜,荷包紫颂烧,kaleidoscope_cookery:chorus_fried_egg,9.0,,胀气 35秒,2,2,1,0,炒锅(灵活),flex_pot/chorus_fried_egg.json,蛋(#c:eggs) + 紫颂果(minecraft:chorus_fruit),21.0,含稀有原料且有饱食,2,万花筒烹饪,2.4,原料成本×2.2～3.0，铁/金币，可绑声望,food_t3_objs,53
,排除(非悬赏食物),排除,非食用,钻石刀,farmersdelight:diamond_knife,,,,2,2,1,0,工作台,diamond_knife.json,钻石(minecraft:diamond) + 木棍(minecraft:stick),16.0,非食物/工具,1,农夫乐事,,不建议作食物悬赏,,
,排除(非悬赏食物),排除,非食用,燧石刀,farmersdelight:flint_knife,,,,2,2,0,0,工作台,flint_knife.json,燧石(minecraft:flint) + 木棍(minecraft:stick),3.0,非食物/工具,1,农夫乐事,,不建议作食物悬赏,,
,排除(非悬赏食物),排除,非食用,金刀,farmersdelight:golden_knife,,,,2,2,0,0,工作台,golden_knife.json,金锭(minecraft:gold_ingot) + 木棍(minecraft:stick),3.0,非食物/工具,1,农夫乐事,,不建议作食物悬赏,,
,排除(非悬赏食物),排除,非食用,铁刀,farmersdelight:iron_knife,,,,2,2,0,0,工作台,iron_knife.json,铁锭(#c:ingots/iron) + 木棍(minecraft:stick),3.0,非食物/工具,1,农夫乐事,,不建议作食物悬赏,,
,排除(非悬赏食物),排除,非食用,下界合金刀,farmersdelight:netherite_knife,,,,3,3,3,0,锻造台,netherite_knife_smithing.json,下界合金升级锻造模板(minecraft:netherite_upgrade_smithing_template) + 钻石刀(farmersdelight:diamond_knife) + 下界合金锭(minecraft:netherite_ingot),39.0,非食物/工具,1,农夫乐事,,不建议作食物悬赏,,
,排除(非悬赏食物),排除,非食用,金合欢木厨娘凳,kaleidoscope_cookery:cook_stool_acacia,,,,1,1,0,0,工作台,cook_stool_acacia.json,金合欢木板(minecraft:acacia_planks)×5,1.5,非食物/工具,1,万花筒烹饪,,不建议作食物悬赏,,
,排除(非悬赏食物),排除,非食用,竹厨娘凳,kaleidoscope_cookery:cook_stool_bamboo,,,,1,1,0,0,工作台,cook_stool_bamboo.json,竹块(minecraft:bamboo_block)×5,1.5,非食物/工具,1,万花筒烹饪,,不建议作食物悬赏,,
,排除(非悬赏食物),排除,非食用,白桦木厨娘凳,kaleidoscope_cookery:cook_stool_birch,,,,1,1,0,0,工作台,cook_stool_birch.json,白桦木板(minecraft:birch_planks)×5,1.5,非食物/工具,1,万花筒烹饪,,不建议作食物悬赏,,
,排除(非悬赏食物),排除,非食用,樱花木厨娘凳,kaleidoscope_cookery:cook_stool_cherry,,,,1,1,0,0,工作台,cook_stool_cherry.json,樱花木板(minecraft:cherry_planks)×5,1.5,非食物/工具,1,万花筒烹饪,,不建议作食物悬赏,,
,排除(非悬赏食物),排除,非食用,绯红木厨娘凳,kaleidoscope_cookery:cook_stool_crimson,,,,1,1,0,0,工作台,cook_stool_crimson.json,绯红木板(minecraft:crimson_planks)×5,1.5,非食物/工具,1,万花筒烹饪,,不建议作食物悬赏,,
,排除(非悬赏食物),排除,非食用,深色橡木厨娘凳,kaleidoscope_cookery:cook_stool_dark_oak,,,,1,1,0,0,工作台,cook_stool_dark_oak.json,深色橡木木板(minecraft:dark_oak_planks)×5,1.5,非食物/工具,1,万花筒烹饪,,不建议作食物悬赏,,
,排除(非悬赏食物),排除,非食用,丛林木厨娘凳,kaleidoscope_cookery:cook_stool_jungle,,,,1,1,0,0,工作台,cook_stool_jungle.json,丛林木板(minecraft:jungle_planks)×5,1.5,非食物/工具,1,万花筒烹饪,,不建议作食物悬赏,,
,排除(非悬赏食物),排除,非食用,红树木厨娘凳,kaleidoscope_cookery:cook_stool_mangrove,,,,1,1,0,0,工作台,cook_stool_mangrove.json,红树木板(minecraft:mangrove_planks)×5,1.5,非食物/工具,1,万花筒烹饪,,不建议作食物悬赏,,
,排除(非悬赏食物),排除,非食用,橡木厨娘凳,kaleidoscope_cookery:cook_stool_oak,,,,1,1,0,0,工作台,cook_stool_oak.json,橡木木板(minecraft:oak_planks)×5,1.5,非食物/工具,1,万花筒烹饪,,不建议作食物悬赏,,
,排除(非悬赏食物),排除,非食用,云杉木厨娘凳,kaleidoscope_cookery:cook_stool_spruce,,,,1,1,0,0,工作台,cook_stool_spruce.json,云杉木板(minecraft:spruce_planks)×5,1.5,非食物/工具,1,万花筒烹饪,,不建议作食物悬赏,,
,排除(非悬赏食物),排除,非食用,诡异木厨娘凳,kaleidoscope_cookery:cook_stool_warped,,,,1,1,0,0,工作台,cook_stool_warped.json,诡异木板(minecraft:warped_planks)×5,1.5,非食物/工具,1,万花筒烹饪,,不建议作食物悬赏,,
,排除(非悬赏食物),排除,非食用,钻石菜刀,kaleidoscope_cookery:diamond_kitchen_knife,,,,2,2,1,0,工作台,diamond_kitchen_knife.json,钻石(#c:gems/diamond)×3 + 木棍(minecraft:stick),16.0,非食物/工具,1,万花筒烹饪,,不建议作食物悬赏,,
,排除(非悬赏食物),排除,非食用,金菜刀,kaleidoscope_cookery:gold_kitchen_knife,,,,2,2,0,0,工作台,gold_kitchen_knife.json,金锭(#c:ingots/gold)×3 + 木棍(minecraft:stick),3.0,非食物/工具,1,万花筒烹饪,,不建议作食物悬赏,,
,排除(非悬赏食物),排除,非食用,铁菜刀,kaleidoscope_cookery:iron_kitchen_knife,,,,2,2,0,0,工作台,iron_kitchen_knife.json,铁锭(#c:ingots/iron)×3 + 木棍(minecraft:stick),3.0,非食物/工具,1,万花筒烹饪,,不建议作食物悬赏,,
,排除(非悬赏食物),排除,非食用,锅铲,kaleidoscope_cookery:kitchen_shovel,,,,3,3,0,0,工作台,kitchen_shovel.json,铁锭(#c:ingots/iron) + 铁粒(#c:nuggets/iron) + 木棍(minecraft:stick),4.5,非食物/工具,1,万花筒烹饪,,不建议作食物悬赏,,
2,T2·家常中档,T2菜池,包子链重算 unitWorth=25,烤包子,kaleidoscope_cookery:samsa,,,,,,,,,,,,,,,,,food_t2_objs,25
